2025-09-11 20:18:33.105  INFO 8202 --- [main] ingBootSecurityThymeleafApplicationTests : Starting RegistrationLoginSpringBootSecurityThymeleafApplicationTests on Jatins-MacBook-Air.local with PID 8202 (started by jatinyadav in /Users/jatinyadav/Desktop/Booking-system)
2025-09-11 20:18:33.108  INFO 8202 --- [main] ingBootSecurityThymeleafApplicationTests : No active profile set, falling back to default profiles: default
2025-09-11 20:18:33.398  INFO 8202 --- [main] .s.d.r.c.RepositoryConfigurationDelegate : Bootstrapping Spring Data JPA repositories in DEFERRED mode.
2025-09-11 20:18:33.423  INFO 8202 --- [main] .s.d.r.c.RepositoryConfigurationDelegate : Finished Spring Data repository scanning in 22ms. Found 5 JPA repository interfaces.
2025-09-11 20:18:33.591  WARN 8202 --- [main] o.s.w.c.s.GenericWebApplicationContext   : Exception encountered during context initialization - cancelling refresh attempt: org.springframework.beans.factory.UnsatisfiedDependencyException: Error creating bean with name 'org.springframework.boot.autoconfigure.orm.jpa.HibernateJpaConfiguration': Unsatisfied dependency expressed through constructor parameter 0; nested exception is org.springframework.beans.factory.BeanCreationException: Error creating bean with name 'dataSource' defined in class path resource [org/springframework/boot/autoconfigure/jdbc/DataSourceConfiguration$Hikari.class]: Bean instantiation via factory method failed; nested exception is org.springframework.beans.BeanInstantiationException: Failed to instantiate [com.zaxxer.hikari.HikariDataSource]: Factory method 'dataSource' threw exception; nested exception is java.lang.IllegalArgumentException: URL must start with 'jdbc'
2025-09-11 20:18:33.595  INFO 8202 --- [main] ConditionEvaluationReportLoggingListener : 

Error starting ApplicationContext. To display the conditions report re-run your application with 'debug' enabled.
2025-09-11 20:18:33.597 ERROR 8202 --- [main] o.s.boot.SpringApplication               : Application run failed

org.springframework.beans.factory.UnsatisfiedDependencyException: Error creating bean with name 'org.springframework.boot.autoconfigure.orm.jpa.HibernateJpaConfiguration': Unsatisfied dependency expressed through constructor parameter 0; nested exception is org.springframework.beans.factory.BeanCreationException: Error creating bean with name 'dataSource' defined in class path resource [org/springframework/boot/autoconfigure/jdbc/DataSourceConfiguration$Hikari.class]: Bean instantiation via factory method failed; nested exception is org.springframework.beans.BeanInstantiationException: Failed to instantiate [com.zaxxer.hikari.HikariDataSource]: Factory method 'dataSource' threw exception; nested exception is java.lang.IllegalArgumentException: URL must start with 'jdbc'
	at org.springframework.beans.factory.support.ConstructorResolver.createArgumentArray(ConstructorResolver.java:798) ~[spring-beans-5.2.6.RELEASE.jar:5.2.6.RELEASE]
	at org.springframework.beans.factory.support.ConstructorResolver.autowireConstructor(ConstructorResolver.java:228) ~[spring-beans-5.2.6.RELEASE.jar:5.2.6.RELEASE]
	at org.springframework.beans.factory.support.AbstractAutowireCapableBeanFactory.autowireConstructor(AbstractAutowireCapableBeanFactory.java:1358) ~[spring-beans-5.2.6.RELEASE.jar:5.2.6.RELEASE]
	at org.springframework.beans.factory.support.AbstractAutowireCapableBeanFactory.createBeanInstance(AbstractAutowireCapableBeanFactory.java:1204) ~[spring-beans-5.2.6.RELEASE.jar:5.2.6.RELEASE]
	at org.springframework.beans.factory.support.AbstractAutowireCapableBeanFactory.doCreateBean(AbstractAutowireCapableBeanFactory.java:557) ~[spring-beans-5.2.6.RELEASE.jar:5.2.6.RELEASE]
	at org.springframework.beans.factory.support.AbstractAutowireCapableBeanFactory.createBean(AbstractAutowireCapableBeanFactory.java:517) ~[spring-beans-5.2.6.RELEASE.jar:5.2.6.RELEASE]
	at org.springframework.beans.factory.support.AbstractBeanFactory.lambda$doGetBean$0(AbstractBeanFactory.java:323) ~[spring-beans-5.2.6.RELEASE.jar:5.2.6.RELEASE]
	at org.springframework.beans.factory.support.DefaultSingletonBeanRegistry.getSingleton(DefaultSingletonBeanRegistry.java:226) ~[spring-beans-5.2.6.RELEASE.jar:5.2.6.RELEASE]
	at org.springframework.beans.factory.support.AbstractBeanFactory.doGetBean(AbstractBeanFactory.java:321) ~[spring-beans-5.2.6.RELEASE.jar:5.2.6.RELEASE]
	at org.springframework.beans.factory.support.AbstractBeanFactory.getBean(AbstractBeanFactory.java:202) ~[spring-beans-5.2.6.RELEASE.jar:5.2.6.RELEASE]
	at org.springframework.beans.factory.support.ConstructorResolver.instantiateUsingFactoryMethod(ConstructorResolver.java:409) ~[spring-beans-5.2.6.RELEASE.jar:5.2.6.RELEASE]
	at org.springframework.beans.factory.support.AbstractAutowireCapableBeanFactory.instantiateUsingFactoryMethod(AbstractAutowireCapableBeanFactory.java:1338) ~[spring-beans-5.2.6.RELEASE.jar:5.2.6.RELEASE]
	at org.springframework.beans.factory.support.AbstractAutowireCapableBeanFactory.createBeanInstance(AbstractAutowireCapableBeanFactory.java:1177) ~[spring-beans-5.2.6.RELEASE.jar:5.2.6.RELEASE]
	at org.springframework.beans.factory.support.AbstractAutowireCapableBeanFactory.doCreateBean(AbstractAutowireCapableBeanFactory.java:557) ~[spring-beans-5.2.6.RELEASE.jar:5.2.6.RELEASE]
	at org.springframework.beans.factory.support.AbstractAutowireCapableBeanFactory.createBean(AbstractAutowireCapableBeanFactory.java:517) ~[spring-beans-5.2.6.RELEASE.jar:5.2.6.RELEASE]
	at org.springframework.beans.factory.support.AbstractBeanFactory.lambda$doGetBean$0(AbstractBeanFactory.java:323) ~[spring-beans-5.2.6.RELEASE.jar:5.2.6.RELEASE]
	at org.springframework.beans.factory.support.DefaultSingletonBeanRegistry.getSingleton(DefaultSingletonBeanRegistry.java:226) ~[spring-beans-5.2.6.RELEASE.jar:5.2.6.RELEASE]
	at org.springframework.beans.factory.support.AbstractBeanFactory.doGetBean(AbstractBeanFactory.java:321) ~[spring-beans-5.2.6.RELEASE.jar:5.2.6.RELEASE]
	at org.springframework.beans.factory.support.AbstractBeanFactory.getBean(AbstractBeanFactory.java:202) ~[spring-beans-5.2.6.RELEASE.jar:5.2.6.RELEASE]
	at org.springframework.context.support.AbstractApplicationContext.getBean(AbstractApplicationContext.java:1108) ~[spring-context-5.2.6.RELEASE.jar:5.2.6.RELEASE]
	at org.springframework.context.support.AbstractApplicationContext.finishBeanFactoryInitialization(AbstractApplicationContext.java:868) ~[spring-context-5.2.6.RELEASE.jar:5.2.6.RELEASE]
	at org.springframework.context.support.AbstractApplicationContext.refresh(AbstractApplicationContext.java:550) ~[spring-context-5.2.6.RELEASE.jar:5.2.6.RELEASE]
	at org.springframework.boot.SpringApplication.refresh(SpringApplication.java:758) ~[spring-boot-2.3.0.RELEASE.jar:2.3.0.RELEASE]
	at org.springframework.boot.SpringApplication.refresh(SpringApplication.java:750) ~[spring-boot-2.3.0.RELEASE.jar:2.3.0.RELEASE]
	at org.springframework.boot.SpringApplication.refreshContext(SpringApplication.java:397) ~[spring-boot-2.3.0.RELEASE.jar:2.3.0.RELEASE]
	at org.springframework.boot.SpringApplication.run(SpringApplication.java:315) ~[spring-boot-2.3.0.RELEASE.jar:2.3.0.RELEASE]
	at org.springframework.boot.test.context.SpringBootContextLoader.loadContext(SpringBootContextLoader.java:120) ~[spring-boot-test-2.3.0.RELEASE.jar:2.3.0.RELEASE]
	at org.springframework.test.context.cache.DefaultCacheAwareContextLoaderDelegate.loadContextInternal(DefaultCacheAwareContextLoaderDelegate.java:99) ~[spring-test-5.2.6.RELEASE.jar:5.2.6.RELEASE]
	at org.springframework.test.context.cache.DefaultCacheAwareContextLoaderDelegate.loadContext(DefaultCacheAwareContextLoaderDelegate.java:124) ~[spring-test-5.2.6.RELEASE.jar:5.2.6.RELEASE]
	at org.springframework.test.context.support.DefaultTestContext.getApplicationContext(DefaultTestContext.java:123) ~[spring-test-5.2.6.RELEASE.jar:5.2.6.RELEASE]
	at org.springframework.test.context.web.ServletTestExecutionListener.setUpRequestContextIfNecessary(ServletTestExecutionListener.java:190) ~[spring-test-5.2.6.RELEASE.jar:5.2.6.RELEASE]
	at org.springframework.test.context.web.ServletTestExecutionListener.prepareTestInstance(ServletTestExecutionListener.java:132) ~[spring-test-5.2.6.RELEASE.jar:5.2.6.RELEASE]
	at org.springframework.test.context.TestContextManager.prepareTestInstance(TestContextManager.java:244) ~[spring-test-5.2.6.RELEASE.jar:5.2.6.RELEASE]
	at org.springframework.test.context.junit.jupiter.SpringExtension.postProcessTestInstance(SpringExtension.java:98) ~[spring-test-5.2.6.RELEASE.jar:5.2.6.RELEASE]
	at org.junit.jupiter.engine.descriptor.ClassBasedTestDescriptor.lambda$invokeTestInstancePostProcessors$5(ClassBasedTestDescriptor.java:341) ~[junit-jupiter-engine-5.6.2.jar:5.6.2]
	at org.junit.jupiter.engine.descriptor.ClassBasedTestDescriptor.executeAndMaskThrowable(ClassBasedTestDescriptor.java:346) ~[junit-jupiter-engine-5.6.2.jar:5.6.2]
	at org.junit.jupiter.engine.descriptor.ClassBasedTestDescriptor.lambda$invokeTestInstancePostProcessors$6(ClassBasedTestDescriptor.java:341) ~[junit-jupiter-engine-5.6.2.jar:5.6.2]
	at java.base/java.util.stream.ReferencePipeline$3$1.accept(ReferencePipeline.java:197) ~[na:na]
	at java.base/java.util.stream.ReferencePipeline$2$1.accept(ReferencePipeline.java:179) ~[na:na]
	at java.base/java.util.ArrayList$ArrayListSpliterator.forEachRemaining(ArrayList.java:1625) ~[na:na]
	at java.base/java.util.stream.AbstractPipeline.copyInto(AbstractPipeline.java:509) ~[na:na]
	at java.base/java.util.stream.AbstractPipeline.wrapAndCopyInto(AbstractPipeline.java:499) ~[na:na]
	at java.base/java.util.stream.StreamSpliterators$WrappingSpliterator.forEachRemaining(StreamSpliterators.java:310) ~[na:na]
	at java.base/java.util.stream.Streams$ConcatSpliterator.forEachRemaining(Streams.java:735) ~[na:na]
	at java.base/java.util.stream.Streams$ConcatSpliterator.forEachRemaining(Streams.java:734) ~[na:na]
	at java.base/java.util.stream.ReferencePipeline$Head.forEach(ReferencePipeline.java:762) ~[na:na]
	at org.junit.jupiter.engine.descriptor.ClassBasedTestDescriptor.invokeTestInstancePostProcessors(ClassBasedTestDescriptor.java:340) ~[junit-jupiter-engine-5.6.2.jar:5.6.2]
	at org.junit.jupiter.engine.descriptor.ClassBasedTestDescriptor.instantiateAndPostProcessTestInstance(ClassBasedTestDescriptor.java:263) ~[junit-jupiter-engine-5.6.2.jar:5.6.2]
	at org.junit.jupiter.engine.descriptor.ClassBasedTestDescriptor.lambda$testInstancesProvider$2(ClassBasedTestDescriptor.java:256) ~[junit-jupiter-engine-5.6.2.jar:5.6.2]
	at java.base/java.util.Optional.orElseGet(Optional.java:364) ~[na:na]
	at org.junit.jupiter.engine.descriptor.ClassBasedTestDescriptor.lambda$testInstancesProvider$3(ClassBasedTestDescriptor.java:255) ~[junit-jupiter-engine-5.6.2.jar:5.6.2]
	at org.junit.jupiter.engine.execution.TestInstancesProvider.getTestInstances(TestInstancesProvider.java:29) ~[junit-jupiter-engine-5.6.2.jar:5.6.2]
	at org.junit.jupiter.engine.descriptor.TestMethodTestDescriptor.lambda$prepare$0(TestMethodTestDescriptor.java:108) ~[junit-jupiter-engine-5.6.2.jar:5.6.2]
	at org.junit.platform.engine.support.hierarchical.ThrowableCollector.execute(ThrowableCollector.java:73) ~[junit-platform-engine-1.6.2.jar:1.6.2]
	at org.junit.jupiter.engine.descriptor.TestMethodTestDescriptor.prepare(TestMethodTestDescriptor.java:107) ~[junit-jupiter-engine-5.6.2.jar:5.6.2]
	at org.junit.jupiter.engine.descriptor.TestMethodTestDescriptor.prepare(TestMethodTestDescriptor.java:71) ~[junit-jupiter-engine-5.6.2.jar:5.6.2]
	at org.junit.platform.engine.support.hierarchical.NodeTestTask.lambda$prepare$1(NodeTestTask.java:107) ~[junit-platform-engine-1.6.2.jar:1.6.2]
	at org.junit.platform.engine.support.hierarchical.ThrowableCollector.execute(ThrowableCollector.java:73) ~[junit-platform-engine-1.6.2.jar:1.6.2]
	at org.junit.platform.engine.support.hierarchical.NodeTestTask.prepare(NodeTestTask.java:107) ~[junit-platform-engine-1.6.2.jar:1.6.2]
	at org.junit.platform.engine.support.hierarchical.NodeTestTask.execute(NodeTestTask.java:75) ~[junit-platform-engine-1.6.2.jar:1.6.2]
	at java.base/java.util.ArrayList.forEach(ArrayList.java:1511) ~[na:na]
	at org.junit.platform.engine.support.hierarchical.SameThreadHierarchicalTestExecutorService.invokeAll(SameThreadHierarchicalTestExecutorService.java:38) ~[junit-platform-engine-1.6.2.jar:1.6.2]
	at org.junit.platform.engine.support.hierarchical.NodeTestTask.lambda$executeRecursively$5(NodeTestTask.java:139) ~[junit-platform-engine-1.6.2.jar:1.6.2]
	at org.junit.platform.engine.support.hierarchical.ThrowableCollector.execute(ThrowableCollector.java:73) ~[junit-platform-engine-1.6.2.jar:1.6.2]
	at org.junit.platform.engine.support.hierarchical.NodeTestTask.lambda$executeRecursively$7(NodeTestTask.java:125) ~[junit-platform-engine-1.6.2.jar:1.6.2]
	at org.junit.platform.engine.support.hierarchical.Node.around(Node.java:135) ~[junit-platform-engine-1.6.2.jar:1.6.2]
	at org.junit.platform.engine.support.hierarchical.NodeTestTask.lambda$executeRecursively$8(NodeTestTask.java:123) ~[junit-platform-engine-1.6.2.jar:1.6.2]
	at org.junit.platform.engine.support.hierarchical.ThrowableCollector.execute(ThrowableCollector.java:73) ~[junit-platform-engine-1.6.2.jar:1.6.2]
	at org.junit.platform.engine.support.hierarchical.NodeTestTask.executeRecursively(NodeTestTask.java:122) ~[junit-platform-engine-1.6.2.jar:1.6.2]
	at org.junit.platform.engine.support.hierarchical.NodeTestTask.execute(NodeTestTask.java:80) ~[junit-platform-engine-1.6.2.jar:1.6.2]
	at java.base/java.util.ArrayList.forEach(ArrayList.java:1511) ~[na:na]
	at org.junit.platform.engine.support.hierarchical.SameThreadHierarchicalTestExecutorService.invokeAll(SameThreadHierarchicalTestExecutorService.java:38) ~[junit-platform-engine-1.6.2.jar:1.6.2]
	at org.junit.platform.engine.support.hierarchical.NodeTestTask.lambda$executeRecursively$5(NodeTestTask.java:139) ~[junit-platform-engine-1.6.2.jar:1.6.2]
	at org.junit.platform.engine.support.hierarchical.ThrowableCollector.execute(ThrowableCollector.java:73) ~[junit-platform-engine-1.6.2.jar:1.6.2]
	at org.junit.platform.engine.support.hierarchical.NodeTestTask.lambda$executeRecursively$7(NodeTestTask.java:125) ~[junit-platform-engine-1.6.2.jar:1.6.2]
	at org.junit.platform.engine.support.hierarchical.Node.around(Node.java:135) ~[junit-platform-engine-1.6.2.jar:1.6.2]
	at org.junit.platform.engine.support.hierarchical.NodeTestTask.lambda$executeRecursively$8(NodeTestTask.java:123) ~[junit-platform-engine-1.6.2.jar:1.6.2]
	at org.junit.platform.engine.support.hierarchical.ThrowableCollector.execute(ThrowableCollector.java:73) ~[junit-platform-engine-1.6.2.jar:1.6.2]
	at org.junit.platform.engine.support.hierarchical.NodeTestTask.executeRecursively(NodeTestTask.java:122) ~[junit-platform-engine-1.6.2.jar:1.6.2]
	at org.junit.platform.engine.support.hierarchical.NodeTestTask.execute(NodeTestTask.java:80) ~[junit-platform-engine-1.6.2.jar:1.6.2]
	at org.junit.platform.engine.support.hierarchical.SameThreadHierarchicalTestExecutorService.submit(SameThreadHierarchicalTestExecutorService.java:32) ~[junit-platform-engine-1.6.2.jar:1.6.2]
	at org.junit.platform.engine.support.hierarchical.HierarchicalTestExecutor.execute(HierarchicalTestExecutor.java:57) ~[junit-platform-engine-1.6.2.jar:1.6.2]
	at org.junit.platform.engine.support.hierarchical.HierarchicalTestEngine.execute(HierarchicalTestEngine.java:51) ~[junit-platform-engine-1.6.2.jar:1.6.2]
	at org.junit.platform.launcher.core.DefaultLauncher.execute(DefaultLauncher.java:248) ~[junit-platform-launcher-1.6.2.jar:1.6.2]
	at org.junit.platform.launcher.core.DefaultLauncher.lambda$execute$5(DefaultLauncher.java:211) ~[junit-platform-launcher-1.6.2.jar:1.6.2]
	at org.junit.platform.launcher.core.DefaultLauncher.withInterceptedStreams(DefaultLauncher.java:226) ~[junit-platform-launcher-1.6.2.jar:1.6.2]
	at org.junit.platform.launcher.core.DefaultLauncher.execute(DefaultLauncher.java:199) ~[junit-platform-launcher-1.6.2.jar:1.6.2]
	at org.junit.platform.launcher.core.DefaultLauncher.execute(DefaultLauncher.java:132) ~[junit-platform-launcher-1.6.2.jar:1.6.2]
	at com.intellij.junit5.JUnit5IdeaTestRunner.startRunnerWithArgs(JUnit5IdeaTestRunner.java:57) ~[junit5-rt.jar:na]
	at com.intellij.rt.junit.IdeaTestRunner$Repeater$1.execute(IdeaTestRunner.java:38) ~[junit-rt.jar:na]
	at com.intellij.rt.execution.junit.TestsRepeater.repeat(TestsRepeater.java:11) ~[idea_rt.jar:na]
	at com.intellij.rt.junit.IdeaTestRunner$Repeater.startRunnerWithArgs(IdeaTestRunner.java:35) ~[junit-rt.jar:na]
	at com.intellij.rt.junit.JUnitStarter.prepareStreamsAndStart(JUnitStarter.java:232) ~[junit-rt.jar:na]
	at com.intellij.rt.junit.JUnitStarter.main(JUnitStarter.java:55) ~[junit-rt.jar:na]
Caused by: org.springframework.beans.factory.BeanCreationException: Error creating bean with name 'dataSource' defined in class path resource [org/springframework/boot/autoconfigure/jdbc/DataSourceConfiguration$Hikari.class]: Bean instantiation via factory method failed; nested exception is org.springframework.beans.BeanInstantiationException: Failed to instantiate [com.zaxxer.hikari.HikariDataSource]: Factory method 'dataSource' threw exception; nested exception is java.lang.IllegalArgumentException: URL must start with 'jdbc'
	at org.springframework.beans.factory.support.ConstructorResolver.instantiate(ConstructorResolver.java:656) ~[spring-beans-5.2.6.RELEASE.jar:5.2.6.RELEASE]
	at org.springframework.beans.factory.support.ConstructorResolver.instantiateUsingFactoryMethod(ConstructorResolver.java:636) ~[spring-beans-5.2.6.RELEASE.jar:5.2.6.RELEASE]
	at org.springframework.beans.factory.support.AbstractAutowireCapableBeanFactory.instantiateUsingFactoryMethod(AbstractAutowireCapableBeanFactory.java:1338) ~[spring-beans-5.2.6.RELEASE.jar:5.2.6.RELEASE]
	at org.springframework.beans.factory.support.AbstractAutowireCapableBeanFactory.createBeanInstance(AbstractAutowireCapableBeanFactory.java:1177) ~[spring-beans-5.2.6.RELEASE.jar:5.2.6.RELEASE]
	at org.springframework.beans.factory.support.AbstractAutowireCapableBeanFactory.doCreateBean(AbstractAutowireCapableBeanFactory.java:557) ~[spring-beans-5.2.6.RELEASE.jar:5.2.6.RELEASE]
	at org.springframework.beans.factory.support.AbstractAutowireCapableBeanFactory.createBean(AbstractAutowireCapableBeanFactory.java:517) ~[spring-beans-5.2.6.RELEASE.jar:5.2.6.RELEASE]
	at org.springframework.beans.factory.support.AbstractBeanFactory.lambda$doGetBean$0(AbstractBeanFactory.java:323) ~[spring-beans-5.2.6.RELEASE.jar:5.2.6.RELEASE]
	at org.springframework.beans.factory.support.DefaultSingletonBeanRegistry.getSingleton(DefaultSingletonBeanRegistry.java:226) ~[spring-beans-5.2.6.RELEASE.jar:5.2.6.RELEASE]
	at org.springframework.beans.factory.support.AbstractBeanFactory.doGetBean(AbstractBeanFactory.java:321) ~[spring-beans-5.2.6.RELEASE.jar:5.2.6.RELEASE]
	at org.springframework.beans.factory.support.AbstractBeanFactory.getBean(AbstractBeanFactory.java:202) ~[spring-beans-5.2.6.RELEASE.jar:5.2.6.RELEASE]
	at org.springframework.beans.factory.config.DependencyDescriptor.resolveCandidate(DependencyDescriptor.java:276) ~[spring-beans-5.2.6.RELEASE.jar:5.2.6.RELEASE]
	at org.springframework.beans.factory.support.DefaultListableBeanFactory.doResolveDependency(DefaultListableBeanFactory.java:1306) ~[spring-beans-5.2.6.RELEASE.jar:5.2.6.RELEASE]
	at org.springframework.beans.factory.support.DefaultListableBeanFactory.resolveDependency(DefaultListableBeanFactory.java:1226) ~[spring-beans-5.2.6.RELEASE.jar:5.2.6.RELEASE]
	at org.springframework.beans.factory.support.ConstructorResolver.resolveAutowiredArgument(ConstructorResolver.java:885) ~[spring-beans-5.2.6.RELEASE.jar:5.2.6.RELEASE]
	at org.springframework.beans.factory.support.ConstructorResolver.createArgumentArray(ConstructorResolver.java:789) ~[spring-beans-5.2.6.RELEASE.jar:5.2.6.RELEASE]
	... 93 common frames omitted
Caused by: org.springframework.beans.BeanInstantiationException: Failed to instantiate [com.zaxxer.hikari.HikariDataSource]: Factory method 'dataSource' threw exception; nested exception is java.lang.IllegalArgumentException: URL must start with 'jdbc'
	at org.springframework.beans.factory.support.SimpleInstantiationStrategy.instantiate(SimpleInstantiationStrategy.java:185) ~[spring-beans-5.2.6.RELEASE.jar:5.2.6.RELEASE]
	at org.springframework.beans.factory.support.ConstructorResolver.instantiate(ConstructorResolver.java:651) ~[spring-beans-5.2.6.RELEASE.jar:5.2.6.RELEASE]
	... 107 common frames omitted
Caused by: java.lang.IllegalArgumentException: URL must start with 'jdbc'
	at org.springframework.util.Assert.isTrue(Assert.java:118) ~[spring-core-5.2.6.RELEASE.jar:5.2.6.RELEASE]
	at org.springframework.boot.jdbc.DatabaseDriver.fromJdbcUrl(DatabaseDriver.java:283) ~[spring-boot-2.3.0.RELEASE.jar:2.3.0.RELEASE]
	at org.springframework.boot.autoconfigure.jdbc.DataSourceProperties.determineDriverClassName(DataSourceProperties.java:228) ~[spring-boot-autoconfigure-2.3.0.RELEASE.jar:2.3.0.RELEASE]
	at org.springframework.boot.autoconfigure.jdbc.DataSourceProperties.initializeDataSourceBuilder(DataSourceProperties.java:175) ~[spring-boot-autoconfigure-2.3.0.RELEASE.jar:2.3.0.RELEASE]
	at org.springframework.boot.autoconfigure.jdbc.DataSourceConfiguration.createDataSource(DataSourceConfiguration.java:43) ~[spring-boot-autoconfigure-2.3.0.RELEASE.jar:2.3.0.RELEASE]
	at org.springframework.boot.autoconfigure.jdbc.DataSourceConfiguration$Hikari.dataSource(DataSourceConfiguration.java:85) ~[spring-boot-autoconfigure-2.3.0.RELEASE.jar:2.3.0.RELEASE]
	at java.base/jdk.internal.reflect.NativeMethodAccessorImpl.invoke0(Native Method) ~[na:na]
	at java.base/jdk.internal.reflect.NativeMethodAccessorImpl.invoke(NativeMethodAccessorImpl.java:77) ~[na:na]
	at java.base/jdk.internal.reflect.DelegatingMethodAccessorImpl.invoke(DelegatingMethodAccessorImpl.java:43) ~[na:na]
	at java.base/java.lang.reflect.Method.invoke(Method.java:569) ~[na:na]
	at org.springframework.beans.factory.support.SimpleInstantiationStrategy.instantiate(SimpleInstantiationStrategy.java:154) ~[spring-beans-5.2.6.RELEASE.jar:5.2.6.RELEASE]
	... 108 common frames omitted

2025-09-11 20:18:33.598 ERROR 8202 --- [main] o.s.test.context.TestContextManager      : Caught exception while allowing TestExecutionListener [org.springframework.test.context.web.ServletTestExecutionListener@6986852] to prepare test instance [net.javaguides.springboot.RegistrationLoginSpringBootSecurityThymeleafApplicationTests@3c79088e]

java.lang.IllegalStateException: Failed to load ApplicationContext
	at org.springframework.test.context.cache.DefaultCacheAwareContextLoaderDelegate.loadContext(DefaultCacheAwareContextLoaderDelegate.java:132) ~[spring-test-5.2.6.RELEASE.jar:5.2.6.RELEASE]
	at org.springframework.test.context.support.DefaultTestContext.getApplicationContext(DefaultTestContext.java:123) ~[spring-test-5.2.6.RELEASE.jar:5.2.6.RELEASE]
	at org.springframework.test.context.web.ServletTestExecutionListener.setUpRequestContextIfNecessary(ServletTestExecutionListener.java:190) ~[spring-test-5.2.6.RELEASE.jar:5.2.6.RELEASE]
	at org.springframework.test.context.web.ServletTestExecutionListener.prepareTestInstance(ServletTestExecutionListener.java:132) ~[spring-test-5.2.6.RELEASE.jar:5.2.6.RELEASE]
	at org.springframework.test.context.TestContextManager.prepareTestInstance(TestContextManager.java:244) ~[spring-test-5.2.6.RELEASE.jar:5.2.6.RELEASE]
	at org.springframework.test.context.junit.jupiter.SpringExtension.postProcessTestInstance(SpringExtension.java:98) ~[spring-test-5.2.6.RELEASE.jar:5.2.6.RELEASE]
	at org.junit.jupiter.engine.descriptor.ClassBasedTestDescriptor.lambda$invokeTestInstancePostProcessors$5(ClassBasedTestDescriptor.java:341) ~[junit-jupiter-engine-5.6.2.jar:5.6.2]
	at org.junit.jupiter.engine.descriptor.ClassBasedTestDescriptor.executeAndMaskThrowable(ClassBasedTestDescriptor.java:346) ~[junit-jupiter-engine-5.6.2.jar:5.6.2]
	at org.junit.jupiter.engine.descriptor.ClassBasedTestDescriptor.lambda$invokeTestInstancePostProcessors$6(ClassBasedTestDescriptor.java:341) ~[junit-jupiter-engine-5.6.2.jar:5.6.2]
	at java.base/java.util.stream.ReferencePipeline$3$1.accept(ReferencePipeline.java:197) ~[na:na]
	at java.base/java.util.stream.ReferencePipeline$2$1.accept(ReferencePipeline.java:179) ~[na:na]
	at java.base/java.util.ArrayList$ArrayListSpliterator.forEachRemaining(ArrayList.java:1625) ~[na:na]
	at java.base/java.util.stream.AbstractPipeline.copyInto(AbstractPipeline.java:509) ~[na:na]
	at java.base/java.util.stream.AbstractPipeline.wrapAndCopyInto(AbstractPipeline.java:499) ~[na:na]
	at java.base/java.util.stream.StreamSpliterators$WrappingSpliterator.forEachRemaining(StreamSpliterators.java:310) ~[na:na]
	at java.base/java.util.stream.Streams$ConcatSpliterator.forEachRemaining(Streams.java:735) ~[na:na]
	at java.base/java.util.stream.Streams$ConcatSpliterator.forEachRemaining(Streams.java:734) ~[na:na]
	at java.base/java.util.stream.ReferencePipeline$Head.forEach(ReferencePipeline.java:762) ~[na:na]
	at org.junit.jupiter.engine.descriptor.ClassBasedTestDescriptor.invokeTestInstancePostProcessors(ClassBasedTestDescriptor.java:340) ~[junit-jupiter-engine-5.6.2.jar:5.6.2]
	at org.junit.jupiter.engine.descriptor.ClassBasedTestDescriptor.instantiateAndPostProcessTestInstance(ClassBasedTestDescriptor.java:263) ~[junit-jupiter-engine-5.6.2.jar:5.6.2]
	at org.junit.jupiter.engine.descriptor.ClassBasedTestDescriptor.lambda$testInstancesProvider$2(ClassBasedTestDescriptor.java:256) ~[junit-jupiter-engine-5.6.2.jar:5.6.2]
	at java.base/java.util.Optional.orElseGet(Optional.java:364) ~[na:na]
	at org.junit.jupiter.engine.descriptor.ClassBasedTestDescriptor.lambda$testInstancesProvider$3(ClassBasedTestDescriptor.java:255) ~[junit-jupiter-engine-5.6.2.jar:5.6.2]
	at org.junit.jupiter.engine.execution.TestInstancesProvider.getTestInstances(TestInstancesProvider.java:29) ~[junit-jupiter-engine-5.6.2.jar:5.6.2]
	at org.junit.jupiter.engine.descriptor.TestMethodTestDescriptor.lambda$prepare$0(TestMethodTestDescriptor.java:108) ~[junit-jupiter-engine-5.6.2.jar:5.6.2]
	at org.junit.platform.engine.support.hierarchical.ThrowableCollector.execute(ThrowableCollector.java:73) ~[junit-platform-engine-1.6.2.jar:1.6.2]
	at org.junit.jupiter.engine.descriptor.TestMethodTestDescriptor.prepare(TestMethodTestDescriptor.java:107) ~[junit-jupiter-engine-5.6.2.jar:5.6.2]
	at org.junit.jupiter.engine.descriptor.TestMethodTestDescriptor.prepare(TestMethodTestDescriptor.java:71) ~[junit-jupiter-engine-5.6.2.jar:5.6.2]
	at org.junit.platform.engine.support.hierarchical.NodeTestTask.lambda$prepare$1(NodeTestTask.java:107) ~[junit-platform-engine-1.6.2.jar:1.6.2]
	at org.junit.platform.engine.support.hierarchical.ThrowableCollector.execute(ThrowableCollector.java:73) ~[junit-platform-engine-1.6.2.jar:1.6.2]
	at org.junit.platform.engine.support.hierarchical.NodeTestTask.prepare(NodeTestTask.java:107) ~[junit-platform-engine-1.6.2.jar:1.6.2]
	at org.junit.platform.engine.support.hierarchical.NodeTestTask.execute(NodeTestTask.java:75) ~[junit-platform-engine-1.6.2.jar:1.6.2]
	at java.base/java.util.ArrayList.forEach(ArrayList.java:1511) ~[na:na]
	at org.junit.platform.engine.support.hierarchical.SameThreadHierarchicalTestExecutorService.invokeAll(SameThreadHierarchicalTestExecutorService.java:38) ~[junit-platform-engine-1.6.2.jar:1.6.2]
	at org.junit.platform.engine.support.hierarchical.NodeTestTask.lambda$executeRecursively$5(NodeTestTask.java:139) ~[junit-platform-engine-1.6.2.jar:1.6.2]
	at org.junit.platform.engine.support.hierarchical.ThrowableCollector.execute(ThrowableCollector.java:73) ~[junit-platform-engine-1.6.2.jar:1.6.2]
	at org.junit.platform.engine.support.hierarchical.NodeTestTask.lambda$executeRecursively$7(NodeTestTask.java:125) ~[junit-platform-engine-1.6.2.jar:1.6.2]
	at org.junit.platform.engine.support.hierarchical.Node.around(Node.java:135) ~[junit-platform-engine-1.6.2.jar:1.6.2]
	at org.junit.platform.engine.support.hierarchical.NodeTestTask.lambda$executeRecursively$8(NodeTestTask.java:123) ~[junit-platform-engine-1.6.2.jar:1.6.2]
	at org.junit.platform.engine.support.hierarchical.ThrowableCollector.execute(ThrowableCollector.java:73) ~[junit-platform-engine-1.6.2.jar:1.6.2]
	at org.junit.platform.engine.support.hierarchical.NodeTestTask.executeRecursively(NodeTestTask.java:122) ~[junit-platform-engine-1.6.2.jar:1.6.2]
	at org.junit.platform.engine.support.hierarchical.NodeTestTask.execute(NodeTestTask.java:80) ~[junit-platform-engine-1.6.2.jar:1.6.2]
	at java.base/java.util.ArrayList.forEach(ArrayList.java:1511) ~[na:na]
	at org.junit.platform.engine.support.hierarchical.SameThreadHierarchicalTestExecutorService.invokeAll(SameThreadHierarchicalTestExecutorService.java:38) ~[junit-platform-engine-1.6.2.jar:1.6.2]
	at org.junit.platform.engine.support.hierarchical.NodeTestTask.lambda$executeRecursively$5(NodeTestTask.java:139) ~[junit-platform-engine-1.6.2.jar:1.6.2]
	at org.junit.platform.engine.support.hierarchical.ThrowableCollector.execute(ThrowableCollector.java:73) ~[junit-platform-engine-1.6.2.jar:1.6.2]
	at org.junit.platform.engine.support.hierarchical.NodeTestTask.lambda$executeRecursively$7(NodeTestTask.java:125) ~[junit-platform-engine-1.6.2.jar:1.6.2]
	at org.junit.platform.engine.support.hierarchical.Node.around(Node.java:135) ~[junit-platform-engine-1.6.2.jar:1.6.2]
	at org.junit.platform.engine.support.hierarchical.NodeTestTask.lambda$executeRecursively$8(NodeTestTask.java:123) ~[junit-platform-engine-1.6.2.jar:1.6.2]
	at org.junit.platform.engine.support.hierarchical.ThrowableCollector.execute(ThrowableCollector.java:73) ~[junit-platform-engine-1.6.2.jar:1.6.2]
	at org.junit.platform.engine.support.hierarchical.NodeTestTask.executeRecursively(NodeTestTask.java:122) ~[junit-platform-engine-1.6.2.jar:1.6.2]
	at org.junit.platform.engine.support.hierarchical.NodeTestTask.execute(NodeTestTask.java:80) ~[junit-platform-engine-1.6.2.jar:1.6.2]
	at org.junit.platform.engine.support.hierarchical.SameThreadHierarchicalTestExecutorService.submit(SameThreadHierarchicalTestExecutorService.java:32) ~[junit-platform-engine-1.6.2.jar:1.6.2]
	at org.junit.platform.engine.support.hierarchical.HierarchicalTestExecutor.execute(HierarchicalTestExecutor.java:57) ~[junit-platform-engine-1.6.2.jar:1.6.2]
	at org.junit.platform.engine.support.hierarchical.HierarchicalTestEngine.execute(HierarchicalTestEngine.java:51) ~[junit-platform-engine-1.6.2.jar:1.6.2]
	at org.junit.platform.launcher.core.DefaultLauncher.execute(DefaultLauncher.java:248) ~[junit-platform-launcher-1.6.2.jar:1.6.2]
	at org.junit.platform.launcher.core.DefaultLauncher.lambda$execute$5(DefaultLauncher.java:211) ~[junit-platform-launcher-1.6.2.jar:1.6.2]
	at org.junit.platform.launcher.core.DefaultLauncher.withInterceptedStreams(DefaultLauncher.java:226) ~[junit-platform-launcher-1.6.2.jar:1.6.2]
	at org.junit.platform.launcher.core.DefaultLauncher.execute(DefaultLauncher.java:199) ~[junit-platform-launcher-1.6.2.jar:1.6.2]
	at org.junit.platform.launcher.core.DefaultLauncher.execute(DefaultLauncher.java:132) ~[junit-platform-launcher-1.6.2.jar:1.6.2]
	at com.intellij.junit5.JUnit5IdeaTestRunner.startRunnerWithArgs(JUnit5IdeaTestRunner.java:57) ~[junit5-rt.jar:na]
	at com.intellij.rt.junit.IdeaTestRunner$Repeater$1.execute(IdeaTestRunner.java:38) ~[junit-rt.jar:na]
	at com.intellij.rt.execution.junit.TestsRepeater.repeat(TestsRepeater.java:11) ~[idea_rt.jar:na]
	at com.intellij.rt.junit.IdeaTestRunner$Repeater.startRunnerWithArgs(IdeaTestRunner.java:35) ~[junit-rt.jar:na]
	at com.intellij.rt.junit.JUnitStarter.prepareStreamsAndStart(JUnitStarter.java:232) ~[junit-rt.jar:na]
	at com.intellij.rt.junit.JUnitStarter.main(JUnitStarter.java:55) ~[junit-rt.jar:na]
Caused by: org.springframework.beans.factory.UnsatisfiedDependencyException: Error creating bean with name 'org.springframework.boot.autoconfigure.orm.jpa.HibernateJpaConfiguration': Unsatisfied dependency expressed through constructor parameter 0; nested exception is org.springframework.beans.factory.BeanCreationException: Error creating bean with name 'dataSource' defined in class path resource [org/springframework/boot/autoconfigure/jdbc/DataSourceConfiguration$Hikari.class]: Bean instantiation via factory method failed; nested exception is org.springframework.beans.BeanInstantiationException: Failed to instantiate [com.zaxxer.hikari.HikariDataSource]: Factory method 'dataSource' threw exception; nested exception is java.lang.IllegalArgumentException: URL must start with 'jdbc'
	at org.springframework.beans.factory.support.ConstructorResolver.createArgumentArray(ConstructorResolver.java:798) ~[spring-beans-5.2.6.RELEASE.jar:5.2.6.RELEASE]
	at org.springframework.beans.factory.support.ConstructorResolver.autowireConstructor(ConstructorResolver.java:228) ~[spring-beans-5.2.6.RELEASE.jar:5.2.6.RELEASE]
	at org.springframework.beans.factory.support.AbstractAutowireCapableBeanFactory.autowireConstructor(AbstractAutowireCapableBeanFactory.java:1358) ~[spring-beans-5.2.6.RELEASE.jar:5.2.6.RELEASE]
	at org.springframework.beans.factory.support.AbstractAutowireCapableBeanFactory.createBeanInstance(AbstractAutowireCapableBeanFactory.java:1204) ~[spring-beans-5.2.6.RELEASE.jar:5.2.6.RELEASE]
	at org.springframework.beans.factory.support.AbstractAutowireCapableBeanFactory.doCreateBean(AbstractAutowireCapableBeanFactory.java:557) ~[spring-beans-5.2.6.RELEASE.jar:5.2.6.RELEASE]
	at org.springframework.beans.factory.support.AbstractAutowireCapableBeanFactory.createBean(AbstractAutowireCapableBeanFactory.java:517) ~[spring-beans-5.2.6.RELEASE.jar:5.2.6.RELEASE]
	at org.springframework.beans.factory.support.AbstractBeanFactory.lambda$doGetBean$0(AbstractBeanFactory.java:323) ~[spring-beans-5.2.6.RELEASE.jar:5.2.6.RELEASE]
	at org.springframework.beans.factory.support.DefaultSingletonBeanRegistry.getSingleton(DefaultSingletonBeanRegistry.java:226) ~[spring-beans-5.2.6.RELEASE.jar:5.2.6.RELEASE]
	at org.springframework.beans.factory.support.AbstractBeanFactory.doGetBean(AbstractBeanFactory.java:321) ~[spring-beans-5.2.6.RELEASE.jar:5.2.6.RELEASE]
	at org.springframework.beans.factory.support.AbstractBeanFactory.getBean(AbstractBeanFactory.java:202) ~[spring-beans-5.2.6.RELEASE.jar:5.2.6.RELEASE]
	at org.springframework.beans.factory.support.ConstructorResolver.instantiateUsingFactoryMethod(ConstructorResolver.java:409) ~[spring-beans-5.2.6.RELEASE.jar:5.2.6.RELEASE]
	at org.springframework.beans.factory.support.AbstractAutowireCapableBeanFactory.instantiateUsingFactoryMethod(AbstractAutowireCapableBeanFactory.java:1338) ~[spring-beans-5.2.6.RELEASE.jar:5.2.6.RELEASE]
	at org.springframework.beans.factory.support.AbstractAutowireCapableBeanFactory.createBeanInstance(AbstractAutowireCapableBeanFactory.java:1177) ~[spring-beans-5.2.6.RELEASE.jar:5.2.6.RELEASE]
	at org.springframework.beans.factory.support.AbstractAutowireCapableBeanFactory.doCreateBean(AbstractAutowireCapableBeanFactory.java:557) ~[spring-beans-5.2.6.RELEASE.jar:5.2.6.RELEASE]
	at org.springframework.beans.factory.support.AbstractAutowireCapableBeanFactory.createBean(AbstractAutowireCapableBeanFactory.java:517) ~[spring-beans-5.2.6.RELEASE.jar:5.2.6.RELEASE]
	at org.springframework.beans.factory.support.AbstractBeanFactory.lambda$doGetBean$0(AbstractBeanFactory.java:323) ~[spring-beans-5.2.6.RELEASE.jar:5.2.6.RELEASE]
	at org.springframework.beans.factory.support.DefaultSingletonBeanRegistry.getSingleton(DefaultSingletonBeanRegistry.java:226) ~[spring-beans-5.2.6.RELEASE.jar:5.2.6.RELEASE]
	at org.springframework.beans.factory.support.AbstractBeanFactory.doGetBean(AbstractBeanFactory.java:321) ~[spring-beans-5.2.6.RELEASE.jar:5.2.6.RELEASE]
	at org.springframework.beans.factory.support.AbstractBeanFactory.getBean(AbstractBeanFactory.java:202) ~[spring-beans-5.2.6.RELEASE.jar:5.2.6.RELEASE]
	at org.springframework.context.support.AbstractApplicationContext.getBean(AbstractApplicationContext.java:1108) ~[spring-context-5.2.6.RELEASE.jar:5.2.6.RELEASE]
	at org.springframework.context.support.AbstractApplicationContext.finishBeanFactoryInitialization(AbstractApplicationContext.java:868) ~[spring-context-5.2.6.RELEASE.jar:5.2.6.RELEASE]
	at org.springframework.context.support.AbstractApplicationContext.refresh(AbstractApplicationContext.java:550) ~[spring-context-5.2.6.RELEASE.jar:5.2.6.RELEASE]
	at org.springframework.boot.SpringApplication.refresh(SpringApplication.java:758) ~[spring-boot-2.3.0.RELEASE.jar:2.3.0.RELEASE]
	at org.springframework.boot.SpringApplication.refresh(SpringApplication.java:750) ~[spring-boot-2.3.0.RELEASE.jar:2.3.0.RELEASE]
	at org.springframework.boot.SpringApplication.refreshContext(SpringApplication.java:397) ~[spring-boot-2.3.0.RELEASE.jar:2.3.0.RELEASE]
	at org.springframework.boot.SpringApplication.run(SpringApplication.java:315) ~[spring-boot-2.3.0.RELEASE.jar:2.3.0.RELEASE]
	at org.springframework.boot.test.context.SpringBootContextLoader.loadContext(SpringBootContextLoader.java:120) ~[spring-boot-test-2.3.0.RELEASE.jar:2.3.0.RELEASE]
	at org.springframework.test.context.cache.DefaultCacheAwareContextLoaderDelegate.loadContextInternal(DefaultCacheAwareContextLoaderDelegate.java:99) ~[spring-test-5.2.6.RELEASE.jar:5.2.6.RELEASE]
	at org.springframework.test.context.cache.DefaultCacheAwareContextLoaderDelegate.loadContext(DefaultCacheAwareContextLoaderDelegate.java:124) ~[spring-test-5.2.6.RELEASE.jar:5.2.6.RELEASE]
	... 65 common frames omitted
Caused by: org.springframework.beans.factory.BeanCreationException: Error creating bean with name 'dataSource' defined in class path resource [org/springframework/boot/autoconfigure/jdbc/DataSourceConfiguration$Hikari.class]: Bean instantiation via factory method failed; nested exception is org.springframework.beans.BeanInstantiationException: Failed to instantiate [com.zaxxer.hikari.HikariDataSource]: Factory method 'dataSource' threw exception; nested exception is java.lang.IllegalArgumentException: URL must start with 'jdbc'
	at org.springframework.beans.factory.support.ConstructorResolver.instantiate(ConstructorResolver.java:656) ~[spring-beans-5.2.6.RELEASE.jar:5.2.6.RELEASE]
	at org.springframework.beans.factory.support.ConstructorResolver.instantiateUsingFactoryMethod(ConstructorResolver.java:636) ~[spring-beans-5.2.6.RELEASE.jar:5.2.6.RELEASE]
	at org.springframework.beans.factory.support.AbstractAutowireCapableBeanFactory.instantiateUsingFactoryMethod(AbstractAutowireCapableBeanFactory.java:1338) ~[spring-beans-5.2.6.RELEASE.jar:5.2.6.RELEASE]
	at org.springframework.beans.factory.support.AbstractAutowireCapableBeanFactory.createBeanInstance(AbstractAutowireCapableBeanFactory.java:1177) ~[spring-beans-5.2.6.RELEASE.jar:5.2.6.RELEASE]
	at org.springframework.beans.factory.support.AbstractAutowireCapableBeanFactory.doCreateBean(AbstractAutowireCapableBeanFactory.java:557) ~[spring-beans-5.2.6.RELEASE.jar:5.2.6.RELEASE]
	at org.springframework.beans.factory.support.AbstractAutowireCapableBeanFactory.createBean(AbstractAutowireCapableBeanFactory.java:517) ~[spring-beans-5.2.6.RELEASE.jar:5.2.6.RELEASE]
	at org.springframework.beans.factory.support.AbstractBeanFactory.lambda$doGetBean$0(AbstractBeanFactory.java:323) ~[spring-beans-5.2.6.RELEASE.jar:5.2.6.RELEASE]
	at org.springframework.beans.factory.support.DefaultSingletonBeanRegistry.getSingleton(DefaultSingletonBeanRegistry.java:226) ~[spring-beans-5.2.6.RELEASE.jar:5.2.6.RELEASE]
	at org.springframework.beans.factory.support.AbstractBeanFactory.doGetBean(AbstractBeanFactory.java:321) ~[spring-beans-5.2.6.RELEASE.jar:5.2.6.RELEASE]
	at org.springframework.beans.factory.support.AbstractBeanFactory.getBean(AbstractBeanFactory.java:202) ~[spring-beans-5.2.6.RELEASE.jar:5.2.6.RELEASE]
	at org.springframework.beans.factory.config.DependencyDescriptor.resolveCandidate(DependencyDescriptor.java:276) ~[spring-beans-5.2.6.RELEASE.jar:5.2.6.RELEASE]
	at org.springframework.beans.factory.support.DefaultListableBeanFactory.doResolveDependency(DefaultListableBeanFactory.java:1306) ~[spring-beans-5.2.6.RELEASE.jar:5.2.6.RELEASE]
	at org.springframework.beans.factory.support.DefaultListableBeanFactory.resolveDependency(DefaultListableBeanFactory.java:1226) ~[spring-beans-5.2.6.RELEASE.jar:5.2.6.RELEASE]
	at org.springframework.beans.factory.support.ConstructorResolver.resolveAutowiredArgument(ConstructorResolver.java:885) ~[spring-beans-5.2.6.RELEASE.jar:5.2.6.RELEASE]
	at org.springframework.beans.factory.support.ConstructorResolver.createArgumentArray(ConstructorResolver.java:789) ~[spring-beans-5.2.6.RELEASE.jar:5.2.6.RELEASE]
	... 93 common frames omitted
Caused by: org.springframework.beans.BeanInstantiationException: Failed to instantiate [com.zaxxer.hikari.HikariDataSource]: Factory method 'dataSource' threw exception; nested exception is java.lang.IllegalArgumentException: URL must start with 'jdbc'
	at org.springframework.beans.factory.support.SimpleInstantiationStrategy.instantiate(SimpleInstantiationStrategy.java:185) ~[spring-beans-5.2.6.RELEASE.jar:5.2.6.RELEASE]
	at org.springframework.beans.factory.support.ConstructorResolver.instantiate(ConstructorResolver.java:651) ~[spring-beans-5.2.6.RELEASE.jar:5.2.6.RELEASE]
	... 107 common frames omitted
Caused by: java.lang.IllegalArgumentException: URL must start with 'jdbc'
	at org.springframework.util.Assert.isTrue(Assert.java:118) ~[spring-core-5.2.6.RELEASE.jar:5.2.6.RELEASE]
	at org.springframework.boot.jdbc.DatabaseDriver.fromJdbcUrl(DatabaseDriver.java:283) ~[spring-boot-2.3.0.RELEASE.jar:2.3.0.RELEASE]
	at org.springframework.boot.autoconfigure.jdbc.DataSourceProperties.determineDriverClassName(DataSourceProperties.java:228) ~[spring-boot-autoconfigure-2.3.0.RELEASE.jar:2.3.0.RELEASE]
	at org.springframework.boot.autoconfigure.jdbc.DataSourceProperties.initializeDataSourceBuilder(DataSourceProperties.java:175) ~[spring-boot-autoconfigure-2.3.0.RELEASE.jar:2.3.0.RELEASE]
	at org.springframework.boot.autoconfigure.jdbc.DataSourceConfiguration.createDataSource(DataSourceConfiguration.java:43) ~[spring-boot-autoconfigure-2.3.0.RELEASE.jar:2.3.0.RELEASE]
	at org.springframework.boot.autoconfigure.jdbc.DataSourceConfiguration$Hikari.dataSource(DataSourceConfiguration.java:85) ~[spring-boot-autoconfigure-2.3.0.RELEASE.jar:2.3.0.RELEASE]
	at java.base/jdk.internal.reflect.NativeMethodAccessorImpl.invoke0(Native Method) ~[na:na]
	at java.base/jdk.internal.reflect.NativeMethodAccessorImpl.invoke(NativeMethodAccessorImpl.java:77) ~[na:na]
	at java.base/jdk.internal.reflect.DelegatingMethodAccessorImpl.invoke(DelegatingMethodAccessorImpl.java:43) ~[na:na]
	at java.base/java.lang.reflect.Method.invoke(Method.java:569) ~[na:na]
	at org.springframework.beans.factory.support.SimpleInstantiationStrategy.instantiate(SimpleInstantiationStrategy.java:154) ~[spring-beans-5.2.6.RELEASE.jar:5.2.6.RELEASE]
	... 108 common frames omitted

2025-09-11 20:23:27.997  INFO 8571 --- [restartedMain] inSpringBootSecurityThymeleafApplication : Starting RegistrationLoginSpringBootSecurityThymeleafApplication on Jatins-MacBook-Air.local with PID 8571 (/Users/jatinyadav/Desktop/Booking-system/target/classes started by jatinyadav in /Users/jatinyadav/Desktop/Booking-system)
2025-09-11 20:23:27.999  INFO 8571 --- [restartedMain] inSpringBootSecurityThymeleafApplication : No active profile set, falling back to default profiles: default
2025-09-11 20:23:28.024  INFO 8571 --- [restartedMain] .e.DevToolsPropertyDefaultsPostProcessor : Devtools property defaults active! Set 'spring.devtools.add-properties' to 'false' to disable
2025-09-11 20:23:28.024  INFO 8571 --- [restartedMain] .e.DevToolsPropertyDefaultsPostProcessor : For additional web related logging consider setting the 'logging.level.web' property to 'DEBUG'
2025-09-11 20:23:28.302  INFO 8571 --- [restartedMain] .s.d.r.c.RepositoryConfigurationDelegate : Bootstrapping Spring Data JPA repositories in DEFERRED mode.
2025-09-11 20:23:28.336  INFO 8571 --- [restartedMain] .s.d.r.c.RepositoryConfigurationDelegate : Finished Spring Data repository scanning in 31ms. Found 5 JPA repository interfaces.
2025-09-11 20:23:28.631  INFO 8571 --- [restartedMain] o.s.b.w.embedded.tomcat.TomcatWebServer  : Tomcat initialized with port(s): 8080 (http)
2025-09-11 20:23:28.636  INFO 8571 --- [restartedMain] o.apache.catalina.core.StandardService   : Starting service [Tomcat]
2025-09-11 20:23:28.636  INFO 8571 --- [restartedMain] org.apache.catalina.core.StandardEngine  : Starting Servlet engine: [Apache Tomcat/9.0.35]
2025-09-11 20:23:28.664  INFO 8571 --- [restartedMain] o.a.c.c.C.[Tomcat].[localhost].[/]       : Initializing Spring embedded WebApplicationContext
2025-09-11 20:23:28.664  INFO 8571 --- [restartedMain] o.s.web.context.ContextLoader            : Root WebApplicationContext: initialization completed in 639 ms
2025-09-11 20:23:28.712  INFO 8571 --- [restartedMain] o.s.s.concurrent.ThreadPoolTaskExecutor  : Initializing ExecutorService 'applicationTaskExecutor'
2025-09-11 20:23:28.733  INFO 8571 --- [task-1] o.hibernate.jpa.internal.util.LogHelper  : HHH000204: Processing PersistenceUnitInfo [name: default]
2025-09-11 20:23:28.750  WARN 8571 --- [restartedMain] JpaBaseConfiguration$JpaWebConfiguration : spring.jpa.open-in-view is enabled by default. Therefore, database queries may be performed during view rendering. Explicitly configure spring.jpa.open-in-view to disable this warning
2025-09-11 20:23:28.753  INFO 8571 --- [task-1] org.hibernate.Version                    : HHH000412: Hibernate ORM core version 5.4.15.Final
2025-09-11 20:23:28.808  INFO 8571 --- [task-1] o.hibernate.annotations.common.Version   : HCANN000001: Hibernate Commons Annotations {5.1.0.Final}
2025-09-11 20:23:28.818 DEBUG 8571 --- [task-1] org.hibernate.type.BasicTypeRegistry     : Adding type registration boolean -> org.hibernate.type.BooleanType@69f2ef
2025-09-11 20:23:28.818 DEBUG 8571 --- [task-1] org.hibernate.type.BasicTypeRegistry     : Adding type registration boolean -> org.hibernate.type.BooleanType@69f2ef
2025-09-11 20:23:28.818 DEBUG 8571 --- [task-1] org.hibernate.type.BasicTypeRegistry     : Adding type registration java.lang.Boolean -> org.hibernate.type.BooleanType@69f2ef
2025-09-11 20:23:28.818 DEBUG 8571 --- [task-1] org.hibernate.type.BasicTypeRegistry     : Adding type registration numeric_boolean -> org.hibernate.type.NumericBooleanType@79359c58
2025-09-11 20:23:28.819 DEBUG 8571 --- [task-1] org.hibernate.type.BasicTypeRegistry     : Adding type registration true_false -> org.hibernate.type.TrueFalseType@947c143
2025-09-11 20:23:28.819 DEBUG 8571 --- [task-1] org.hibernate.type.BasicTypeRegistry     : Adding type registration yes_no -> org.hibernate.type.YesNoType@3bfaff85
2025-09-11 20:23:28.819 DEBUG 8571 --- [task-1] org.hibernate.type.BasicTypeRegistry     : Adding type registration byte -> org.hibernate.type.ByteType@6cae0b67
2025-09-11 20:23:28.819 DEBUG 8571 --- [task-1] org.hibernate.type.BasicTypeRegistry     : Adding type registration byte -> org.hibernate.type.ByteType@6cae0b67
2025-09-11 20:23:28.819 DEBUG 8571 --- [task-1] org.hibernate.type.BasicTypeRegistry     : Adding type registration java.lang.Byte -> org.hibernate.type.ByteType@6cae0b67
2025-09-11 20:23:28.819 DEBUG 8571 --- [task-1] org.hibernate.type.BasicTypeRegistry     : Adding type registration character -> org.hibernate.type.CharacterType@13224bb0
2025-09-11 20:23:28.819 DEBUG 8571 --- [task-1] org.hibernate.type.BasicTypeRegistry     : Adding type registration char -> org.hibernate.type.CharacterType@13224bb0
2025-09-11 20:23:28.820 DEBUG 8571 --- [task-1] org.hibernate.type.BasicTypeRegistry     : Adding type registration java.lang.Character -> org.hibernate.type.CharacterType@13224bb0
2025-09-11 20:23:28.820 DEBUG 8571 --- [task-1] org.hibernate.type.BasicTypeRegistry     : Adding type registration short -> org.hibernate.type.ShortType@64ca1389
2025-09-11 20:23:28.820 DEBUG 8571 --- [task-1] org.hibernate.type.BasicTypeRegistry     : Adding type registration short -> org.hibernate.type.ShortType@64ca1389
2025-09-11 20:23:28.820 DEBUG 8571 --- [task-1] org.hibernate.type.BasicTypeRegistry     : Adding type registration java.lang.Short -> org.hibernate.type.ShortType@64ca1389
2025-09-11 20:23:28.820 DEBUG 8571 --- [task-1] org.hibernate.type.BasicTypeRegistry     : Adding type registration integer -> org.hibernate.type.IntegerType@12ca525c
2025-09-11 20:23:28.820 DEBUG 8571 --- [task-1] org.hibernate.type.BasicTypeRegistry     : Adding type registration int -> org.hibernate.type.IntegerType@12ca525c
2025-09-11 20:23:28.820 DEBUG 8571 --- [task-1] org.hibernate.type.BasicTypeRegistry     : Adding type registration java.lang.Integer -> org.hibernate.type.IntegerType@12ca525c
2025-09-11 20:23:28.821 DEBUG 8571 --- [task-1] org.hibernate.type.BasicTypeRegistry     : Adding type registration long -> org.hibernate.type.LongType@5be2b0c9
2025-09-11 20:23:28.821 DEBUG 8571 --- [task-1] org.hibernate.type.BasicTypeRegistry     : Adding type registration long -> org.hibernate.type.LongType@5be2b0c9
2025-09-11 20:23:28.821 DEBUG 8571 --- [task-1] org.hibernate.type.BasicTypeRegistry     : Adding type registration java.lang.Long -> org.hibernate.type.LongType@5be2b0c9
2025-09-11 20:23:28.821 DEBUG 8571 --- [task-1] org.hibernate.type.BasicTypeRegistry     : Adding type registration float -> org.hibernate.type.FloatType@14fa8d1c
2025-09-11 20:23:28.821 DEBUG 8571 --- [task-1] org.hibernate.type.BasicTypeRegistry     : Adding type registration float -> org.hibernate.type.FloatType@14fa8d1c
2025-09-11 20:23:28.821 DEBUG 8571 --- [task-1] org.hibernate.type.BasicTypeRegistry     : Adding type registration java.lang.Float -> org.hibernate.type.FloatType@14fa8d1c
2025-09-11 20:23:28.821 DEBUG 8571 --- [task-1] org.hibernate.type.BasicTypeRegistry     : Adding type registration double -> org.hibernate.type.DoubleType@5930e3ea
2025-09-11 20:23:28.821 DEBUG 8571 --- [task-1] org.hibernate.type.BasicTypeRegistry     : Adding type registration double -> org.hibernate.type.DoubleType@5930e3ea
2025-09-11 20:23:28.821 DEBUG 8571 --- [task-1] org.hibernate.type.BasicTypeRegistry     : Adding type registration java.lang.Double -> org.hibernate.type.DoubleType@5930e3ea
2025-09-11 20:23:28.822 DEBUG 8571 --- [task-1] org.hibernate.type.BasicTypeRegistry     : Adding type registration big_decimal -> org.hibernate.type.BigDecimalType@4031895f
2025-09-11 20:23:28.822 DEBUG 8571 --- [task-1] org.hibernate.type.BasicTypeRegistry     : Adding type registration java.math.BigDecimal -> org.hibernate.type.BigDecimalType@4031895f
2025-09-11 20:23:28.822 DEBUG 8571 --- [task-1] org.hibernate.type.BasicTypeRegistry     : Adding type registration big_integer -> org.hibernate.type.BigIntegerType@1ceb31b8
2025-09-11 20:23:28.822 DEBUG 8571 --- [task-1] org.hibernate.type.BasicTypeRegistry     : Adding type registration java.math.BigInteger -> org.hibernate.type.BigIntegerType@1ceb31b8
2025-09-11 20:23:28.822 DEBUG 8571 --- [task-1] org.hibernate.type.BasicTypeRegistry     : Adding type registration string -> org.hibernate.type.StringType@413334c1
2025-09-11 20:23:28.822 DEBUG 8571 --- [task-1] org.hibernate.type.BasicTypeRegistry     : Adding type registration java.lang.String -> org.hibernate.type.StringType@413334c1
2025-09-11 20:23:28.822 DEBUG 8571 --- [task-1] org.hibernate.type.BasicTypeRegistry     : Adding type registration nstring -> org.hibernate.type.StringNVarcharType@7bd146fe
2025-09-11 20:23:28.823 DEBUG 8571 --- [task-1] org.hibernate.type.BasicTypeRegistry     : Adding type registration ncharacter -> org.hibernate.type.CharacterNCharType@288232d
2025-09-11 20:23:28.823 DEBUG 8571 --- [task-1] org.hibernate.type.BasicTypeRegistry     : Adding type registration url -> org.hibernate.type.UrlType@316252dd
2025-09-11 20:23:28.823 DEBUG 8571 --- [task-1] org.hibernate.type.BasicTypeRegistry     : Adding type registration java.net.URL -> org.hibernate.type.UrlType@316252dd
2025-09-11 20:23:28.823 DEBUG 8571 --- [task-1] org.hibernate.type.BasicTypeRegistry     : Adding type registration Duration -> org.hibernate.type.DurationType@36be4c59
2025-09-11 20:23:28.823 DEBUG 8571 --- [task-1] org.hibernate.type.BasicTypeRegistry     : Adding type registration java.time.Duration -> org.hibernate.type.DurationType@36be4c59
2025-09-11 20:23:28.823 DEBUG 8571 --- [task-1] org.hibernate.type.BasicTypeRegistry     : Adding type registration Instant -> org.hibernate.type.InstantType@5e80568
2025-09-11 20:23:28.823 DEBUG 8571 --- [task-1] org.hibernate.type.BasicTypeRegistry     : Adding type registration java.time.Instant -> org.hibernate.type.InstantType@5e80568
2025-09-11 20:23:28.824 DEBUG 8571 --- [task-1] org.hibernate.type.BasicTypeRegistry     : Adding type registration LocalDateTime -> org.hibernate.type.LocalDateTimeType@1a35acb
2025-09-11 20:23:28.824 DEBUG 8571 --- [task-1] org.hibernate.type.BasicTypeRegistry     : Adding type registration java.time.LocalDateTime -> org.hibernate.type.LocalDateTimeType@1a35acb
2025-09-11 20:23:28.824 DEBUG 8571 --- [task-1] org.hibernate.type.BasicTypeRegistry     : Adding type registration LocalDate -> org.hibernate.type.LocalDateType@4f0fd48f
2025-09-11 20:23:28.824 DEBUG 8571 --- [task-1] org.hibernate.type.BasicTypeRegistry     : Adding type registration java.time.LocalDate -> org.hibernate.type.LocalDateType@4f0fd48f
2025-09-11 20:23:28.824 DEBUG 8571 --- [task-1] org.hibernate.type.BasicTypeRegistry     : Adding type registration LocalTime -> org.hibernate.type.LocalTimeType@4e6719ec
2025-09-11 20:23:28.824 DEBUG 8571 --- [task-1] org.hibernate.type.BasicTypeRegistry     : Adding type registration java.time.LocalTime -> org.hibernate.type.LocalTimeType@4e6719ec
2025-09-11 20:23:28.824 DEBUG 8571 --- [task-1] org.hibernate.type.BasicTypeRegistry     : Adding type registration OffsetDateTime -> org.hibernate.type.OffsetDateTimeType@6cf35762
2025-09-11 20:23:28.824 DEBUG 8571 --- [task-1] org.hibernate.type.BasicTypeRegistry     : Adding type registration java.time.OffsetDateTime -> org.hibernate.type.OffsetDateTimeType@6cf35762
2025-09-11 20:23:28.825 DEBUG 8571 --- [task-1] org.hibernate.type.BasicTypeRegistry     : Adding type registration OffsetTime -> org.hibernate.type.OffsetTimeType@e118e92
2025-09-11 20:23:28.825 DEBUG 8571 --- [task-1] org.hibernate.type.BasicTypeRegistry     : Adding type registration java.time.OffsetTime -> org.hibernate.type.OffsetTimeType@e118e92
2025-09-11 20:23:28.825 DEBUG 8571 --- [task-1] org.hibernate.type.BasicTypeRegistry     : Adding type registration ZonedDateTime -> org.hibernate.type.ZonedDateTimeType@5c107a26
2025-09-11 20:23:28.825 DEBUG 8571 --- [task-1] org.hibernate.type.BasicTypeRegistry     : Adding type registration java.time.ZonedDateTime -> org.hibernate.type.ZonedDateTimeType@5c107a26
2025-09-11 20:23:28.825 DEBUG 8571 --- [task-1] org.hibernate.type.BasicTypeRegistry     : Adding type registration date -> org.hibernate.type.DateType@720f01bd
2025-09-11 20:23:28.825 DEBUG 8571 --- [task-1] org.hibernate.type.BasicTypeRegistry     : Adding type registration java.sql.Date -> org.hibernate.type.DateType@720f01bd
2025-09-11 20:23:28.825 DEBUG 8571 --- [task-1] org.hibernate.type.BasicTypeRegistry     : Adding type registration time -> org.hibernate.type.TimeType@6d0c8ebf
2025-09-11 20:23:28.825 DEBUG 8571 --- [task-1] org.hibernate.type.BasicTypeRegistry     : Adding type registration java.sql.Time -> org.hibernate.type.TimeType@6d0c8ebf
2025-09-11 20:23:28.826 DEBUG 8571 --- [task-1] org.hibernate.type.BasicTypeRegistry     : Adding type registration timestamp -> org.hibernate.type.TimestampType@ad40361
2025-09-11 20:23:28.826 DEBUG 8571 --- [task-1] org.hibernate.type.BasicTypeRegistry     : Adding type registration java.sql.Timestamp -> org.hibernate.type.TimestampType@ad40361
2025-09-11 20:23:28.826 DEBUG 8571 --- [task-1] org.hibernate.type.BasicTypeRegistry     : Adding type registration java.util.Date -> org.hibernate.type.TimestampType@ad40361
2025-09-11 20:23:28.826 DEBUG 8571 --- [task-1] org.hibernate.type.BasicTypeRegistry     : Adding type registration dbtimestamp -> org.hibernate.type.DbTimestampType@6e1a45d1
2025-09-11 20:23:28.826 DEBUG 8571 --- [task-1] org.hibernate.type.BasicTypeRegistry     : Adding type registration calendar -> org.hibernate.type.CalendarType@7272d820
2025-09-11 20:23:28.826 DEBUG 8571 --- [task-1] org.hibernate.type.BasicTypeRegistry     : Adding type registration java.util.Calendar -> org.hibernate.type.CalendarType@7272d820
2025-09-11 20:23:28.826 DEBUG 8571 --- [task-1] org.hibernate.type.BasicTypeRegistry     : Adding type registration java.util.GregorianCalendar -> org.hibernate.type.CalendarType@7272d820
2025-09-11 20:23:28.827 DEBUG 8571 --- [task-1] org.hibernate.type.BasicTypeRegistry     : Adding type registration calendar_date -> org.hibernate.type.CalendarDateType@1dd679f
2025-09-11 20:23:28.827 DEBUG 8571 --- [task-1] org.hibernate.type.BasicTypeRegistry     : Adding type registration calendar_time -> org.hibernate.type.CalendarTimeType@3ccbc03b
2025-09-11 20:23:28.827 DEBUG 8571 --- [task-1] org.hibernate.type.BasicTypeRegistry     : Adding type registration locale -> org.hibernate.type.LocaleType@56da8fc6
2025-09-11 20:23:28.827 DEBUG 8571 --- [task-1] org.hibernate.type.BasicTypeRegistry     : Adding type registration java.util.Locale -> org.hibernate.type.LocaleType@56da8fc6
2025-09-11 20:23:28.827 DEBUG 8571 --- [task-1] org.hibernate.type.BasicTypeRegistry     : Adding type registration currency -> org.hibernate.type.CurrencyType@73c5620a
2025-09-11 20:23:28.827 DEBUG 8571 --- [task-1] org.hibernate.type.BasicTypeRegistry     : Adding type registration java.util.Currency -> org.hibernate.type.CurrencyType@73c5620a
2025-09-11 20:23:28.827 DEBUG 8571 --- [task-1] org.hibernate.type.BasicTypeRegistry     : Adding type registration timezone -> org.hibernate.type.TimeZoneType@3abcdf57
2025-09-11 20:23:28.827 DEBUG 8571 --- [task-1] org.hibernate.type.BasicTypeRegistry     : Adding type registration java.util.TimeZone -> org.hibernate.type.TimeZoneType@3abcdf57
2025-09-11 20:23:28.827 DEBUG 8571 --- [task-1] org.hibernate.type.BasicTypeRegistry     : Adding type registration class -> org.hibernate.type.ClassType@2c34d7e1
2025-09-11 20:23:28.827 DEBUG 8571 --- [task-1] org.hibernate.type.BasicTypeRegistry     : Adding type registration java.lang.Class -> org.hibernate.type.ClassType@2c34d7e1
2025-09-11 20:23:28.828 DEBUG 8571 --- [task-1] org.hibernate.type.BasicTypeRegistry     : Adding type registration uuid-binary -> org.hibernate.type.UUIDBinaryType@4d1c4807
2025-09-11 20:23:28.828 DEBUG 8571 --- [task-1] org.hibernate.type.BasicTypeRegistry     : Adding type registration java.util.UUID -> org.hibernate.type.UUIDBinaryType@4d1c4807
2025-09-11 20:23:28.828 DEBUG 8571 --- [task-1] org.hibernate.type.BasicTypeRegistry     : Adding type registration uuid-char -> org.hibernate.type.UUIDCharType@77971d69
2025-09-11 20:23:28.828 DEBUG 8571 --- [task-1] org.hibernate.type.BasicTypeRegistry     : Adding type registration binary -> org.hibernate.type.BinaryType@15b16749
2025-09-11 20:23:28.828 DEBUG 8571 --- [task-1] org.hibernate.type.BasicTypeRegistry     : Adding type registration byte[] -> org.hibernate.type.BinaryType@15b16749
2025-09-11 20:23:28.828 DEBUG 8571 --- [task-1] org.hibernate.type.BasicTypeRegistry     : Adding type registration [B -> org.hibernate.type.BinaryType@15b16749
2025-09-11 20:23:28.829 DEBUG 8571 --- [task-1] org.hibernate.type.BasicTypeRegistry     : Adding type registration wrapper-binary -> org.hibernate.type.WrapperBinaryType@177c692e
2025-09-11 20:23:28.829 DEBUG 8571 --- [task-1] org.hibernate.type.BasicTypeRegistry     : Adding type registration Byte[] -> org.hibernate.type.WrapperBinaryType@177c692e
2025-09-11 20:23:28.829 DEBUG 8571 --- [task-1] org.hibernate.type.BasicTypeRegistry     : Adding type registration [Ljava.lang.Byte; -> org.hibernate.type.WrapperBinaryType@177c692e
2025-09-11 20:23:28.830 DEBUG 8571 --- [task-1] org.hibernate.type.BasicTypeRegistry     : Adding type registration row_version -> org.hibernate.type.RowVersionType@5c47b092
2025-09-11 20:23:28.830 DEBUG 8571 --- [task-1] org.hibernate.type.BasicTypeRegistry     : Adding type registration image -> org.hibernate.type.ImageType@3e2e766d
2025-09-11 20:23:28.830 DEBUG 8571 --- [task-1] org.hibernate.type.BasicTypeRegistry     : Adding type registration characters -> org.hibernate.type.CharArrayType@7406646c
2025-09-11 20:23:28.831 DEBUG 8571 --- [task-1] org.hibernate.type.BasicTypeRegistry     : Adding type registration char[] -> org.hibernate.type.CharArrayType@7406646c
2025-09-11 20:23:28.831 DEBUG 8571 --- [task-1] org.hibernate.type.BasicTypeRegistry     : Adding type registration [C -> org.hibernate.type.CharArrayType@7406646c
2025-09-11 20:23:28.831 DEBUG 8571 --- [task-1] org.hibernate.type.BasicTypeRegistry     : Adding type registration wrapper-characters -> org.hibernate.type.CharacterArrayType@5904df6f
2025-09-11 20:23:28.831 DEBUG 8571 --- [task-1] org.hibernate.type.BasicTypeRegistry     : Adding type registration [Ljava.lang.Character; -> org.hibernate.type.CharacterArrayType@5904df6f
2025-09-11 20:23:28.831 DEBUG 8571 --- [task-1] org.hibernate.type.BasicTypeRegistry     : Adding type registration Character[] -> org.hibernate.type.CharacterArrayType@5904df6f
2025-09-11 20:23:28.831 DEBUG 8571 --- [task-1] org.hibernate.type.BasicTypeRegistry     : Adding type registration text -> org.hibernate.type.TextType@2ad498ec
2025-09-11 20:23:28.831 DEBUG 8571 --- [task-1] org.hibernate.type.BasicTypeRegistry     : Adding type registration ntext -> org.hibernate.type.NTextType@4cdb5033
2025-09-11 20:23:28.832 DEBUG 8571 --- [task-1] org.hibernate.type.BasicTypeRegistry     : Adding type registration blob -> org.hibernate.type.BlobType@5f2e22b2
2025-09-11 20:23:28.832 DEBUG 8571 --- [task-1] org.hibernate.type.BasicTypeRegistry     : Adding type registration java.sql.Blob -> org.hibernate.type.BlobType@5f2e22b2
2025-09-11 20:23:28.832 DEBUG 8571 --- [task-1] org.hibernate.type.BasicTypeRegistry     : Adding type registration materialized_blob -> org.hibernate.type.MaterializedBlobType@412c75d1
2025-09-11 20:23:28.833 DEBUG 8571 --- [task-1] org.hibernate.type.BasicTypeRegistry     : Adding type registration clob -> org.hibernate.type.ClobType@78e953f8
2025-09-11 20:23:28.833 DEBUG 8571 --- [task-1] org.hibernate.type.BasicTypeRegistry     : Adding type registration java.sql.Clob -> org.hibernate.type.ClobType@78e953f8
2025-09-11 20:23:28.833 DEBUG 8571 --- [task-1] org.hibernate.type.BasicTypeRegistry     : Adding type registration nclob -> org.hibernate.type.NClobType@70cac7cf
2025-09-11 20:23:28.834 DEBUG 8571 --- [task-1] org.hibernate.type.BasicTypeRegistry     : Adding type registration java.sql.NClob -> org.hibernate.type.NClobType@70cac7cf
2025-09-11 20:23:28.834 DEBUG 8571 --- [task-1] org.hibernate.type.BasicTypeRegistry     : Adding type registration materialized_clob -> org.hibernate.type.MaterializedClobType@567a6ae6
2025-09-11 20:23:28.834 DEBUG 8571 --- [task-1] org.hibernate.type.BasicTypeRegistry     : Adding type registration materialized_nclob -> org.hibernate.type.MaterializedNClobType@68839e91
2025-09-11 20:23:28.835 DEBUG 8571 --- [task-1] org.hibernate.type.BasicTypeRegistry     : Adding type registration serializable -> org.hibernate.type.SerializableType@3eba185f
2025-09-11 20:23:28.835  INFO 8571 --- [restartedMain] o.s.s.web.DefaultSecurityFilterChain     : Creating filter chain: any request, [org.springframework.security.web.context.request.async.WebAsyncManagerIntegrationFilter@6aa074d7, org.springframework.security.web.context.SecurityContextPersistenceFilter@3ebd26da, org.springframework.security.web.header.HeaderWriterFilter@44816d8e, org.springframework.security.web.csrf.CsrfFilter@7e7f20f6, org.springframework.security.web.authentication.logout.LogoutFilter@1ee78540, org.springframework.security.web.authentication.UsernamePasswordAuthenticationFilter@3771611, org.springframework.security.web.savedrequest.RequestCacheAwareFilter@71a1f143, org.springframework.security.web.servletapi.SecurityContextHolderAwareRequestFilter@6208aa2f, org.springframework.security.web.authentication.AnonymousAuthenticationFilter@3c7fc152, org.springframework.security.web.session.SessionManagementFilter@63189fcd, org.springframework.security.web.access.ExceptionTranslationFilter@1d458566, org.springframework.security.web.access.intercept.FilterSecurityInterceptor@42c73766]
2025-09-11 20:23:28.836 DEBUG 8571 --- [task-1] org.hibernate.type.BasicTypeRegistry     : Adding type registration object -> org.hibernate.type.ObjectType@31124ca4
2025-09-11 20:23:28.836 DEBUG 8571 --- [task-1] org.hibernate.type.BasicTypeRegistry     : Adding type registration java.lang.Object -> org.hibernate.type.ObjectType@31124ca4
2025-09-11 20:23:28.836 DEBUG 8571 --- [task-1] org.hibernate.type.BasicTypeRegistry     : Adding type registration imm_date -> org.hibernate.type.AdaptedImmutableType@5711185e
2025-09-11 20:23:28.836 DEBUG 8571 --- [task-1] org.hibernate.type.BasicTypeRegistry     : Adding type registration imm_time -> org.hibernate.type.AdaptedImmutableType@5aea621
2025-09-11 20:23:28.836 DEBUG 8571 --- [task-1] org.hibernate.type.BasicTypeRegistry     : Adding type registration imm_timestamp -> org.hibernate.type.AdaptedImmutableType@60a72e3a
2025-09-11 20:23:28.836 DEBUG 8571 --- [task-1] org.hibernate.type.BasicTypeRegistry     : Adding type registration imm_dbtimestamp -> org.hibernate.type.AdaptedImmutableType@3cd672dd
2025-09-11 20:23:28.837 DEBUG 8571 --- [task-1] org.hibernate.type.BasicTypeRegistry     : Adding type registration imm_calendar -> org.hibernate.type.AdaptedImmutableType@635a4ef1
2025-09-11 20:23:28.837 DEBUG 8571 --- [task-1] org.hibernate.type.BasicTypeRegistry     : Adding type registration imm_calendar_date -> org.hibernate.type.AdaptedImmutableType@13b57315
2025-09-11 20:23:28.837 DEBUG 8571 --- [task-1] org.hibernate.type.BasicTypeRegistry     : Adding type registration imm_binary -> org.hibernate.type.AdaptedImmutableType@4aba59a7
2025-09-11 20:23:28.837 DEBUG 8571 --- [task-1] org.hibernate.type.BasicTypeRegistry     : Adding type registration imm_serializable -> org.hibernate.type.AdaptedImmutableType@45759ab7
2025-09-11 20:23:28.861  INFO 8571 --- [task-1] com.zaxxer.hikari.HikariDataSource       : HikariPool-1 - Starting...
2025-09-11 20:23:29.102  INFO 8571 --- [task-1] com.zaxxer.hikari.HikariDataSource       : HikariPool-1 - Start completed.
2025-09-11 20:23:29.110  INFO 8571 --- [task-1] org.hibernate.dialect.Dialect            : HHH000400: Using dialect: org.hibernate.dialect.MySQL5InnoDBDialect
2025-09-11 20:23:29.165 DEBUG 8571 --- [task-1] o.h.type.spi.TypeConfiguration$Scope     : Scoping TypeConfiguration [org.hibernate.type.spi.TypeConfiguration@3b5c3441] to MetadataBuildingContext [org.hibernate.boot.internal.MetadataBuildingContextRootImpl@5ad8d0ed]
2025-09-11 20:23:29.222 DEBUG 8571 --- [task-1] org.hibernate.type.EnumType              : Using NAMED-based conversion for Enum net.javaguides.springboot.model.BookingStatus
2025-09-11 20:23:29.223 DEBUG 8571 --- [task-1] org.hibernate.type.EnumType              : Using NAMED-based conversion for Enum net.javaguides.springboot.model.RoleName
2025-09-11 20:23:29.223 DEBUG 8571 --- [task-1] org.hibernate.type.EnumType              : Using NAMED-based conversion for Enum net.javaguides.springboot.model.ScheduleStatus
2025-09-11 20:23:29.248 DEBUG 8571 --- [task-1] org.hibernate.type.EnumType              : Using NAMED-based conversion for Enum net.javaguides.springboot.model.BookingStatus
2025-09-11 20:23:29.248 DEBUG 8571 --- [task-1] org.hibernate.type.EnumType              : Using NAMED-based conversion for Enum net.javaguides.springboot.model.RoleName
2025-09-11 20:23:29.249 DEBUG 8571 --- [task-1] org.hibernate.type.EnumType              : Using NAMED-based conversion for Enum net.javaguides.springboot.model.ScheduleStatus
2025-09-11 20:23:29.278 DEBUG 8571 --- [task-1] o.h.type.spi.TypeConfiguration$Scope     : Scoping TypeConfiguration [org.hibernate.type.spi.TypeConfiguration@3b5c3441] to SessionFactoryImpl [org.hibernate.internal.SessionFactoryImpl@19963460]
2025-09-11 20:23:29.298 DEBUG 8571 --- [task-1] org.hibernate.type.EnumType              : Using NAMED-based conversion for Enum net.javaguides.springboot.model.BookingStatus
2025-09-11 20:23:29.298 DEBUG 8571 --- [task-1] org.hibernate.type.EnumType              : Using NAMED-based conversion for Enum net.javaguides.springboot.model.BookingStatus
2025-09-11 20:23:29.370 DEBUG 8571 --- [task-1] org.hibernate.type.EnumType              : Using NAMED-based conversion for Enum net.javaguides.springboot.model.BookingStatus
2025-09-11 20:23:29.370 DEBUG 8571 --- [task-1] org.hibernate.type.EnumType              : Using NAMED-based conversion for Enum net.javaguides.springboot.model.BookingStatus
2025-09-11 20:23:29.374 DEBUG 8571 --- [task-1] org.hibernate.type.EnumType              : Using NAMED-based conversion for Enum net.javaguides.springboot.model.RoleName
2025-09-11 20:23:29.374 DEBUG 8571 --- [task-1] org.hibernate.type.EnumType              : Using NAMED-based conversion for Enum net.javaguides.springboot.model.RoleName
2025-09-11 20:23:29.380 DEBUG 8571 --- [task-1] org.hibernate.type.EnumType              : Using NAMED-based conversion for Enum net.javaguides.springboot.model.RoleName
2025-09-11 20:23:29.380 DEBUG 8571 --- [task-1] org.hibernate.type.EnumType              : Using NAMED-based conversion for Enum net.javaguides.springboot.model.RoleName
2025-09-11 20:23:29.381 DEBUG 8571 --- [task-1] org.hibernate.type.EnumType              : Using NAMED-based conversion for Enum net.javaguides.springboot.model.ScheduleStatus
2025-09-11 20:23:29.381 DEBUG 8571 --- [task-1] org.hibernate.type.EnumType              : Using NAMED-based conversion for Enum net.javaguides.springboot.model.ScheduleStatus
2025-09-11 20:23:29.386 DEBUG 8571 --- [task-1] org.hibernate.type.EnumType              : Using NAMED-based conversion for Enum net.javaguides.springboot.model.ScheduleStatus
2025-09-11 20:23:29.386 DEBUG 8571 --- [task-1] org.hibernate.type.EnumType              : Using NAMED-based conversion for Enum net.javaguides.springboot.model.ScheduleStatus
2025-09-11 20:23:29.434 DEBUG 8571 --- [task-1] org.hibernate.type.EnumType              : Using NAMED-based conversion for Enum net.javaguides.springboot.model.BookingStatus
2025-09-11 20:23:29.434 DEBUG 8571 --- [task-1] org.hibernate.type.EnumType              : Using NAMED-based conversion for Enum net.javaguides.springboot.model.BookingStatus
2025-09-11 20:23:29.435 DEBUG 8571 --- [task-1] org.hibernate.type.EnumType              : Using NAMED-based conversion for Enum net.javaguides.springboot.model.RoleName
2025-09-11 20:23:29.435 DEBUG 8571 --- [task-1] org.hibernate.type.EnumType              : Using NAMED-based conversion for Enum net.javaguides.springboot.model.RoleName
2025-09-11 20:23:29.435 DEBUG 8571 --- [task-1] org.hibernate.type.EnumType              : Using NAMED-based conversion for Enum net.javaguides.springboot.model.ScheduleStatus
2025-09-11 20:23:29.435 DEBUG 8571 --- [task-1] org.hibernate.type.EnumType              : Using NAMED-based conversion for Enum net.javaguides.springboot.model.ScheduleStatus
2025-09-11 20:23:29.511  INFO 8571 --- [task-1] o.h.e.t.j.p.i.JtaPlatformInitiator       : HHH000490: Using JtaPlatform implementation: [org.hibernate.engine.transaction.jta.platform.internal.NoJtaPlatform]
2025-09-11 20:23:29.515 TRACE 8571 --- [task-1] o.h.type.spi.TypeConfiguration$Scope     : Handling #sessionFactoryCreated from [org.hibernate.internal.SessionFactoryImpl@19963460] for TypeConfiguration
2025-09-11 20:23:29.515  INFO 8571 --- [task-1] j.LocalContainerEntityManagerFactoryBean : Initialized JPA EntityManagerFactory for persistence unit 'default'
2025-09-11 20:23:29.646  INFO 8571 --- [task-2] o.s.b.d.a.OptionalLiveReloadServer       : LiveReload server is running on port 35729
2025-09-11 20:23:29.666  INFO 8571 --- [restartedMain] o.s.b.a.w.s.WelcomePageHandlerMapping    : Adding welcome page template: index
2025-09-11 20:23:29.726  INFO 8571 --- [restartedMain] o.s.b.w.embedded.tomcat.TomcatWebServer  : Tomcat started on port(s): 8080 (http) with context path ''
2025-09-11 20:23:29.726  INFO 8571 --- [restartedMain] DeferredRepositoryInitializationListener : Triggering deferred initialization of Spring Data repositories…
2025-09-11 20:23:29.857  INFO 8571 --- [restartedMain] DeferredRepositoryInitializationListener : Spring Data repositories initialized!
2025-09-11 20:23:29.863  INFO 8571 --- [restartedMain] inSpringBootSecurityThymeleafApplication : Started RegistrationLoginSpringBootSecurityThymeleafApplication in 2.051 seconds (JVM running for 2.364)
2025-09-11 20:23:34.176  INFO 8571 --- [SpringContextShutdownHook] j.LocalContainerEntityManagerFactoryBean : Closing JPA EntityManagerFactory for persistence unit 'default'
2025-09-11 20:23:34.176 TRACE 8571 --- [SpringContextShutdownHook] o.h.type.spi.TypeConfiguration$Scope     : Handling #sessionFactoryClosed from [org.hibernate.internal.SessionFactoryImpl@19963460] for TypeConfiguration
2025-09-11 20:23:34.177 DEBUG 8571 --- [SpringContextShutdownHook] o.h.type.spi.TypeConfiguration$Scope     : Un-scoping TypeConfiguration [org.hibernate.type.spi.TypeConfiguration$Scope@7f9309c9] from SessionFactory [org.hibernate.internal.SessionFactoryImpl@19963460]
2025-09-11 20:23:34.177  INFO 8571 --- [SpringContextShutdownHook] o.s.s.concurrent.ThreadPoolTaskExecutor  : Shutting down ExecutorService 'applicationTaskExecutor'
2025-09-11 20:23:34.178  INFO 8571 --- [SpringContextShutdownHook] com.zaxxer.hikari.HikariDataSource       : HikariPool-1 - Shutdown initiated...
2025-09-11 20:23:34.181  INFO 8571 --- [SpringContextShutdownHook] com.zaxxer.hikari.HikariDataSource       : HikariPool-1 - Shutdown completed.
2025-09-11 20:26:11.719  INFO 8680 --- [main] ingBootSecurityThymeleafApplicationTests : Starting RegistrationLoginSpringBootSecurityThymeleafApplicationTests on Jatins-MacBook-Air.local with PID 8680 (started by jatinyadav in /Users/jatinyadav/Desktop/Booking-system)
2025-09-11 20:26:11.721  INFO 8680 --- [main] ingBootSecurityThymeleafApplicationTests : No active profile set, falling back to default profiles: default
2025-09-11 20:26:12.012  INFO 8680 --- [main] .s.d.r.c.RepositoryConfigurationDelegate : Bootstrapping Spring Data JPA repositories in DEFERRED mode.
2025-09-11 20:26:12.039  INFO 8680 --- [main] .s.d.r.c.RepositoryConfigurationDelegate : Finished Spring Data repository scanning in 25ms. Found 5 JPA repository interfaces.
2025-09-11 20:26:12.198  WARN 8680 --- [main] o.s.w.c.s.GenericWebApplicationContext   : Exception encountered during context initialization - cancelling refresh attempt: org.springframework.beans.factory.UnsatisfiedDependencyException: Error creating bean with name 'org.springframework.boot.autoconfigure.orm.jpa.HibernateJpaConfiguration': Unsatisfied dependency expressed through constructor parameter 0; nested exception is org.springframework.beans.factory.BeanCreationException: Error creating bean with name 'dataSource' defined in class path resource [org/springframework/boot/autoconfigure/jdbc/DataSourceConfiguration$Hikari.class]: Bean instantiation via factory method failed; nested exception is org.springframework.beans.BeanInstantiationException: Failed to instantiate [com.zaxxer.hikari.HikariDataSource]: Factory method 'dataSource' threw exception; nested exception is java.lang.IllegalArgumentException: URL must start with 'jdbc'
2025-09-11 20:26:12.201  INFO 8680 --- [main] ConditionEvaluationReportLoggingListener : 

Error starting ApplicationContext. To display the conditions report re-run your application with 'debug' enabled.
2025-09-11 20:26:12.203 ERROR 8680 --- [main] o.s.boot.SpringApplication               : Application run failed

org.springframework.beans.factory.UnsatisfiedDependencyException: Error creating bean with name 'org.springframework.boot.autoconfigure.orm.jpa.HibernateJpaConfiguration': Unsatisfied dependency expressed through constructor parameter 0; nested exception is org.springframework.beans.factory.BeanCreationException: Error creating bean with name 'dataSource' defined in class path resource [org/springframework/boot/autoconfigure/jdbc/DataSourceConfiguration$Hikari.class]: Bean instantiation via factory method failed; nested exception is org.springframework.beans.BeanInstantiationException: Failed to instantiate [com.zaxxer.hikari.HikariDataSource]: Factory method 'dataSource' threw exception; nested exception is java.lang.IllegalArgumentException: URL must start with 'jdbc'
	at org.springframework.beans.factory.support.ConstructorResolver.createArgumentArray(ConstructorResolver.java:798) ~[spring-beans-5.2.6.RELEASE.jar:5.2.6.RELEASE]
	at org.springframework.beans.factory.support.ConstructorResolver.autowireConstructor(ConstructorResolver.java:228) ~[spring-beans-5.2.6.RELEASE.jar:5.2.6.RELEASE]
	at org.springframework.beans.factory.support.AbstractAutowireCapableBeanFactory.autowireConstructor(AbstractAutowireCapableBeanFactory.java:1358) ~[spring-beans-5.2.6.RELEASE.jar:5.2.6.RELEASE]
	at org.springframework.beans.factory.support.AbstractAutowireCapableBeanFactory.createBeanInstance(AbstractAutowireCapableBeanFactory.java:1204) ~[spring-beans-5.2.6.RELEASE.jar:5.2.6.RELEASE]
	at org.springframework.beans.factory.support.AbstractAutowireCapableBeanFactory.doCreateBean(AbstractAutowireCapableBeanFactory.java:557) ~[spring-beans-5.2.6.RELEASE.jar:5.2.6.RELEASE]
	at org.springframework.beans.factory.support.AbstractAutowireCapableBeanFactory.createBean(AbstractAutowireCapableBeanFactory.java:517) ~[spring-beans-5.2.6.RELEASE.jar:5.2.6.RELEASE]
	at org.springframework.beans.factory.support.AbstractBeanFactory.lambda$doGetBean$0(AbstractBeanFactory.java:323) ~[spring-beans-5.2.6.RELEASE.jar:5.2.6.RELEASE]
	at org.springframework.beans.factory.support.DefaultSingletonBeanRegistry.getSingleton(DefaultSingletonBeanRegistry.java:226) ~[spring-beans-5.2.6.RELEASE.jar:5.2.6.RELEASE]
	at org.springframework.beans.factory.support.AbstractBeanFactory.doGetBean(AbstractBeanFactory.java:321) ~[spring-beans-5.2.6.RELEASE.jar:5.2.6.RELEASE]
	at org.springframework.beans.factory.support.AbstractBeanFactory.getBean(AbstractBeanFactory.java:202) ~[spring-beans-5.2.6.RELEASE.jar:5.2.6.RELEASE]
	at org.springframework.beans.factory.support.ConstructorResolver.instantiateUsingFactoryMethod(ConstructorResolver.java:409) ~[spring-beans-5.2.6.RELEASE.jar:5.2.6.RELEASE]
	at org.springframework.beans.factory.support.AbstractAutowireCapableBeanFactory.instantiateUsingFactoryMethod(AbstractAutowireCapableBeanFactory.java:1338) ~[spring-beans-5.2.6.RELEASE.jar:5.2.6.RELEASE]
	at org.springframework.beans.factory.support.AbstractAutowireCapableBeanFactory.createBeanInstance(AbstractAutowireCapableBeanFactory.java:1177) ~[spring-beans-5.2.6.RELEASE.jar:5.2.6.RELEASE]
	at org.springframework.beans.factory.support.AbstractAutowireCapableBeanFactory.doCreateBean(AbstractAutowireCapableBeanFactory.java:557) ~[spring-beans-5.2.6.RELEASE.jar:5.2.6.RELEASE]
	at org.springframework.beans.factory.support.AbstractAutowireCapableBeanFactory.createBean(AbstractAutowireCapableBeanFactory.java:517) ~[spring-beans-5.2.6.RELEASE.jar:5.2.6.RELEASE]
	at org.springframework.beans.factory.support.AbstractBeanFactory.lambda$doGetBean$0(AbstractBeanFactory.java:323) ~[spring-beans-5.2.6.RELEASE.jar:5.2.6.RELEASE]
	at org.springframework.beans.factory.support.DefaultSingletonBeanRegistry.getSingleton(DefaultSingletonBeanRegistry.java:226) ~[spring-beans-5.2.6.RELEASE.jar:5.2.6.RELEASE]
	at org.springframework.beans.factory.support.AbstractBeanFactory.doGetBean(AbstractBeanFactory.java:321) ~[spring-beans-5.2.6.RELEASE.jar:5.2.6.RELEASE]
	at org.springframework.beans.factory.support.AbstractBeanFactory.getBean(AbstractBeanFactory.java:202) ~[spring-beans-5.2.6.RELEASE.jar:5.2.6.RELEASE]
	at org.springframework.context.support.AbstractApplicationContext.getBean(AbstractApplicationContext.java:1108) ~[spring-context-5.2.6.RELEASE.jar:5.2.6.RELEASE]
	at org.springframework.context.support.AbstractApplicationContext.finishBeanFactoryInitialization(AbstractApplicationContext.java:868) ~[spring-context-5.2.6.RELEASE.jar:5.2.6.RELEASE]
	at org.springframework.context.support.AbstractApplicationContext.refresh(AbstractApplicationContext.java:550) ~[spring-context-5.2.6.RELEASE.jar:5.2.6.RELEASE]
	at org.springframework.boot.SpringApplication.refresh(SpringApplication.java:758) ~[spring-boot-2.3.0.RELEASE.jar:2.3.0.RELEASE]
	at org.springframework.boot.SpringApplication.refresh(SpringApplication.java:750) ~[spring-boot-2.3.0.RELEASE.jar:2.3.0.RELEASE]
	at org.springframework.boot.SpringApplication.refreshContext(SpringApplication.java:397) ~[spring-boot-2.3.0.RELEASE.jar:2.3.0.RELEASE]
	at org.springframework.boot.SpringApplication.run(SpringApplication.java:315) ~[spring-boot-2.3.0.RELEASE.jar:2.3.0.RELEASE]
	at org.springframework.boot.test.context.SpringBootContextLoader.loadContext(SpringBootContextLoader.java:120) ~[spring-boot-test-2.3.0.RELEASE.jar:2.3.0.RELEASE]
	at org.springframework.test.context.cache.DefaultCacheAwareContextLoaderDelegate.loadContextInternal(DefaultCacheAwareContextLoaderDelegate.java:99) ~[spring-test-5.2.6.RELEASE.jar:5.2.6.RELEASE]
	at org.springframework.test.context.cache.DefaultCacheAwareContextLoaderDelegate.loadContext(DefaultCacheAwareContextLoaderDelegate.java:124) ~[spring-test-5.2.6.RELEASE.jar:5.2.6.RELEASE]
	at org.springframework.test.context.support.DefaultTestContext.getApplicationContext(DefaultTestContext.java:123) ~[spring-test-5.2.6.RELEASE.jar:5.2.6.RELEASE]
	at org.springframework.test.context.web.ServletTestExecutionListener.setUpRequestContextIfNecessary(ServletTestExecutionListener.java:190) ~[spring-test-5.2.6.RELEASE.jar:5.2.6.RELEASE]
	at org.springframework.test.context.web.ServletTestExecutionListener.prepareTestInstance(ServletTestExecutionListener.java:132) ~[spring-test-5.2.6.RELEASE.jar:5.2.6.RELEASE]
	at org.springframework.test.context.TestContextManager.prepareTestInstance(TestContextManager.java:244) ~[spring-test-5.2.6.RELEASE.jar:5.2.6.RELEASE]
	at org.springframework.test.context.junit.jupiter.SpringExtension.postProcessTestInstance(SpringExtension.java:98) ~[spring-test-5.2.6.RELEASE.jar:5.2.6.RELEASE]
	at org.junit.jupiter.engine.descriptor.ClassBasedTestDescriptor.lambda$invokeTestInstancePostProcessors$5(ClassBasedTestDescriptor.java:341) ~[junit-jupiter-engine-5.6.2.jar:5.6.2]
	at org.junit.jupiter.engine.descriptor.ClassBasedTestDescriptor.executeAndMaskThrowable(ClassBasedTestDescriptor.java:346) ~[junit-jupiter-engine-5.6.2.jar:5.6.2]
	at org.junit.jupiter.engine.descriptor.ClassBasedTestDescriptor.lambda$invokeTestInstancePostProcessors$6(ClassBasedTestDescriptor.java:341) ~[junit-jupiter-engine-5.6.2.jar:5.6.2]
	at java.base/java.util.stream.ReferencePipeline$3$1.accept(ReferencePipeline.java:197) ~[na:na]
	at java.base/java.util.stream.ReferencePipeline$2$1.accept(ReferencePipeline.java:179) ~[na:na]
	at java.base/java.util.ArrayList$ArrayListSpliterator.forEachRemaining(ArrayList.java:1625) ~[na:na]
	at java.base/java.util.stream.AbstractPipeline.copyInto(AbstractPipeline.java:509) ~[na:na]
	at java.base/java.util.stream.AbstractPipeline.wrapAndCopyInto(AbstractPipeline.java:499) ~[na:na]
	at java.base/java.util.stream.StreamSpliterators$WrappingSpliterator.forEachRemaining(StreamSpliterators.java:310) ~[na:na]
	at java.base/java.util.stream.Streams$ConcatSpliterator.forEachRemaining(Streams.java:735) ~[na:na]
	at java.base/java.util.stream.Streams$ConcatSpliterator.forEachRemaining(Streams.java:734) ~[na:na]
	at java.base/java.util.stream.ReferencePipeline$Head.forEach(ReferencePipeline.java:762) ~[na:na]
	at org.junit.jupiter.engine.descriptor.ClassBasedTestDescriptor.invokeTestInstancePostProcessors(ClassBasedTestDescriptor.java:340) ~[junit-jupiter-engine-5.6.2.jar:5.6.2]
	at org.junit.jupiter.engine.descriptor.ClassBasedTestDescriptor.instantiateAndPostProcessTestInstance(ClassBasedTestDescriptor.java:263) ~[junit-jupiter-engine-5.6.2.jar:5.6.2]
	at org.junit.jupiter.engine.descriptor.ClassBasedTestDescriptor.lambda$testInstancesProvider$2(ClassBasedTestDescriptor.java:256) ~[junit-jupiter-engine-5.6.2.jar:5.6.2]
	at java.base/java.util.Optional.orElseGet(Optional.java:364) ~[na:na]
	at org.junit.jupiter.engine.descriptor.ClassBasedTestDescriptor.lambda$testInstancesProvider$3(ClassBasedTestDescriptor.java:255) ~[junit-jupiter-engine-5.6.2.jar:5.6.2]
	at org.junit.jupiter.engine.execution.TestInstancesProvider.getTestInstances(TestInstancesProvider.java:29) ~[junit-jupiter-engine-5.6.2.jar:5.6.2]
	at org.junit.jupiter.engine.descriptor.TestMethodTestDescriptor.lambda$prepare$0(TestMethodTestDescriptor.java:108) ~[junit-jupiter-engine-5.6.2.jar:5.6.2]
	at org.junit.platform.engine.support.hierarchical.ThrowableCollector.execute(ThrowableCollector.java:73) ~[junit-platform-engine-1.6.2.jar:1.6.2]
	at org.junit.jupiter.engine.descriptor.TestMethodTestDescriptor.prepare(TestMethodTestDescriptor.java:107) ~[junit-jupiter-engine-5.6.2.jar:5.6.2]
	at org.junit.jupiter.engine.descriptor.TestMethodTestDescriptor.prepare(TestMethodTestDescriptor.java:71) ~[junit-jupiter-engine-5.6.2.jar:5.6.2]
	at org.junit.platform.engine.support.hierarchical.NodeTestTask.lambda$prepare$1(NodeTestTask.java:107) ~[junit-platform-engine-1.6.2.jar:1.6.2]
	at org.junit.platform.engine.support.hierarchical.ThrowableCollector.execute(ThrowableCollector.java:73) ~[junit-platform-engine-1.6.2.jar:1.6.2]
	at org.junit.platform.engine.support.hierarchical.NodeTestTask.prepare(NodeTestTask.java:107) ~[junit-platform-engine-1.6.2.jar:1.6.2]
	at org.junit.platform.engine.support.hierarchical.NodeTestTask.execute(NodeTestTask.java:75) ~[junit-platform-engine-1.6.2.jar:1.6.2]
	at java.base/java.util.ArrayList.forEach(ArrayList.java:1511) ~[na:na]
	at org.junit.platform.engine.support.hierarchical.SameThreadHierarchicalTestExecutorService.invokeAll(SameThreadHierarchicalTestExecutorService.java:38) ~[junit-platform-engine-1.6.2.jar:1.6.2]
	at org.junit.platform.engine.support.hierarchical.NodeTestTask.lambda$executeRecursively$5(NodeTestTask.java:139) ~[junit-platform-engine-1.6.2.jar:1.6.2]
	at org.junit.platform.engine.support.hierarchical.ThrowableCollector.execute(ThrowableCollector.java:73) ~[junit-platform-engine-1.6.2.jar:1.6.2]
	at org.junit.platform.engine.support.hierarchical.NodeTestTask.lambda$executeRecursively$7(NodeTestTask.java:125) ~[junit-platform-engine-1.6.2.jar:1.6.2]
	at org.junit.platform.engine.support.hierarchical.Node.around(Node.java:135) ~[junit-platform-engine-1.6.2.jar:1.6.2]
	at org.junit.platform.engine.support.hierarchical.NodeTestTask.lambda$executeRecursively$8(NodeTestTask.java:123) ~[junit-platform-engine-1.6.2.jar:1.6.2]
	at org.junit.platform.engine.support.hierarchical.ThrowableCollector.execute(ThrowableCollector.java:73) ~[junit-platform-engine-1.6.2.jar:1.6.2]
	at org.junit.platform.engine.support.hierarchical.NodeTestTask.executeRecursively(NodeTestTask.java:122) ~[junit-platform-engine-1.6.2.jar:1.6.2]
	at org.junit.platform.engine.support.hierarchical.NodeTestTask.execute(NodeTestTask.java:80) ~[junit-platform-engine-1.6.2.jar:1.6.2]
	at java.base/java.util.ArrayList.forEach(ArrayList.java:1511) ~[na:na]
	at org.junit.platform.engine.support.hierarchical.SameThreadHierarchicalTestExecutorService.invokeAll(SameThreadHierarchicalTestExecutorService.java:38) ~[junit-platform-engine-1.6.2.jar:1.6.2]
	at org.junit.platform.engine.support.hierarchical.NodeTestTask.lambda$executeRecursively$5(NodeTestTask.java:139) ~[junit-platform-engine-1.6.2.jar:1.6.2]
	at org.junit.platform.engine.support.hierarchical.ThrowableCollector.execute(ThrowableCollector.java:73) ~[junit-platform-engine-1.6.2.jar:1.6.2]
	at org.junit.platform.engine.support.hierarchical.NodeTestTask.lambda$executeRecursively$7(NodeTestTask.java:125) ~[junit-platform-engine-1.6.2.jar:1.6.2]
	at org.junit.platform.engine.support.hierarchical.Node.around(Node.java:135) ~[junit-platform-engine-1.6.2.jar:1.6.2]
	at org.junit.platform.engine.support.hierarchical.NodeTestTask.lambda$executeRecursively$8(NodeTestTask.java:123) ~[junit-platform-engine-1.6.2.jar:1.6.2]
	at org.junit.platform.engine.support.hierarchical.ThrowableCollector.execute(ThrowableCollector.java:73) ~[junit-platform-engine-1.6.2.jar:1.6.2]
	at org.junit.platform.engine.support.hierarchical.NodeTestTask.executeRecursively(NodeTestTask.java:122) ~[junit-platform-engine-1.6.2.jar:1.6.2]
	at org.junit.platform.engine.support.hierarchical.NodeTestTask.execute(NodeTestTask.java:80) ~[junit-platform-engine-1.6.2.jar:1.6.2]
	at org.junit.platform.engine.support.hierarchical.SameThreadHierarchicalTestExecutorService.submit(SameThreadHierarchicalTestExecutorService.java:32) ~[junit-platform-engine-1.6.2.jar:1.6.2]
	at org.junit.platform.engine.support.hierarchical.HierarchicalTestExecutor.execute(HierarchicalTestExecutor.java:57) ~[junit-platform-engine-1.6.2.jar:1.6.2]
	at org.junit.platform.engine.support.hierarchical.HierarchicalTestEngine.execute(HierarchicalTestEngine.java:51) ~[junit-platform-engine-1.6.2.jar:1.6.2]
	at org.junit.platform.launcher.core.DefaultLauncher.execute(DefaultLauncher.java:248) ~[junit-platform-launcher-1.6.2.jar:1.6.2]
	at org.junit.platform.launcher.core.DefaultLauncher.lambda$execute$5(DefaultLauncher.java:211) ~[junit-platform-launcher-1.6.2.jar:1.6.2]
	at org.junit.platform.launcher.core.DefaultLauncher.withInterceptedStreams(DefaultLauncher.java:226) ~[junit-platform-launcher-1.6.2.jar:1.6.2]
	at org.junit.platform.launcher.core.DefaultLauncher.execute(DefaultLauncher.java:199) ~[junit-platform-launcher-1.6.2.jar:1.6.2]
	at org.junit.platform.launcher.core.DefaultLauncher.execute(DefaultLauncher.java:132) ~[junit-platform-launcher-1.6.2.jar:1.6.2]
	at com.intellij.junit5.JUnit5IdeaTestRunner.startRunnerWithArgs(JUnit5IdeaTestRunner.java:57) ~[junit5-rt.jar:na]
	at com.intellij.rt.junit.IdeaTestRunner$Repeater$1.execute(IdeaTestRunner.java:38) ~[junit-rt.jar:na]
	at com.intellij.rt.execution.junit.TestsRepeater.repeat(TestsRepeater.java:11) ~[idea_rt.jar:na]
	at com.intellij.rt.junit.IdeaTestRunner$Repeater.startRunnerWithArgs(IdeaTestRunner.java:35) ~[junit-rt.jar:na]
	at com.intellij.rt.junit.JUnitStarter.prepareStreamsAndStart(JUnitStarter.java:232) ~[junit-rt.jar:na]
	at com.intellij.rt.junit.JUnitStarter.main(JUnitStarter.java:55) ~[junit-rt.jar:na]
Caused by: org.springframework.beans.factory.BeanCreationException: Error creating bean with name 'dataSource' defined in class path resource [org/springframework/boot/autoconfigure/jdbc/DataSourceConfiguration$Hikari.class]: Bean instantiation via factory method failed; nested exception is org.springframework.beans.BeanInstantiationException: Failed to instantiate [com.zaxxer.hikari.HikariDataSource]: Factory method 'dataSource' threw exception; nested exception is java.lang.IllegalArgumentException: URL must start with 'jdbc'
	at org.springframework.beans.factory.support.ConstructorResolver.instantiate(ConstructorResolver.java:656) ~[spring-beans-5.2.6.RELEASE.jar:5.2.6.RELEASE]
	at org.springframework.beans.factory.support.ConstructorResolver.instantiateUsingFactoryMethod(ConstructorResolver.java:636) ~[spring-beans-5.2.6.RELEASE.jar:5.2.6.RELEASE]
	at org.springframework.beans.factory.support.AbstractAutowireCapableBeanFactory.instantiateUsingFactoryMethod(AbstractAutowireCapableBeanFactory.java:1338) ~[spring-beans-5.2.6.RELEASE.jar:5.2.6.RELEASE]
	at org.springframework.beans.factory.support.AbstractAutowireCapableBeanFactory.createBeanInstance(AbstractAutowireCapableBeanFactory.java:1177) ~[spring-beans-5.2.6.RELEASE.jar:5.2.6.RELEASE]
	at org.springframework.beans.factory.support.AbstractAutowireCapableBeanFactory.doCreateBean(AbstractAutowireCapableBeanFactory.java:557) ~[spring-beans-5.2.6.RELEASE.jar:5.2.6.RELEASE]
	at org.springframework.beans.factory.support.AbstractAutowireCapableBeanFactory.createBean(AbstractAutowireCapableBeanFactory.java:517) ~[spring-beans-5.2.6.RELEASE.jar:5.2.6.RELEASE]
	at org.springframework.beans.factory.support.AbstractBeanFactory.lambda$doGetBean$0(AbstractBeanFactory.java:323) ~[spring-beans-5.2.6.RELEASE.jar:5.2.6.RELEASE]
	at org.springframework.beans.factory.support.DefaultSingletonBeanRegistry.getSingleton(DefaultSingletonBeanRegistry.java:226) ~[spring-beans-5.2.6.RELEASE.jar:5.2.6.RELEASE]
	at org.springframework.beans.factory.support.AbstractBeanFactory.doGetBean(AbstractBeanFactory.java:321) ~[spring-beans-5.2.6.RELEASE.jar:5.2.6.RELEASE]
	at org.springframework.beans.factory.support.AbstractBeanFactory.getBean(AbstractBeanFactory.java:202) ~[spring-beans-5.2.6.RELEASE.jar:5.2.6.RELEASE]
	at org.springframework.beans.factory.config.DependencyDescriptor.resolveCandidate(DependencyDescriptor.java:276) ~[spring-beans-5.2.6.RELEASE.jar:5.2.6.RELEASE]
	at org.springframework.beans.factory.support.DefaultListableBeanFactory.doResolveDependency(DefaultListableBeanFactory.java:1306) ~[spring-beans-5.2.6.RELEASE.jar:5.2.6.RELEASE]
	at org.springframework.beans.factory.support.DefaultListableBeanFactory.resolveDependency(DefaultListableBeanFactory.java:1226) ~[spring-beans-5.2.6.RELEASE.jar:5.2.6.RELEASE]
	at org.springframework.beans.factory.support.ConstructorResolver.resolveAutowiredArgument(ConstructorResolver.java:885) ~[spring-beans-5.2.6.RELEASE.jar:5.2.6.RELEASE]
	at org.springframework.beans.factory.support.ConstructorResolver.createArgumentArray(ConstructorResolver.java:789) ~[spring-beans-5.2.6.RELEASE.jar:5.2.6.RELEASE]
	... 93 common frames omitted
Caused by: org.springframework.beans.BeanInstantiationException: Failed to instantiate [com.zaxxer.hikari.HikariDataSource]: Factory method 'dataSource' threw exception; nested exception is java.lang.IllegalArgumentException: URL must start with 'jdbc'
	at org.springframework.beans.factory.support.SimpleInstantiationStrategy.instantiate(SimpleInstantiationStrategy.java:185) ~[spring-beans-5.2.6.RELEASE.jar:5.2.6.RELEASE]
	at org.springframework.beans.factory.support.ConstructorResolver.instantiate(ConstructorResolver.java:651) ~[spring-beans-5.2.6.RELEASE.jar:5.2.6.RELEASE]
	... 107 common frames omitted
Caused by: java.lang.IllegalArgumentException: URL must start with 'jdbc'
	at org.springframework.util.Assert.isTrue(Assert.java:118) ~[spring-core-5.2.6.RELEASE.jar:5.2.6.RELEASE]
	at org.springframework.boot.jdbc.DatabaseDriver.fromJdbcUrl(DatabaseDriver.java:283) ~[spring-boot-2.3.0.RELEASE.jar:2.3.0.RELEASE]
	at org.springframework.boot.autoconfigure.jdbc.DataSourceProperties.determineDriverClassName(DataSourceProperties.java:228) ~[spring-boot-autoconfigure-2.3.0.RELEASE.jar:2.3.0.RELEASE]
	at org.springframework.boot.autoconfigure.jdbc.DataSourceProperties.initializeDataSourceBuilder(DataSourceProperties.java:175) ~[spring-boot-autoconfigure-2.3.0.RELEASE.jar:2.3.0.RELEASE]
	at org.springframework.boot.autoconfigure.jdbc.DataSourceConfiguration.createDataSource(DataSourceConfiguration.java:43) ~[spring-boot-autoconfigure-2.3.0.RELEASE.jar:2.3.0.RELEASE]
	at org.springframework.boot.autoconfigure.jdbc.DataSourceConfiguration$Hikari.dataSource(DataSourceConfiguration.java:85) ~[spring-boot-autoconfigure-2.3.0.RELEASE.jar:2.3.0.RELEASE]
	at java.base/jdk.internal.reflect.NativeMethodAccessorImpl.invoke0(Native Method) ~[na:na]
	at java.base/jdk.internal.reflect.NativeMethodAccessorImpl.invoke(NativeMethodAccessorImpl.java:77) ~[na:na]
	at java.base/jdk.internal.reflect.DelegatingMethodAccessorImpl.invoke(DelegatingMethodAccessorImpl.java:43) ~[na:na]
	at java.base/java.lang.reflect.Method.invoke(Method.java:569) ~[na:na]
	at org.springframework.beans.factory.support.SimpleInstantiationStrategy.instantiate(SimpleInstantiationStrategy.java:154) ~[spring-beans-5.2.6.RELEASE.jar:5.2.6.RELEASE]
	... 108 common frames omitted

2025-09-11 20:26:12.204 ERROR 8680 --- [main] o.s.test.context.TestContextManager      : Caught exception while allowing TestExecutionListener [org.springframework.test.context.web.ServletTestExecutionListener@6986852] to prepare test instance [net.javaguides.springboot.RegistrationLoginSpringBootSecurityThymeleafApplicationTests@3206174f]

java.lang.IllegalStateException: Failed to load ApplicationContext
	at org.springframework.test.context.cache.DefaultCacheAwareContextLoaderDelegate.loadContext(DefaultCacheAwareContextLoaderDelegate.java:132) ~[spring-test-5.2.6.RELEASE.jar:5.2.6.RELEASE]
	at org.springframework.test.context.support.DefaultTestContext.getApplicationContext(DefaultTestContext.java:123) ~[spring-test-5.2.6.RELEASE.jar:5.2.6.RELEASE]
	at org.springframework.test.context.web.ServletTestExecutionListener.setUpRequestContextIfNecessary(ServletTestExecutionListener.java:190) ~[spring-test-5.2.6.RELEASE.jar:5.2.6.RELEASE]
	at org.springframework.test.context.web.ServletTestExecutionListener.prepareTestInstance(ServletTestExecutionListener.java:132) ~[spring-test-5.2.6.RELEASE.jar:5.2.6.RELEASE]
	at org.springframework.test.context.TestContextManager.prepareTestInstance(TestContextManager.java:244) ~[spring-test-5.2.6.RELEASE.jar:5.2.6.RELEASE]
	at org.springframework.test.context.junit.jupiter.SpringExtension.postProcessTestInstance(SpringExtension.java:98) ~[spring-test-5.2.6.RELEASE.jar:5.2.6.RELEASE]
	at org.junit.jupiter.engine.descriptor.ClassBasedTestDescriptor.lambda$invokeTestInstancePostProcessors$5(ClassBasedTestDescriptor.java:341) ~[junit-jupiter-engine-5.6.2.jar:5.6.2]
	at org.junit.jupiter.engine.descriptor.ClassBasedTestDescriptor.executeAndMaskThrowable(ClassBasedTestDescriptor.java:346) ~[junit-jupiter-engine-5.6.2.jar:5.6.2]
	at org.junit.jupiter.engine.descriptor.ClassBasedTestDescriptor.lambda$invokeTestInstancePostProcessors$6(ClassBasedTestDescriptor.java:341) ~[junit-jupiter-engine-5.6.2.jar:5.6.2]
	at java.base/java.util.stream.ReferencePipeline$3$1.accept(ReferencePipeline.java:197) ~[na:na]
	at java.base/java.util.stream.ReferencePipeline$2$1.accept(ReferencePipeline.java:179) ~[na:na]
	at java.base/java.util.ArrayList$ArrayListSpliterator.forEachRemaining(ArrayList.java:1625) ~[na:na]
	at java.base/java.util.stream.AbstractPipeline.copyInto(AbstractPipeline.java:509) ~[na:na]
	at java.base/java.util.stream.AbstractPipeline.wrapAndCopyInto(AbstractPipeline.java:499) ~[na:na]
	at java.base/java.util.stream.StreamSpliterators$WrappingSpliterator.forEachRemaining(StreamSpliterators.java:310) ~[na:na]
	at java.base/java.util.stream.Streams$ConcatSpliterator.forEachRemaining(Streams.java:735) ~[na:na]
	at java.base/java.util.stream.Streams$ConcatSpliterator.forEachRemaining(Streams.java:734) ~[na:na]
	at java.base/java.util.stream.ReferencePipeline$Head.forEach(ReferencePipeline.java:762) ~[na:na]
	at org.junit.jupiter.engine.descriptor.ClassBasedTestDescriptor.invokeTestInstancePostProcessors(ClassBasedTestDescriptor.java:340) ~[junit-jupiter-engine-5.6.2.jar:5.6.2]
	at org.junit.jupiter.engine.descriptor.ClassBasedTestDescriptor.instantiateAndPostProcessTestInstance(ClassBasedTestDescriptor.java:263) ~[junit-jupiter-engine-5.6.2.jar:5.6.2]
	at org.junit.jupiter.engine.descriptor.ClassBasedTestDescriptor.lambda$testInstancesProvider$2(ClassBasedTestDescriptor.java:256) ~[junit-jupiter-engine-5.6.2.jar:5.6.2]
	at java.base/java.util.Optional.orElseGet(Optional.java:364) ~[na:na]
	at org.junit.jupiter.engine.descriptor.ClassBasedTestDescriptor.lambda$testInstancesProvider$3(ClassBasedTestDescriptor.java:255) ~[junit-jupiter-engine-5.6.2.jar:5.6.2]
	at org.junit.jupiter.engine.execution.TestInstancesProvider.getTestInstances(TestInstancesProvider.java:29) ~[junit-jupiter-engine-5.6.2.jar:5.6.2]
	at org.junit.jupiter.engine.descriptor.TestMethodTestDescriptor.lambda$prepare$0(TestMethodTestDescriptor.java:108) ~[junit-jupiter-engine-5.6.2.jar:5.6.2]
	at org.junit.platform.engine.support.hierarchical.ThrowableCollector.execute(ThrowableCollector.java:73) ~[junit-platform-engine-1.6.2.jar:1.6.2]
	at org.junit.jupiter.engine.descriptor.TestMethodTestDescriptor.prepare(TestMethodTestDescriptor.java:107) ~[junit-jupiter-engine-5.6.2.jar:5.6.2]
	at org.junit.jupiter.engine.descriptor.TestMethodTestDescriptor.prepare(TestMethodTestDescriptor.java:71) ~[junit-jupiter-engine-5.6.2.jar:5.6.2]
	at org.junit.platform.engine.support.hierarchical.NodeTestTask.lambda$prepare$1(NodeTestTask.java:107) ~[junit-platform-engine-1.6.2.jar:1.6.2]
	at org.junit.platform.engine.support.hierarchical.ThrowableCollector.execute(ThrowableCollector.java:73) ~[junit-platform-engine-1.6.2.jar:1.6.2]
	at org.junit.platform.engine.support.hierarchical.NodeTestTask.prepare(NodeTestTask.java:107) ~[junit-platform-engine-1.6.2.jar:1.6.2]
	at org.junit.platform.engine.support.hierarchical.NodeTestTask.execute(NodeTestTask.java:75) ~[junit-platform-engine-1.6.2.jar:1.6.2]
	at java.base/java.util.ArrayList.forEach(ArrayList.java:1511) ~[na:na]
	at org.junit.platform.engine.support.hierarchical.SameThreadHierarchicalTestExecutorService.invokeAll(SameThreadHierarchicalTestExecutorService.java:38) ~[junit-platform-engine-1.6.2.jar:1.6.2]
	at org.junit.platform.engine.support.hierarchical.NodeTestTask.lambda$executeRecursively$5(NodeTestTask.java:139) ~[junit-platform-engine-1.6.2.jar:1.6.2]
	at org.junit.platform.engine.support.hierarchical.ThrowableCollector.execute(ThrowableCollector.java:73) ~[junit-platform-engine-1.6.2.jar:1.6.2]
	at org.junit.platform.engine.support.hierarchical.NodeTestTask.lambda$executeRecursively$7(NodeTestTask.java:125) ~[junit-platform-engine-1.6.2.jar:1.6.2]
	at org.junit.platform.engine.support.hierarchical.Node.around(Node.java:135) ~[junit-platform-engine-1.6.2.jar:1.6.2]
	at org.junit.platform.engine.support.hierarchical.NodeTestTask.lambda$executeRecursively$8(NodeTestTask.java:123) ~[junit-platform-engine-1.6.2.jar:1.6.2]
	at org.junit.platform.engine.support.hierarchical.ThrowableCollector.execute(ThrowableCollector.java:73) ~[junit-platform-engine-1.6.2.jar:1.6.2]
	at org.junit.platform.engine.support.hierarchical.NodeTestTask.executeRecursively(NodeTestTask.java:122) ~[junit-platform-engine-1.6.2.jar:1.6.2]
	at org.junit.platform.engine.support.hierarchical.NodeTestTask.execute(NodeTestTask.java:80) ~[junit-platform-engine-1.6.2.jar:1.6.2]
	at java.base/java.util.ArrayList.forEach(ArrayList.java:1511) ~[na:na]
	at org.junit.platform.engine.support.hierarchical.SameThreadHierarchicalTestExecutorService.invokeAll(SameThreadHierarchicalTestExecutorService.java:38) ~[junit-platform-engine-1.6.2.jar:1.6.2]
	at org.junit.platform.engine.support.hierarchical.NodeTestTask.lambda$executeRecursively$5(NodeTestTask.java:139) ~[junit-platform-engine-1.6.2.jar:1.6.2]
	at org.junit.platform.engine.support.hierarchical.ThrowableCollector.execute(ThrowableCollector.java:73) ~[junit-platform-engine-1.6.2.jar:1.6.2]
	at org.junit.platform.engine.support.hierarchical.NodeTestTask.lambda$executeRecursively$7(NodeTestTask.java:125) ~[junit-platform-engine-1.6.2.jar:1.6.2]
	at org.junit.platform.engine.support.hierarchical.Node.around(Node.java:135) ~[junit-platform-engine-1.6.2.jar:1.6.2]
	at org.junit.platform.engine.support.hierarchical.NodeTestTask.lambda$executeRecursively$8(NodeTestTask.java:123) ~[junit-platform-engine-1.6.2.jar:1.6.2]
	at org.junit.platform.engine.support.hierarchical.ThrowableCollector.execute(ThrowableCollector.java:73) ~[junit-platform-engine-1.6.2.jar:1.6.2]
	at org.junit.platform.engine.support.hierarchical.NodeTestTask.executeRecursively(NodeTestTask.java:122) ~[junit-platform-engine-1.6.2.jar:1.6.2]
	at org.junit.platform.engine.support.hierarchical.NodeTestTask.execute(NodeTestTask.java:80) ~[junit-platform-engine-1.6.2.jar:1.6.2]
	at org.junit.platform.engine.support.hierarchical.SameThreadHierarchicalTestExecutorService.submit(SameThreadHierarchicalTestExecutorService.java:32) ~[junit-platform-engine-1.6.2.jar:1.6.2]
	at org.junit.platform.engine.support.hierarchical.HierarchicalTestExecutor.execute(HierarchicalTestExecutor.java:57) ~[junit-platform-engine-1.6.2.jar:1.6.2]
	at org.junit.platform.engine.support.hierarchical.HierarchicalTestEngine.execute(HierarchicalTestEngine.java:51) ~[junit-platform-engine-1.6.2.jar:1.6.2]
	at org.junit.platform.launcher.core.DefaultLauncher.execute(DefaultLauncher.java:248) ~[junit-platform-launcher-1.6.2.jar:1.6.2]
	at org.junit.platform.launcher.core.DefaultLauncher.lambda$execute$5(DefaultLauncher.java:211) ~[junit-platform-launcher-1.6.2.jar:1.6.2]
	at org.junit.platform.launcher.core.DefaultLauncher.withInterceptedStreams(DefaultLauncher.java:226) ~[junit-platform-launcher-1.6.2.jar:1.6.2]
	at org.junit.platform.launcher.core.DefaultLauncher.execute(DefaultLauncher.java:199) ~[junit-platform-launcher-1.6.2.jar:1.6.2]
	at org.junit.platform.launcher.core.DefaultLauncher.execute(DefaultLauncher.java:132) ~[junit-platform-launcher-1.6.2.jar:1.6.2]
	at com.intellij.junit5.JUnit5IdeaTestRunner.startRunnerWithArgs(JUnit5IdeaTestRunner.java:57) ~[junit5-rt.jar:na]
	at com.intellij.rt.junit.IdeaTestRunner$Repeater$1.execute(IdeaTestRunner.java:38) ~[junit-rt.jar:na]
	at com.intellij.rt.execution.junit.TestsRepeater.repeat(TestsRepeater.java:11) ~[idea_rt.jar:na]
	at com.intellij.rt.junit.IdeaTestRunner$Repeater.startRunnerWithArgs(IdeaTestRunner.java:35) ~[junit-rt.jar:na]
	at com.intellij.rt.junit.JUnitStarter.prepareStreamsAndStart(JUnitStarter.java:232) ~[junit-rt.jar:na]
	at com.intellij.rt.junit.JUnitStarter.main(JUnitStarter.java:55) ~[junit-rt.jar:na]
Caused by: org.springframework.beans.factory.UnsatisfiedDependencyException: Error creating bean with name 'org.springframework.boot.autoconfigure.orm.jpa.HibernateJpaConfiguration': Unsatisfied dependency expressed through constructor parameter 0; nested exception is org.springframework.beans.factory.BeanCreationException: Error creating bean with name 'dataSource' defined in class path resource [org/springframework/boot/autoconfigure/jdbc/DataSourceConfiguration$Hikari.class]: Bean instantiation via factory method failed; nested exception is org.springframework.beans.BeanInstantiationException: Failed to instantiate [com.zaxxer.hikari.HikariDataSource]: Factory method 'dataSource' threw exception; nested exception is java.lang.IllegalArgumentException: URL must start with 'jdbc'
	at org.springframework.beans.factory.support.ConstructorResolver.createArgumentArray(ConstructorResolver.java:798) ~[spring-beans-5.2.6.RELEASE.jar:5.2.6.RELEASE]
	at org.springframework.beans.factory.support.ConstructorResolver.autowireConstructor(ConstructorResolver.java:228) ~[spring-beans-5.2.6.RELEASE.jar:5.2.6.RELEASE]
	at org.springframework.beans.factory.support.AbstractAutowireCapableBeanFactory.autowireConstructor(AbstractAutowireCapableBeanFactory.java:1358) ~[spring-beans-5.2.6.RELEASE.jar:5.2.6.RELEASE]
	at org.springframework.beans.factory.support.AbstractAutowireCapableBeanFactory.createBeanInstance(AbstractAutowireCapableBeanFactory.java:1204) ~[spring-beans-5.2.6.RELEASE.jar:5.2.6.RELEASE]
	at org.springframework.beans.factory.support.AbstractAutowireCapableBeanFactory.doCreateBean(AbstractAutowireCapableBeanFactory.java:557) ~[spring-beans-5.2.6.RELEASE.jar:5.2.6.RELEASE]
	at org.springframework.beans.factory.support.AbstractAutowireCapableBeanFactory.createBean(AbstractAutowireCapableBeanFactory.java:517) ~[spring-beans-5.2.6.RELEASE.jar:5.2.6.RELEASE]
	at org.springframework.beans.factory.support.AbstractBeanFactory.lambda$doGetBean$0(AbstractBeanFactory.java:323) ~[spring-beans-5.2.6.RELEASE.jar:5.2.6.RELEASE]
	at org.springframework.beans.factory.support.DefaultSingletonBeanRegistry.getSingleton(DefaultSingletonBeanRegistry.java:226) ~[spring-beans-5.2.6.RELEASE.jar:5.2.6.RELEASE]
	at org.springframework.beans.factory.support.AbstractBeanFactory.doGetBean(AbstractBeanFactory.java:321) ~[spring-beans-5.2.6.RELEASE.jar:5.2.6.RELEASE]
	at org.springframework.beans.factory.support.AbstractBeanFactory.getBean(AbstractBeanFactory.java:202) ~[spring-beans-5.2.6.RELEASE.jar:5.2.6.RELEASE]
	at org.springframework.beans.factory.support.ConstructorResolver.instantiateUsingFactoryMethod(ConstructorResolver.java:409) ~[spring-beans-5.2.6.RELEASE.jar:5.2.6.RELEASE]
	at org.springframework.beans.factory.support.AbstractAutowireCapableBeanFactory.instantiateUsingFactoryMethod(AbstractAutowireCapableBeanFactory.java:1338) ~[spring-beans-5.2.6.RELEASE.jar:5.2.6.RELEASE]
	at org.springframework.beans.factory.support.AbstractAutowireCapableBeanFactory.createBeanInstance(AbstractAutowireCapableBeanFactory.java:1177) ~[spring-beans-5.2.6.RELEASE.jar:5.2.6.RELEASE]
	at org.springframework.beans.factory.support.AbstractAutowireCapableBeanFactory.doCreateBean(AbstractAutowireCapableBeanFactory.java:557) ~[spring-beans-5.2.6.RELEASE.jar:5.2.6.RELEASE]
	at org.springframework.beans.factory.support.AbstractAutowireCapableBeanFactory.createBean(AbstractAutowireCapableBeanFactory.java:517) ~[spring-beans-5.2.6.RELEASE.jar:5.2.6.RELEASE]
	at org.springframework.beans.factory.support.AbstractBeanFactory.lambda$doGetBean$0(AbstractBeanFactory.java:323) ~[spring-beans-5.2.6.RELEASE.jar:5.2.6.RELEASE]
	at org.springframework.beans.factory.support.DefaultSingletonBeanRegistry.getSingleton(DefaultSingletonBeanRegistry.java:226) ~[spring-beans-5.2.6.RELEASE.jar:5.2.6.RELEASE]
	at org.springframework.beans.factory.support.AbstractBeanFactory.doGetBean(AbstractBeanFactory.java:321) ~[spring-beans-5.2.6.RELEASE.jar:5.2.6.RELEASE]
	at org.springframework.beans.factory.support.AbstractBeanFactory.getBean(AbstractBeanFactory.java:202) ~[spring-beans-5.2.6.RELEASE.jar:5.2.6.RELEASE]
	at org.springframework.context.support.AbstractApplicationContext.getBean(AbstractApplicationContext.java:1108) ~[spring-context-5.2.6.RELEASE.jar:5.2.6.RELEASE]
	at org.springframework.context.support.AbstractApplicationContext.finishBeanFactoryInitialization(AbstractApplicationContext.java:868) ~[spring-context-5.2.6.RELEASE.jar:5.2.6.RELEASE]
	at org.springframework.context.support.AbstractApplicationContext.refresh(AbstractApplicationContext.java:550) ~[spring-context-5.2.6.RELEASE.jar:5.2.6.RELEASE]
	at org.springframework.boot.SpringApplication.refresh(SpringApplication.java:758) ~[spring-boot-2.3.0.RELEASE.jar:2.3.0.RELEASE]
	at org.springframework.boot.SpringApplication.refresh(SpringApplication.java:750) ~[spring-boot-2.3.0.RELEASE.jar:2.3.0.RELEASE]
	at org.springframework.boot.SpringApplication.refreshContext(SpringApplication.java:397) ~[spring-boot-2.3.0.RELEASE.jar:2.3.0.RELEASE]
	at org.springframework.boot.SpringApplication.run(SpringApplication.java:315) ~[spring-boot-2.3.0.RELEASE.jar:2.3.0.RELEASE]
	at org.springframework.boot.test.context.SpringBootContextLoader.loadContext(SpringBootContextLoader.java:120) ~[spring-boot-test-2.3.0.RELEASE.jar:2.3.0.RELEASE]
	at org.springframework.test.context.cache.DefaultCacheAwareContextLoaderDelegate.loadContextInternal(DefaultCacheAwareContextLoaderDelegate.java:99) ~[spring-test-5.2.6.RELEASE.jar:5.2.6.RELEASE]
	at org.springframework.test.context.cache.DefaultCacheAwareContextLoaderDelegate.loadContext(DefaultCacheAwareContextLoaderDelegate.java:124) ~[spring-test-5.2.6.RELEASE.jar:5.2.6.RELEASE]
	... 65 common frames omitted
Caused by: org.springframework.beans.factory.BeanCreationException: Error creating bean with name 'dataSource' defined in class path resource [org/springframework/boot/autoconfigure/jdbc/DataSourceConfiguration$Hikari.class]: Bean instantiation via factory method failed; nested exception is org.springframework.beans.BeanInstantiationException: Failed to instantiate [com.zaxxer.hikari.HikariDataSource]: Factory method 'dataSource' threw exception; nested exception is java.lang.IllegalArgumentException: URL must start with 'jdbc'
	at org.springframework.beans.factory.support.ConstructorResolver.instantiate(ConstructorResolver.java:656) ~[spring-beans-5.2.6.RELEASE.jar:5.2.6.RELEASE]
	at org.springframework.beans.factory.support.ConstructorResolver.instantiateUsingFactoryMethod(ConstructorResolver.java:636) ~[spring-beans-5.2.6.RELEASE.jar:5.2.6.RELEASE]
	at org.springframework.beans.factory.support.AbstractAutowireCapableBeanFactory.instantiateUsingFactoryMethod(AbstractAutowireCapableBeanFactory.java:1338) ~[spring-beans-5.2.6.RELEASE.jar:5.2.6.RELEASE]
	at org.springframework.beans.factory.support.AbstractAutowireCapableBeanFactory.createBeanInstance(AbstractAutowireCapableBeanFactory.java:1177) ~[spring-beans-5.2.6.RELEASE.jar:5.2.6.RELEASE]
	at org.springframework.beans.factory.support.AbstractAutowireCapableBeanFactory.doCreateBean(AbstractAutowireCapableBeanFactory.java:557) ~[spring-beans-5.2.6.RELEASE.jar:5.2.6.RELEASE]
	at org.springframework.beans.factory.support.AbstractAutowireCapableBeanFactory.createBean(AbstractAutowireCapableBeanFactory.java:517) ~[spring-beans-5.2.6.RELEASE.jar:5.2.6.RELEASE]
	at org.springframework.beans.factory.support.AbstractBeanFactory.lambda$doGetBean$0(AbstractBeanFactory.java:323) ~[spring-beans-5.2.6.RELEASE.jar:5.2.6.RELEASE]
	at org.springframework.beans.factory.support.DefaultSingletonBeanRegistry.getSingleton(DefaultSingletonBeanRegistry.java:226) ~[spring-beans-5.2.6.RELEASE.jar:5.2.6.RELEASE]
	at org.springframework.beans.factory.support.AbstractBeanFactory.doGetBean(AbstractBeanFactory.java:321) ~[spring-beans-5.2.6.RELEASE.jar:5.2.6.RELEASE]
	at org.springframework.beans.factory.support.AbstractBeanFactory.getBean(AbstractBeanFactory.java:202) ~[spring-beans-5.2.6.RELEASE.jar:5.2.6.RELEASE]
	at org.springframework.beans.factory.config.DependencyDescriptor.resolveCandidate(DependencyDescriptor.java:276) ~[spring-beans-5.2.6.RELEASE.jar:5.2.6.RELEASE]
	at org.springframework.beans.factory.support.DefaultListableBeanFactory.doResolveDependency(DefaultListableBeanFactory.java:1306) ~[spring-beans-5.2.6.RELEASE.jar:5.2.6.RELEASE]
	at org.springframework.beans.factory.support.DefaultListableBeanFactory.resolveDependency(DefaultListableBeanFactory.java:1226) ~[spring-beans-5.2.6.RELEASE.jar:5.2.6.RELEASE]
	at org.springframework.beans.factory.support.ConstructorResolver.resolveAutowiredArgument(ConstructorResolver.java:885) ~[spring-beans-5.2.6.RELEASE.jar:5.2.6.RELEASE]
	at org.springframework.beans.factory.support.ConstructorResolver.createArgumentArray(ConstructorResolver.java:789) ~[spring-beans-5.2.6.RELEASE.jar:5.2.6.RELEASE]
	... 93 common frames omitted
Caused by: org.springframework.beans.BeanInstantiationException: Failed to instantiate [com.zaxxer.hikari.HikariDataSource]: Factory method 'dataSource' threw exception; nested exception is java.lang.IllegalArgumentException: URL must start with 'jdbc'
	at org.springframework.beans.factory.support.SimpleInstantiationStrategy.instantiate(SimpleInstantiationStrategy.java:185) ~[spring-beans-5.2.6.RELEASE.jar:5.2.6.RELEASE]
	at org.springframework.beans.factory.support.ConstructorResolver.instantiate(ConstructorResolver.java:651) ~[spring-beans-5.2.6.RELEASE.jar:5.2.6.RELEASE]
	... 107 common frames omitted
Caused by: java.lang.IllegalArgumentException: URL must start with 'jdbc'
	at org.springframework.util.Assert.isTrue(Assert.java:118) ~[spring-core-5.2.6.RELEASE.jar:5.2.6.RELEASE]
	at org.springframework.boot.jdbc.DatabaseDriver.fromJdbcUrl(DatabaseDriver.java:283) ~[spring-boot-2.3.0.RELEASE.jar:2.3.0.RELEASE]
	at org.springframework.boot.autoconfigure.jdbc.DataSourceProperties.determineDriverClassName(DataSourceProperties.java:228) ~[spring-boot-autoconfigure-2.3.0.RELEASE.jar:2.3.0.RELEASE]
	at org.springframework.boot.autoconfigure.jdbc.DataSourceProperties.initializeDataSourceBuilder(DataSourceProperties.java:175) ~[spring-boot-autoconfigure-2.3.0.RELEASE.jar:2.3.0.RELEASE]
	at org.springframework.boot.autoconfigure.jdbc.DataSourceConfiguration.createDataSource(DataSourceConfiguration.java:43) ~[spring-boot-autoconfigure-2.3.0.RELEASE.jar:2.3.0.RELEASE]
	at org.springframework.boot.autoconfigure.jdbc.DataSourceConfiguration$Hikari.dataSource(DataSourceConfiguration.java:85) ~[spring-boot-autoconfigure-2.3.0.RELEASE.jar:2.3.0.RELEASE]
	at java.base/jdk.internal.reflect.NativeMethodAccessorImpl.invoke0(Native Method) ~[na:na]
	at java.base/jdk.internal.reflect.NativeMethodAccessorImpl.invoke(NativeMethodAccessorImpl.java:77) ~[na:na]
	at java.base/jdk.internal.reflect.DelegatingMethodAccessorImpl.invoke(DelegatingMethodAccessorImpl.java:43) ~[na:na]
	at java.base/java.lang.reflect.Method.invoke(Method.java:569) ~[na:na]
	at org.springframework.beans.factory.support.SimpleInstantiationStrategy.instantiate(SimpleInstantiationStrategy.java:154) ~[spring-beans-5.2.6.RELEASE.jar:5.2.6.RELEASE]
	... 108 common frames omitted

2025-09-11 20:27:55.343  INFO 8820 --- [main] ingBootSecurityThymeleafApplicationTests : Starting RegistrationLoginSpringBootSecurityThymeleafApplicationTests on Jatins-MacBook-Air.local with PID 8820 (started by jatinyadav in /Users/jatinyadav/Desktop/Booking-system)
2025-09-11 20:27:55.344  INFO 8820 --- [main] ingBootSecurityThymeleafApplicationTests : No active profile set, falling back to default profiles: default
2025-09-11 20:27:55.618  INFO 8820 --- [main] .s.d.r.c.RepositoryConfigurationDelegate : Bootstrapping Spring Data JPA repositories in DEFERRED mode.
2025-09-11 20:27:55.643  INFO 8820 --- [main] .s.d.r.c.RepositoryConfigurationDelegate : Finished Spring Data repository scanning in 22ms. Found 5 JPA repository interfaces.
2025-09-11 20:27:55.856  INFO 8820 --- [main] o.s.s.concurrent.ThreadPoolTaskExecutor  : Initializing ExecutorService 'applicationTaskExecutor'
2025-09-11 20:27:55.876  INFO 8820 --- [task-1] o.hibernate.jpa.internal.util.LogHelper  : HHH000204: Processing PersistenceUnitInfo [name: default]
2025-09-11 20:27:55.899  INFO 8820 --- [task-1] org.hibernate.Version                    : HHH000412: Hibernate ORM core version 5.4.15.Final
2025-09-11 20:27:55.902  WARN 8820 --- [main] JpaBaseConfiguration$JpaWebConfiguration : spring.jpa.open-in-view is enabled by default. Therefore, database queries may be performed during view rendering. Explicitly configure spring.jpa.open-in-view to disable this warning
2025-09-11 20:27:55.953  INFO 8820 --- [task-1] o.hibernate.annotations.common.Version   : HCANN000001: Hibernate Commons Annotations {5.1.0.Final}
2025-09-11 20:27:55.967 DEBUG 8820 --- [task-1] org.hibernate.type.BasicTypeRegistry     : Adding type registration boolean -> org.hibernate.type.BooleanType@65f6d82d
2025-09-11 20:27:55.967 DEBUG 8820 --- [task-1] org.hibernate.type.BasicTypeRegistry     : Adding type registration boolean -> org.hibernate.type.BooleanType@65f6d82d
2025-09-11 20:27:55.967 DEBUG 8820 --- [task-1] org.hibernate.type.BasicTypeRegistry     : Adding type registration java.lang.Boolean -> org.hibernate.type.BooleanType@65f6d82d
2025-09-11 20:27:55.968 DEBUG 8820 --- [task-1] org.hibernate.type.BasicTypeRegistry     : Adding type registration numeric_boolean -> org.hibernate.type.NumericBooleanType@5a87a8a
2025-09-11 20:27:55.968 DEBUG 8820 --- [task-1] org.hibernate.type.BasicTypeRegistry     : Adding type registration true_false -> org.hibernate.type.TrueFalseType@1ed27e19
2025-09-11 20:27:55.968 DEBUG 8820 --- [task-1] org.hibernate.type.BasicTypeRegistry     : Adding type registration yes_no -> org.hibernate.type.YesNoType@6077c9bf
2025-09-11 20:27:55.968 DEBUG 8820 --- [task-1] org.hibernate.type.BasicTypeRegistry     : Adding type registration byte -> org.hibernate.type.ByteType@36b5c16e
2025-09-11 20:27:55.968 DEBUG 8820 --- [task-1] org.hibernate.type.BasicTypeRegistry     : Adding type registration byte -> org.hibernate.type.ByteType@36b5c16e
2025-09-11 20:27:55.968 DEBUG 8820 --- [task-1] org.hibernate.type.BasicTypeRegistry     : Adding type registration java.lang.Byte -> org.hibernate.type.ByteType@36b5c16e
2025-09-11 20:27:55.968 DEBUG 8820 --- [task-1] org.hibernate.type.BasicTypeRegistry     : Adding type registration character -> org.hibernate.type.CharacterType@487736ea
2025-09-11 20:27:55.968 DEBUG 8820 --- [task-1] org.hibernate.type.BasicTypeRegistry     : Adding type registration char -> org.hibernate.type.CharacterType@487736ea
2025-09-11 20:27:55.969 DEBUG 8820 --- [task-1] org.hibernate.type.BasicTypeRegistry     : Adding type registration java.lang.Character -> org.hibernate.type.CharacterType@487736ea
2025-09-11 20:27:55.969 DEBUG 8820 --- [task-1] org.hibernate.type.BasicTypeRegistry     : Adding type registration short -> org.hibernate.type.ShortType@143bdeab
2025-09-11 20:27:55.969 DEBUG 8820 --- [task-1] org.hibernate.type.BasicTypeRegistry     : Adding type registration short -> org.hibernate.type.ShortType@143bdeab
2025-09-11 20:27:55.969 DEBUG 8820 --- [task-1] org.hibernate.type.BasicTypeRegistry     : Adding type registration java.lang.Short -> org.hibernate.type.ShortType@143bdeab
2025-09-11 20:27:55.969 DEBUG 8820 --- [task-1] org.hibernate.type.BasicTypeRegistry     : Adding type registration integer -> org.hibernate.type.IntegerType@46445bb6
2025-09-11 20:27:55.969 DEBUG 8820 --- [task-1] org.hibernate.type.BasicTypeRegistry     : Adding type registration int -> org.hibernate.type.IntegerType@46445bb6
2025-09-11 20:27:55.969 DEBUG 8820 --- [task-1] org.hibernate.type.BasicTypeRegistry     : Adding type registration java.lang.Integer -> org.hibernate.type.IntegerType@46445bb6
2025-09-11 20:27:55.969 DEBUG 8820 --- [task-1] org.hibernate.type.BasicTypeRegistry     : Adding type registration long -> org.hibernate.type.LongType@164768ce
2025-09-11 20:27:55.969 DEBUG 8820 --- [task-1] org.hibernate.type.BasicTypeRegistry     : Adding type registration long -> org.hibernate.type.LongType@164768ce
2025-09-11 20:27:55.970 DEBUG 8820 --- [task-1] org.hibernate.type.BasicTypeRegistry     : Adding type registration java.lang.Long -> org.hibernate.type.LongType@164768ce
2025-09-11 20:27:55.970 DEBUG 8820 --- [task-1] org.hibernate.type.BasicTypeRegistry     : Adding type registration float -> org.hibernate.type.FloatType@730641d9
2025-09-11 20:27:55.970 DEBUG 8820 --- [task-1] org.hibernate.type.BasicTypeRegistry     : Adding type registration float -> org.hibernate.type.FloatType@730641d9
2025-09-11 20:27:55.970 DEBUG 8820 --- [task-1] org.hibernate.type.BasicTypeRegistry     : Adding type registration java.lang.Float -> org.hibernate.type.FloatType@730641d9
2025-09-11 20:27:55.970 DEBUG 8820 --- [task-1] org.hibernate.type.BasicTypeRegistry     : Adding type registration double -> org.hibernate.type.DoubleType@504bed91
2025-09-11 20:27:55.970 DEBUG 8820 --- [task-1] org.hibernate.type.BasicTypeRegistry     : Adding type registration double -> org.hibernate.type.DoubleType@504bed91
2025-09-11 20:27:55.970 DEBUG 8820 --- [task-1] org.hibernate.type.BasicTypeRegistry     : Adding type registration java.lang.Double -> org.hibernate.type.DoubleType@504bed91
2025-09-11 20:27:55.971 DEBUG 8820 --- [task-1] org.hibernate.type.BasicTypeRegistry     : Adding type registration big_decimal -> org.hibernate.type.BigDecimalType@6df88428
2025-09-11 20:27:55.971 DEBUG 8820 --- [task-1] org.hibernate.type.BasicTypeRegistry     : Adding type registration java.math.BigDecimal -> org.hibernate.type.BigDecimalType@6df88428
2025-09-11 20:27:55.971 DEBUG 8820 --- [task-1] org.hibernate.type.BasicTypeRegistry     : Adding type registration big_integer -> org.hibernate.type.BigIntegerType@514972b6
2025-09-11 20:27:55.971 DEBUG 8820 --- [task-1] org.hibernate.type.BasicTypeRegistry     : Adding type registration java.math.BigInteger -> org.hibernate.type.BigIntegerType@514972b6
2025-09-11 20:27:55.972 DEBUG 8820 --- [task-1] org.hibernate.type.BasicTypeRegistry     : Adding type registration string -> org.hibernate.type.StringType@288f77e5
2025-09-11 20:27:55.972 DEBUG 8820 --- [task-1] org.hibernate.type.BasicTypeRegistry     : Adding type registration java.lang.String -> org.hibernate.type.StringType@288f77e5
2025-09-11 20:27:55.972 DEBUG 8820 --- [task-1] org.hibernate.type.BasicTypeRegistry     : Adding type registration nstring -> org.hibernate.type.StringNVarcharType@6a4d76c7
2025-09-11 20:27:55.972 DEBUG 8820 --- [task-1] org.hibernate.type.BasicTypeRegistry     : Adding type registration ncharacter -> org.hibernate.type.CharacterNCharType@4b87d8d0
2025-09-11 20:27:55.972 DEBUG 8820 --- [task-1] org.hibernate.type.BasicTypeRegistry     : Adding type registration url -> org.hibernate.type.UrlType@7ce05f5d
2025-09-11 20:27:55.972 DEBUG 8820 --- [task-1] org.hibernate.type.BasicTypeRegistry     : Adding type registration java.net.URL -> org.hibernate.type.UrlType@7ce05f5d
2025-09-11 20:27:55.973 DEBUG 8820 --- [task-1] org.hibernate.type.BasicTypeRegistry     : Adding type registration Duration -> org.hibernate.type.DurationType@52c88ae7
2025-09-11 20:27:55.973 DEBUG 8820 --- [task-1] org.hibernate.type.BasicTypeRegistry     : Adding type registration java.time.Duration -> org.hibernate.type.DurationType@52c88ae7
2025-09-11 20:27:55.973 DEBUG 8820 --- [task-1] org.hibernate.type.BasicTypeRegistry     : Adding type registration Instant -> org.hibernate.type.InstantType@5ca518a2
2025-09-11 20:27:55.973 DEBUG 8820 --- [task-1] org.hibernate.type.BasicTypeRegistry     : Adding type registration java.time.Instant -> org.hibernate.type.InstantType@5ca518a2
2025-09-11 20:27:55.973 DEBUG 8820 --- [task-1] org.hibernate.type.BasicTypeRegistry     : Adding type registration LocalDateTime -> org.hibernate.type.LocalDateTimeType@7bedcbb1
2025-09-11 20:27:55.973 DEBUG 8820 --- [task-1] org.hibernate.type.BasicTypeRegistry     : Adding type registration java.time.LocalDateTime -> org.hibernate.type.LocalDateTimeType@7bedcbb1
2025-09-11 20:27:55.974 DEBUG 8820 --- [task-1] org.hibernate.type.BasicTypeRegistry     : Adding type registration LocalDate -> org.hibernate.type.LocalDateType@38c61da7
2025-09-11 20:27:55.974 DEBUG 8820 --- [task-1] org.hibernate.type.BasicTypeRegistry     : Adding type registration java.time.LocalDate -> org.hibernate.type.LocalDateType@38c61da7
2025-09-11 20:27:55.974 DEBUG 8820 --- [task-1] org.hibernate.type.BasicTypeRegistry     : Adding type registration LocalTime -> org.hibernate.type.LocalTimeType@437efded
2025-09-11 20:27:55.974 DEBUG 8820 --- [task-1] org.hibernate.type.BasicTypeRegistry     : Adding type registration java.time.LocalTime -> org.hibernate.type.LocalTimeType@437efded
2025-09-11 20:27:55.974 DEBUG 8820 --- [task-1] org.hibernate.type.BasicTypeRegistry     : Adding type registration OffsetDateTime -> org.hibernate.type.OffsetDateTimeType@618d9fbd
2025-09-11 20:27:55.974 DEBUG 8820 --- [task-1] org.hibernate.type.BasicTypeRegistry     : Adding type registration java.time.OffsetDateTime -> org.hibernate.type.OffsetDateTimeType@618d9fbd
2025-09-11 20:27:55.975 DEBUG 8820 --- [task-1] org.hibernate.type.BasicTypeRegistry     : Adding type registration OffsetTime -> org.hibernate.type.OffsetTimeType@4beb64ee
2025-09-11 20:27:55.975 DEBUG 8820 --- [task-1] org.hibernate.type.BasicTypeRegistry     : Adding type registration java.time.OffsetTime -> org.hibernate.type.OffsetTimeType@4beb64ee
2025-09-11 20:27:55.975 DEBUG 8820 --- [task-1] org.hibernate.type.BasicTypeRegistry     : Adding type registration ZonedDateTime -> org.hibernate.type.ZonedDateTimeType@5de63f64
2025-09-11 20:27:55.975 DEBUG 8820 --- [task-1] org.hibernate.type.BasicTypeRegistry     : Adding type registration java.time.ZonedDateTime -> org.hibernate.type.ZonedDateTimeType@5de63f64
2025-09-11 20:27:55.975 DEBUG 8820 --- [task-1] org.hibernate.type.BasicTypeRegistry     : Adding type registration date -> org.hibernate.type.DateType@324948e0
2025-09-11 20:27:55.975 DEBUG 8820 --- [task-1] org.hibernate.type.BasicTypeRegistry     : Adding type registration java.sql.Date -> org.hibernate.type.DateType@324948e0
2025-09-11 20:27:55.976 DEBUG 8820 --- [task-1] org.hibernate.type.BasicTypeRegistry     : Adding type registration time -> org.hibernate.type.TimeType@4cb0e4ad
2025-09-11 20:27:55.976 DEBUG 8820 --- [task-1] org.hibernate.type.BasicTypeRegistry     : Adding type registration java.sql.Time -> org.hibernate.type.TimeType@4cb0e4ad
2025-09-11 20:27:55.976 DEBUG 8820 --- [task-1] org.hibernate.type.BasicTypeRegistry     : Adding type registration timestamp -> org.hibernate.type.TimestampType@797d7cf3
2025-09-11 20:27:55.976 DEBUG 8820 --- [task-1] org.hibernate.type.BasicTypeRegistry     : Adding type registration java.sql.Timestamp -> org.hibernate.type.TimestampType@797d7cf3
2025-09-11 20:27:55.976 DEBUG 8820 --- [task-1] org.hibernate.type.BasicTypeRegistry     : Adding type registration java.util.Date -> org.hibernate.type.TimestampType@797d7cf3
2025-09-11 20:27:55.976 DEBUG 8820 --- [task-1] org.hibernate.type.BasicTypeRegistry     : Adding type registration dbtimestamp -> org.hibernate.type.DbTimestampType@4efce76
2025-09-11 20:27:55.977 DEBUG 8820 --- [task-1] org.hibernate.type.BasicTypeRegistry     : Adding type registration calendar -> org.hibernate.type.CalendarType@685c7ae5
2025-09-11 20:27:55.977 DEBUG 8820 --- [task-1] org.hibernate.type.BasicTypeRegistry     : Adding type registration java.util.Calendar -> org.hibernate.type.CalendarType@685c7ae5
2025-09-11 20:27:55.977 DEBUG 8820 --- [task-1] org.hibernate.type.BasicTypeRegistry     : Adding type registration java.util.GregorianCalendar -> org.hibernate.type.CalendarType@685c7ae5
2025-09-11 20:27:55.977 DEBUG 8820 --- [task-1] org.hibernate.type.BasicTypeRegistry     : Adding type registration calendar_date -> org.hibernate.type.CalendarDateType@3ef58db5
2025-09-11 20:27:55.977 DEBUG 8820 --- [task-1] org.hibernate.type.BasicTypeRegistry     : Adding type registration calendar_time -> org.hibernate.type.CalendarTimeType@25423e7a
2025-09-11 20:27:55.978 DEBUG 8820 --- [task-1] org.hibernate.type.BasicTypeRegistry     : Adding type registration locale -> org.hibernate.type.LocaleType@436c24b8
2025-09-11 20:27:55.978 DEBUG 8820 --- [task-1] org.hibernate.type.BasicTypeRegistry     : Adding type registration java.util.Locale -> org.hibernate.type.LocaleType@436c24b8
2025-09-11 20:27:55.978 DEBUG 8820 --- [task-1] org.hibernate.type.BasicTypeRegistry     : Adding type registration currency -> org.hibernate.type.CurrencyType@54c666a1
2025-09-11 20:27:55.978 DEBUG 8820 --- [task-1] org.hibernate.type.BasicTypeRegistry     : Adding type registration java.util.Currency -> org.hibernate.type.CurrencyType@54c666a1
2025-09-11 20:27:55.978 DEBUG 8820 --- [task-1] org.hibernate.type.BasicTypeRegistry     : Adding type registration timezone -> org.hibernate.type.TimeZoneType@2b1da5ca
2025-09-11 20:27:55.978 DEBUG 8820 --- [task-1] org.hibernate.type.BasicTypeRegistry     : Adding type registration java.util.TimeZone -> org.hibernate.type.TimeZoneType@2b1da5ca
2025-09-11 20:27:55.978 DEBUG 8820 --- [task-1] org.hibernate.type.BasicTypeRegistry     : Adding type registration class -> org.hibernate.type.ClassType@5326e144
2025-09-11 20:27:55.978 DEBUG 8820 --- [task-1] org.hibernate.type.BasicTypeRegistry     : Adding type registration java.lang.Class -> org.hibernate.type.ClassType@5326e144
2025-09-11 20:27:55.979 DEBUG 8820 --- [task-1] org.hibernate.type.BasicTypeRegistry     : Adding type registration uuid-binary -> org.hibernate.type.UUIDBinaryType@73f64364
2025-09-11 20:27:55.979 DEBUG 8820 --- [task-1] org.hibernate.type.BasicTypeRegistry     : Adding type registration java.util.UUID -> org.hibernate.type.UUIDBinaryType@73f64364
2025-09-11 20:27:55.979 DEBUG 8820 --- [task-1] org.hibernate.type.BasicTypeRegistry     : Adding type registration uuid-char -> org.hibernate.type.UUIDCharType@11599748
2025-09-11 20:27:55.979 DEBUG 8820 --- [task-1] org.hibernate.type.BasicTypeRegistry     : Adding type registration binary -> org.hibernate.type.BinaryType@3ac91938
2025-09-11 20:27:55.979 DEBUG 8820 --- [task-1] org.hibernate.type.BasicTypeRegistry     : Adding type registration byte[] -> org.hibernate.type.BinaryType@3ac91938
2025-09-11 20:27:55.979 DEBUG 8820 --- [task-1] org.hibernate.type.BasicTypeRegistry     : Adding type registration [B -> org.hibernate.type.BinaryType@3ac91938
2025-09-11 20:27:55.979 DEBUG 8820 --- [task-1] org.hibernate.type.BasicTypeRegistry     : Adding type registration wrapper-binary -> org.hibernate.type.WrapperBinaryType@1ff6f744
2025-09-11 20:27:55.979 DEBUG 8820 --- [task-1] org.hibernate.type.BasicTypeRegistry     : Adding type registration Byte[] -> org.hibernate.type.WrapperBinaryType@1ff6f744
2025-09-11 20:27:55.979 DEBUG 8820 --- [task-1] org.hibernate.type.BasicTypeRegistry     : Adding type registration [Ljava.lang.Byte; -> org.hibernate.type.WrapperBinaryType@1ff6f744
2025-09-11 20:27:55.979 DEBUG 8820 --- [task-1] org.hibernate.type.BasicTypeRegistry     : Adding type registration row_version -> org.hibernate.type.RowVersionType@67697e89
2025-09-11 20:27:55.980 DEBUG 8820 --- [task-1] org.hibernate.type.BasicTypeRegistry     : Adding type registration image -> org.hibernate.type.ImageType@4e9b958
2025-09-11 20:27:55.980 DEBUG 8820 --- [task-1] org.hibernate.type.BasicTypeRegistry     : Adding type registration characters -> org.hibernate.type.CharArrayType@7230657f
2025-09-11 20:27:55.980 DEBUG 8820 --- [task-1] org.hibernate.type.BasicTypeRegistry     : Adding type registration char[] -> org.hibernate.type.CharArrayType@7230657f
2025-09-11 20:27:55.980 DEBUG 8820 --- [task-1] org.hibernate.type.BasicTypeRegistry     : Adding type registration [C -> org.hibernate.type.CharArrayType@7230657f
2025-09-11 20:27:55.980 DEBUG 8820 --- [task-1] org.hibernate.type.BasicTypeRegistry     : Adding type registration wrapper-characters -> org.hibernate.type.CharacterArrayType@77215217
2025-09-11 20:27:55.980 DEBUG 8820 --- [task-1] org.hibernate.type.BasicTypeRegistry     : Adding type registration [Ljava.lang.Character; -> org.hibernate.type.CharacterArrayType@77215217
2025-09-11 20:27:55.980 DEBUG 8820 --- [task-1] org.hibernate.type.BasicTypeRegistry     : Adding type registration Character[] -> org.hibernate.type.CharacterArrayType@77215217
2025-09-11 20:27:55.980 DEBUG 8820 --- [task-1] org.hibernate.type.BasicTypeRegistry     : Adding type registration text -> org.hibernate.type.TextType@4e14ec15
2025-09-11 20:27:55.980 DEBUG 8820 --- [task-1] org.hibernate.type.BasicTypeRegistry     : Adding type registration ntext -> org.hibernate.type.NTextType@341686f6
2025-09-11 20:27:55.984 DEBUG 8820 --- [task-1] org.hibernate.type.BasicTypeRegistry     : Adding type registration blob -> org.hibernate.type.BlobType@222848bc
2025-09-11 20:27:55.984 DEBUG 8820 --- [task-1] org.hibernate.type.BasicTypeRegistry     : Adding type registration java.sql.Blob -> org.hibernate.type.BlobType@222848bc
2025-09-11 20:27:55.984 DEBUG 8820 --- [task-1] org.hibernate.type.BasicTypeRegistry     : Adding type registration materialized_blob -> org.hibernate.type.MaterializedBlobType@129d6209
2025-09-11 20:27:55.985 DEBUG 8820 --- [task-1] org.hibernate.type.BasicTypeRegistry     : Adding type registration clob -> org.hibernate.type.ClobType@1a9f5040
2025-09-11 20:27:55.985 DEBUG 8820 --- [task-1] org.hibernate.type.BasicTypeRegistry     : Adding type registration java.sql.Clob -> org.hibernate.type.ClobType@1a9f5040
2025-09-11 20:27:55.985 DEBUG 8820 --- [task-1] org.hibernate.type.BasicTypeRegistry     : Adding type registration nclob -> org.hibernate.type.NClobType@16ded4f2
2025-09-11 20:27:55.985 DEBUG 8820 --- [task-1] org.hibernate.type.BasicTypeRegistry     : Adding type registration java.sql.NClob -> org.hibernate.type.NClobType@16ded4f2
2025-09-11 20:27:55.985 DEBUG 8820 --- [task-1] org.hibernate.type.BasicTypeRegistry     : Adding type registration materialized_clob -> org.hibernate.type.MaterializedClobType@6ae078ed
2025-09-11 20:27:55.985 DEBUG 8820 --- [task-1] org.hibernate.type.BasicTypeRegistry     : Adding type registration materialized_nclob -> org.hibernate.type.MaterializedNClobType@4137289e
2025-09-11 20:27:55.986 DEBUG 8820 --- [task-1] org.hibernate.type.BasicTypeRegistry     : Adding type registration serializable -> org.hibernate.type.SerializableType@29e84615
2025-09-11 20:27:55.990 DEBUG 8820 --- [task-1] org.hibernate.type.BasicTypeRegistry     : Adding type registration object -> org.hibernate.type.ObjectType@7f037e59
2025-09-11 20:27:55.990 DEBUG 8820 --- [task-1] org.hibernate.type.BasicTypeRegistry     : Adding type registration java.lang.Object -> org.hibernate.type.ObjectType@7f037e59
2025-09-11 20:27:55.990 DEBUG 8820 --- [task-1] org.hibernate.type.BasicTypeRegistry     : Adding type registration imm_date -> org.hibernate.type.AdaptedImmutableType@4ea65f98
2025-09-11 20:27:55.990 DEBUG 8820 --- [task-1] org.hibernate.type.BasicTypeRegistry     : Adding type registration imm_time -> org.hibernate.type.AdaptedImmutableType@45c18188
2025-09-11 20:27:55.990 DEBUG 8820 --- [task-1] org.hibernate.type.BasicTypeRegistry     : Adding type registration imm_timestamp -> org.hibernate.type.AdaptedImmutableType@351e0de3
2025-09-11 20:27:55.990 DEBUG 8820 --- [task-1] org.hibernate.type.BasicTypeRegistry     : Adding type registration imm_dbtimestamp -> org.hibernate.type.AdaptedImmutableType@77654e4
2025-09-11 20:27:55.990 DEBUG 8820 --- [task-1] org.hibernate.type.BasicTypeRegistry     : Adding type registration imm_calendar -> org.hibernate.type.AdaptedImmutableType@7b50910d
2025-09-11 20:27:55.990 DEBUG 8820 --- [task-1] org.hibernate.type.BasicTypeRegistry     : Adding type registration imm_calendar_date -> org.hibernate.type.AdaptedImmutableType@3254922e
2025-09-11 20:27:55.990 DEBUG 8820 --- [task-1] org.hibernate.type.BasicTypeRegistry     : Adding type registration imm_binary -> org.hibernate.type.AdaptedImmutableType@7760e092
2025-09-11 20:27:55.990 DEBUG 8820 --- [task-1] org.hibernate.type.BasicTypeRegistry     : Adding type registration imm_serializable -> org.hibernate.type.AdaptedImmutableType@42045bee
2025-09-11 20:27:56.010  INFO 8820 --- [task-1] com.zaxxer.hikari.HikariDataSource       : HikariPool-1 - Starting...
2025-09-11 20:27:56.025  INFO 8820 --- [main] o.s.s.web.DefaultSecurityFilterChain     : Creating filter chain: any request, [org.springframework.security.web.context.request.async.WebAsyncManagerIntegrationFilter@19fd43da, org.springframework.security.web.context.SecurityContextPersistenceFilter@5eb5da12, org.springframework.security.web.header.HeaderWriterFilter@4cc65c2, org.springframework.security.web.csrf.CsrfFilter@53940e2f, org.springframework.security.web.authentication.logout.LogoutFilter@4d09cade, org.springframework.security.web.authentication.UsernamePasswordAuthenticationFilter@46fb0c33, org.springframework.security.web.savedrequest.RequestCacheAwareFilter@73c31181, org.springframework.security.web.servletapi.SecurityContextHolderAwareRequestFilter@4d7a64ca, org.springframework.security.web.authentication.AnonymousAuthenticationFilter@115dcaea, org.springframework.security.web.session.SessionManagementFilter@67770b37, org.springframework.security.web.access.ExceptionTranslationFilter@5cd96b41, org.springframework.security.web.access.intercept.FilterSecurityInterceptor@41b64020]
2025-09-11 20:27:56.279  INFO 8820 --- [task-1] com.zaxxer.hikari.HikariDataSource       : HikariPool-1 - Start completed.
2025-09-11 20:27:56.287  INFO 8820 --- [task-1] org.hibernate.dialect.Dialect            : HHH000400: Using dialect: org.hibernate.dialect.MySQL5InnoDBDialect
2025-09-11 20:27:56.325 DEBUG 8820 --- [task-1] o.h.type.spi.TypeConfiguration$Scope     : Scoping TypeConfiguration [org.hibernate.type.spi.TypeConfiguration@48cfbf96] to MetadataBuildingContext [org.hibernate.boot.internal.MetadataBuildingContextRootImpl@280595ae]
2025-09-11 20:27:56.378 DEBUG 8820 --- [task-1] org.hibernate.type.EnumType              : Using NAMED-based conversion for Enum net.javaguides.springboot.model.BookingStatus
2025-09-11 20:27:56.378 DEBUG 8820 --- [task-1] org.hibernate.type.EnumType              : Using NAMED-based conversion for Enum net.javaguides.springboot.model.RoleName
2025-09-11 20:27:56.378 DEBUG 8820 --- [task-1] org.hibernate.type.EnumType              : Using NAMED-based conversion for Enum net.javaguides.springboot.model.ScheduleStatus
2025-09-11 20:27:56.393 DEBUG 8820 --- [task-1] org.hibernate.type.EnumType              : Using NAMED-based conversion for Enum net.javaguides.springboot.model.BookingStatus
2025-09-11 20:27:56.393 DEBUG 8820 --- [task-1] org.hibernate.type.EnumType              : Using NAMED-based conversion for Enum net.javaguides.springboot.model.RoleName
2025-09-11 20:27:56.393 DEBUG 8820 --- [task-1] org.hibernate.type.EnumType              : Using NAMED-based conversion for Enum net.javaguides.springboot.model.ScheduleStatus
2025-09-11 20:27:56.422 DEBUG 8820 --- [task-1] o.h.type.spi.TypeConfiguration$Scope     : Scoping TypeConfiguration [org.hibernate.type.spi.TypeConfiguration@48cfbf96] to SessionFactoryImpl [org.hibernate.internal.SessionFactoryImpl@29ad0962]
2025-09-11 20:27:56.438 DEBUG 8820 --- [task-1] org.hibernate.type.EnumType              : Using NAMED-based conversion for Enum net.javaguides.springboot.model.BookingStatus
2025-09-11 20:27:56.438 DEBUG 8820 --- [task-1] org.hibernate.type.EnumType              : Using NAMED-based conversion for Enum net.javaguides.springboot.model.BookingStatus
2025-09-11 20:27:56.503 DEBUG 8820 --- [task-1] org.hibernate.type.EnumType              : Using NAMED-based conversion for Enum net.javaguides.springboot.model.BookingStatus
2025-09-11 20:27:56.503 DEBUG 8820 --- [task-1] org.hibernate.type.EnumType              : Using NAMED-based conversion for Enum net.javaguides.springboot.model.BookingStatus
2025-09-11 20:27:56.506 DEBUG 8820 --- [task-1] org.hibernate.type.EnumType              : Using NAMED-based conversion for Enum net.javaguides.springboot.model.RoleName
2025-09-11 20:27:56.506 DEBUG 8820 --- [task-1] org.hibernate.type.EnumType              : Using NAMED-based conversion for Enum net.javaguides.springboot.model.RoleName
2025-09-11 20:27:56.510 DEBUG 8820 --- [task-1] org.hibernate.type.EnumType              : Using NAMED-based conversion for Enum net.javaguides.springboot.model.RoleName
2025-09-11 20:27:56.510 DEBUG 8820 --- [task-1] org.hibernate.type.EnumType              : Using NAMED-based conversion for Enum net.javaguides.springboot.model.RoleName
2025-09-11 20:27:56.510 DEBUG 8820 --- [task-1] org.hibernate.type.EnumType              : Using NAMED-based conversion for Enum net.javaguides.springboot.model.ScheduleStatus
2025-09-11 20:27:56.510 DEBUG 8820 --- [task-1] org.hibernate.type.EnumType              : Using NAMED-based conversion for Enum net.javaguides.springboot.model.ScheduleStatus
2025-09-11 20:27:56.515 DEBUG 8820 --- [task-1] org.hibernate.type.EnumType              : Using NAMED-based conversion for Enum net.javaguides.springboot.model.ScheduleStatus
2025-09-11 20:27:56.515 DEBUG 8820 --- [task-1] org.hibernate.type.EnumType              : Using NAMED-based conversion for Enum net.javaguides.springboot.model.ScheduleStatus
2025-09-11 20:27:56.567 DEBUG 8820 --- [task-1] org.hibernate.type.EnumType              : Using NAMED-based conversion for Enum net.javaguides.springboot.model.BookingStatus
2025-09-11 20:27:56.567 DEBUG 8820 --- [task-1] org.hibernate.type.EnumType              : Using NAMED-based conversion for Enum net.javaguides.springboot.model.BookingStatus
2025-09-11 20:27:56.567 DEBUG 8820 --- [task-1] org.hibernate.type.EnumType              : Using NAMED-based conversion for Enum net.javaguides.springboot.model.RoleName
2025-09-11 20:27:56.567 DEBUG 8820 --- [task-1] org.hibernate.type.EnumType              : Using NAMED-based conversion for Enum net.javaguides.springboot.model.RoleName
2025-09-11 20:27:56.568 DEBUG 8820 --- [task-1] org.hibernate.type.EnumType              : Using NAMED-based conversion for Enum net.javaguides.springboot.model.ScheduleStatus
2025-09-11 20:27:56.568 DEBUG 8820 --- [task-1] org.hibernate.type.EnumType              : Using NAMED-based conversion for Enum net.javaguides.springboot.model.ScheduleStatus
2025-09-11 20:27:56.639  INFO 8820 --- [task-1] o.h.e.t.j.p.i.JtaPlatformInitiator       : HHH000490: Using JtaPlatform implementation: [org.hibernate.engine.transaction.jta.platform.internal.NoJtaPlatform]
2025-09-11 20:27:56.642 TRACE 8820 --- [task-1] o.h.type.spi.TypeConfiguration$Scope     : Handling #sessionFactoryCreated from [org.hibernate.internal.SessionFactoryImpl@29ad0962] for TypeConfiguration
2025-09-11 20:27:56.642  INFO 8820 --- [task-1] j.LocalContainerEntityManagerFactoryBean : Initialized JPA EntityManagerFactory for persistence unit 'default'
2025-09-11 20:27:56.827  INFO 8820 --- [main] o.s.b.a.w.s.WelcomePageHandlerMapping    : Adding welcome page template: index
2025-09-11 20:27:56.900  INFO 8820 --- [main] DeferredRepositoryInitializationListener : Triggering deferred initialization of Spring Data repositories…
2025-09-11 20:27:57.021  INFO 8820 --- [main] DeferredRepositoryInitializationListener : Spring Data repositories initialized!
2025-09-11 20:27:57.025  INFO 8820 --- [main] ingBootSecurityThymeleafApplicationTests : Started RegistrationLoginSpringBootSecurityThymeleafApplicationTests in 1.814 seconds (JVM running for 2.299)
2025-09-11 20:27:57.083  INFO 8820 --- [SpringContextShutdownHook] j.LocalContainerEntityManagerFactoryBean : Closing JPA EntityManagerFactory for persistence unit 'default'
2025-09-11 20:27:57.084 TRACE 8820 --- [SpringContextShutdownHook] o.h.type.spi.TypeConfiguration$Scope     : Handling #sessionFactoryClosed from [org.hibernate.internal.SessionFactoryImpl@29ad0962] for TypeConfiguration
2025-09-11 20:27:57.084 DEBUG 8820 --- [SpringContextShutdownHook] o.h.type.spi.TypeConfiguration$Scope     : Un-scoping TypeConfiguration [org.hibernate.type.spi.TypeConfiguration$Scope@48c8c7d0] from SessionFactory [org.hibernate.internal.SessionFactoryImpl@29ad0962]
2025-09-11 20:27:57.084  INFO 8820 --- [SpringContextShutdownHook] o.s.s.concurrent.ThreadPoolTaskExecutor  : Shutting down ExecutorService 'applicationTaskExecutor'
2025-09-11 20:27:57.084  INFO 8820 --- [SpringContextShutdownHook] com.zaxxer.hikari.HikariDataSource       : HikariPool-1 - Shutdown initiated...
2025-09-11 20:27:57.089  INFO 8820 --- [SpringContextShutdownHook] com.zaxxer.hikari.HikariDataSource       : HikariPool-1 - Shutdown completed.
2025-09-11 20:30:50.310  INFO 8972 --- [main] ingBootSecurityThymeleafApplicationTests : Starting RegistrationLoginSpringBootSecurityThymeleafApplicationTests on Jatins-MacBook-Air.local with PID 8972 (started by jatinyadav in /Users/jatinyadav/Desktop/Booking-system)
2025-09-11 20:30:50.310  INFO 8972 --- [main] ingBootSecurityThymeleafApplicationTests : No active profile set, falling back to default profiles: default
2025-09-11 20:30:50.580  INFO 8972 --- [main] .s.d.r.c.RepositoryConfigurationDelegate : Bootstrapping Spring Data JPA repositories in DEFERRED mode.
2025-09-11 20:30:50.607  INFO 8972 --- [main] .s.d.r.c.RepositoryConfigurationDelegate : Finished Spring Data repository scanning in 24ms. Found 5 JPA repository interfaces.
2025-09-11 20:30:50.818  INFO 8972 --- [main] o.s.s.concurrent.ThreadPoolTaskExecutor  : Initializing ExecutorService 'applicationTaskExecutor'
2025-09-11 20:30:50.839  INFO 8972 --- [task-1] o.hibernate.jpa.internal.util.LogHelper  : HHH000204: Processing PersistenceUnitInfo [name: default]
2025-09-11 20:30:50.863  INFO 8972 --- [task-1] org.hibernate.Version                    : HHH000412: Hibernate ORM core version 5.4.15.Final
2025-09-11 20:30:50.868  WARN 8972 --- [main] JpaBaseConfiguration$JpaWebConfiguration : spring.jpa.open-in-view is enabled by default. Therefore, database queries may be performed during view rendering. Explicitly configure spring.jpa.open-in-view to disable this warning
2025-09-11 20:30:50.925  INFO 8972 --- [task-1] o.hibernate.annotations.common.Version   : HCANN000001: Hibernate Commons Annotations {5.1.0.Final}
2025-09-11 20:30:50.939 DEBUG 8972 --- [task-1] org.hibernate.type.BasicTypeRegistry     : Adding type registration boolean -> org.hibernate.type.BooleanType@50602b94
2025-09-11 20:30:50.939 DEBUG 8972 --- [task-1] org.hibernate.type.BasicTypeRegistry     : Adding type registration boolean -> org.hibernate.type.BooleanType@50602b94
2025-09-11 20:30:50.939 DEBUG 8972 --- [task-1] org.hibernate.type.BasicTypeRegistry     : Adding type registration java.lang.Boolean -> org.hibernate.type.BooleanType@50602b94
2025-09-11 20:30:50.939 DEBUG 8972 --- [task-1] org.hibernate.type.BasicTypeRegistry     : Adding type registration numeric_boolean -> org.hibernate.type.NumericBooleanType@6adf352b
2025-09-11 20:30:50.939 DEBUG 8972 --- [task-1] org.hibernate.type.BasicTypeRegistry     : Adding type registration true_false -> org.hibernate.type.TrueFalseType@4a42e0de
2025-09-11 20:30:50.939 DEBUG 8972 --- [task-1] org.hibernate.type.BasicTypeRegistry     : Adding type registration yes_no -> org.hibernate.type.YesNoType@7ea54231
2025-09-11 20:30:50.939 DEBUG 8972 --- [task-1] org.hibernate.type.BasicTypeRegistry     : Adding type registration byte -> org.hibernate.type.ByteType@487c6a06
2025-09-11 20:30:50.940 DEBUG 8972 --- [task-1] org.hibernate.type.BasicTypeRegistry     : Adding type registration byte -> org.hibernate.type.ByteType@487c6a06
2025-09-11 20:30:50.940 DEBUG 8972 --- [task-1] org.hibernate.type.BasicTypeRegistry     : Adding type registration java.lang.Byte -> org.hibernate.type.ByteType@487c6a06
2025-09-11 20:30:50.940 DEBUG 8972 --- [task-1] org.hibernate.type.BasicTypeRegistry     : Adding type registration character -> org.hibernate.type.CharacterType@2fc805b6
2025-09-11 20:30:50.940 DEBUG 8972 --- [task-1] org.hibernate.type.BasicTypeRegistry     : Adding type registration char -> org.hibernate.type.CharacterType@2fc805b6
2025-09-11 20:30:50.940 DEBUG 8972 --- [task-1] org.hibernate.type.BasicTypeRegistry     : Adding type registration java.lang.Character -> org.hibernate.type.CharacterType@2fc805b6
2025-09-11 20:30:50.940 DEBUG 8972 --- [task-1] org.hibernate.type.BasicTypeRegistry     : Adding type registration short -> org.hibernate.type.ShortType@1cebb968
2025-09-11 20:30:50.940 DEBUG 8972 --- [task-1] org.hibernate.type.BasicTypeRegistry     : Adding type registration short -> org.hibernate.type.ShortType@1cebb968
2025-09-11 20:30:50.940 DEBUG 8972 --- [task-1] org.hibernate.type.BasicTypeRegistry     : Adding type registration java.lang.Short -> org.hibernate.type.ShortType@1cebb968
2025-09-11 20:30:50.941 DEBUG 8972 --- [task-1] org.hibernate.type.BasicTypeRegistry     : Adding type registration integer -> org.hibernate.type.IntegerType@5c10d17
2025-09-11 20:30:50.941 DEBUG 8972 --- [task-1] org.hibernate.type.BasicTypeRegistry     : Adding type registration int -> org.hibernate.type.IntegerType@5c10d17
2025-09-11 20:30:50.941 DEBUG 8972 --- [task-1] org.hibernate.type.BasicTypeRegistry     : Adding type registration java.lang.Integer -> org.hibernate.type.IntegerType@5c10d17
2025-09-11 20:30:50.941 DEBUG 8972 --- [task-1] org.hibernate.type.BasicTypeRegistry     : Adding type registration long -> org.hibernate.type.LongType@110a3673
2025-09-11 20:30:50.941 DEBUG 8972 --- [task-1] org.hibernate.type.BasicTypeRegistry     : Adding type registration long -> org.hibernate.type.LongType@110a3673
2025-09-11 20:30:50.941 DEBUG 8972 --- [task-1] org.hibernate.type.BasicTypeRegistry     : Adding type registration java.lang.Long -> org.hibernate.type.LongType@110a3673
2025-09-11 20:30:50.941 DEBUG 8972 --- [task-1] org.hibernate.type.BasicTypeRegistry     : Adding type registration float -> org.hibernate.type.FloatType@761becd1
2025-09-11 20:30:50.941 DEBUG 8972 --- [task-1] org.hibernate.type.BasicTypeRegistry     : Adding type registration float -> org.hibernate.type.FloatType@761becd1
2025-09-11 20:30:50.941 DEBUG 8972 --- [task-1] org.hibernate.type.BasicTypeRegistry     : Adding type registration java.lang.Float -> org.hibernate.type.FloatType@761becd1
2025-09-11 20:30:50.941 DEBUG 8972 --- [task-1] org.hibernate.type.BasicTypeRegistry     : Adding type registration double -> org.hibernate.type.DoubleType@18323fcc
2025-09-11 20:30:50.941 DEBUG 8972 --- [task-1] org.hibernate.type.BasicTypeRegistry     : Adding type registration double -> org.hibernate.type.DoubleType@18323fcc
2025-09-11 20:30:50.942 DEBUG 8972 --- [task-1] org.hibernate.type.BasicTypeRegistry     : Adding type registration java.lang.Double -> org.hibernate.type.DoubleType@18323fcc
2025-09-11 20:30:50.942 DEBUG 8972 --- [task-1] org.hibernate.type.BasicTypeRegistry     : Adding type registration big_decimal -> org.hibernate.type.BigDecimalType@3fce09e1
2025-09-11 20:30:50.942 DEBUG 8972 --- [task-1] org.hibernate.type.BasicTypeRegistry     : Adding type registration java.math.BigDecimal -> org.hibernate.type.BigDecimalType@3fce09e1
2025-09-11 20:30:50.942 DEBUG 8972 --- [task-1] org.hibernate.type.BasicTypeRegistry     : Adding type registration big_integer -> org.hibernate.type.BigIntegerType@41042be8
2025-09-11 20:30:50.942 DEBUG 8972 --- [task-1] org.hibernate.type.BasicTypeRegistry     : Adding type registration java.math.BigInteger -> org.hibernate.type.BigIntegerType@41042be8
2025-09-11 20:30:50.942 DEBUG 8972 --- [task-1] org.hibernate.type.BasicTypeRegistry     : Adding type registration string -> org.hibernate.type.StringType@8cad809
2025-09-11 20:30:50.942 DEBUG 8972 --- [task-1] org.hibernate.type.BasicTypeRegistry     : Adding type registration java.lang.String -> org.hibernate.type.StringType@8cad809
2025-09-11 20:30:50.943 DEBUG 8972 --- [task-1] org.hibernate.type.BasicTypeRegistry     : Adding type registration nstring -> org.hibernate.type.StringNVarcharType@7d44ca9f
2025-09-11 20:30:50.943 DEBUG 8972 --- [task-1] org.hibernate.type.BasicTypeRegistry     : Adding type registration ncharacter -> org.hibernate.type.CharacterNCharType@2a6d53ee
2025-09-11 20:30:50.943 DEBUG 8972 --- [task-1] org.hibernate.type.BasicTypeRegistry     : Adding type registration url -> org.hibernate.type.UrlType@585e6b15
2025-09-11 20:30:50.943 DEBUG 8972 --- [task-1] org.hibernate.type.BasicTypeRegistry     : Adding type registration java.net.URL -> org.hibernate.type.UrlType@585e6b15
2025-09-11 20:30:50.943 DEBUG 8972 --- [task-1] org.hibernate.type.BasicTypeRegistry     : Adding type registration Duration -> org.hibernate.type.DurationType@1709fdbe
2025-09-11 20:30:50.943 DEBUG 8972 --- [task-1] org.hibernate.type.BasicTypeRegistry     : Adding type registration java.time.Duration -> org.hibernate.type.DurationType@1709fdbe
2025-09-11 20:30:50.944 DEBUG 8972 --- [task-1] org.hibernate.type.BasicTypeRegistry     : Adding type registration Instant -> org.hibernate.type.InstantType@4f190d0f
2025-09-11 20:30:50.944 DEBUG 8972 --- [task-1] org.hibernate.type.BasicTypeRegistry     : Adding type registration java.time.Instant -> org.hibernate.type.InstantType@4f190d0f
2025-09-11 20:30:50.944 DEBUG 8972 --- [task-1] org.hibernate.type.BasicTypeRegistry     : Adding type registration LocalDateTime -> org.hibernate.type.LocalDateTimeType@75ee2971
2025-09-11 20:30:50.944 DEBUG 8972 --- [task-1] org.hibernate.type.BasicTypeRegistry     : Adding type registration java.time.LocalDateTime -> org.hibernate.type.LocalDateTimeType@75ee2971
2025-09-11 20:30:50.944 DEBUG 8972 --- [task-1] org.hibernate.type.BasicTypeRegistry     : Adding type registration LocalDate -> org.hibernate.type.LocalDateType@7b68da85
2025-09-11 20:30:50.944 DEBUG 8972 --- [task-1] org.hibernate.type.BasicTypeRegistry     : Adding type registration java.time.LocalDate -> org.hibernate.type.LocalDateType@7b68da85
2025-09-11 20:30:50.944 DEBUG 8972 --- [task-1] org.hibernate.type.BasicTypeRegistry     : Adding type registration LocalTime -> org.hibernate.type.LocalTimeType@4b89ac41
2025-09-11 20:30:50.945 DEBUG 8972 --- [task-1] org.hibernate.type.BasicTypeRegistry     : Adding type registration java.time.LocalTime -> org.hibernate.type.LocalTimeType@4b89ac41
2025-09-11 20:30:50.945 DEBUG 8972 --- [task-1] org.hibernate.type.BasicTypeRegistry     : Adding type registration OffsetDateTime -> org.hibernate.type.OffsetDateTimeType@3c71f6a0
2025-09-11 20:30:50.945 DEBUG 8972 --- [task-1] org.hibernate.type.BasicTypeRegistry     : Adding type registration java.time.OffsetDateTime -> org.hibernate.type.OffsetDateTimeType@3c71f6a0
2025-09-11 20:30:50.945 DEBUG 8972 --- [task-1] org.hibernate.type.BasicTypeRegistry     : Adding type registration OffsetTime -> org.hibernate.type.OffsetTimeType@317715b9
2025-09-11 20:30:50.945 DEBUG 8972 --- [task-1] org.hibernate.type.BasicTypeRegistry     : Adding type registration java.time.OffsetTime -> org.hibernate.type.OffsetTimeType@317715b9
2025-09-11 20:30:50.946 DEBUG 8972 --- [task-1] org.hibernate.type.BasicTypeRegistry     : Adding type registration ZonedDateTime -> org.hibernate.type.ZonedDateTimeType@372bdf45
2025-09-11 20:30:50.946 DEBUG 8972 --- [task-1] org.hibernate.type.BasicTypeRegistry     : Adding type registration java.time.ZonedDateTime -> org.hibernate.type.ZonedDateTimeType@372bdf45
2025-09-11 20:30:50.946 DEBUG 8972 --- [task-1] org.hibernate.type.BasicTypeRegistry     : Adding type registration date -> org.hibernate.type.DateType@623a61ad
2025-09-11 20:30:50.946 DEBUG 8972 --- [task-1] org.hibernate.type.BasicTypeRegistry     : Adding type registration java.sql.Date -> org.hibernate.type.DateType@623a61ad
2025-09-11 20:30:50.946 DEBUG 8972 --- [task-1] org.hibernate.type.BasicTypeRegistry     : Adding type registration time -> org.hibernate.type.TimeType@25545da5
2025-09-11 20:30:50.946 DEBUG 8972 --- [task-1] org.hibernate.type.BasicTypeRegistry     : Adding type registration java.sql.Time -> org.hibernate.type.TimeType@25545da5
2025-09-11 20:30:50.946 DEBUG 8972 --- [task-1] org.hibernate.type.BasicTypeRegistry     : Adding type registration timestamp -> org.hibernate.type.TimestampType@50dc5b12
2025-09-11 20:30:50.946 DEBUG 8972 --- [task-1] org.hibernate.type.BasicTypeRegistry     : Adding type registration java.sql.Timestamp -> org.hibernate.type.TimestampType@50dc5b12
2025-09-11 20:30:50.946 DEBUG 8972 --- [task-1] org.hibernate.type.BasicTypeRegistry     : Adding type registration java.util.Date -> org.hibernate.type.TimestampType@50dc5b12
2025-09-11 20:30:50.947 DEBUG 8972 --- [task-1] org.hibernate.type.BasicTypeRegistry     : Adding type registration dbtimestamp -> org.hibernate.type.DbTimestampType@380bb549
2025-09-11 20:30:50.947 DEBUG 8972 --- [task-1] org.hibernate.type.BasicTypeRegistry     : Adding type registration calendar -> org.hibernate.type.CalendarType@68f63542
2025-09-11 20:30:50.947 DEBUG 8972 --- [task-1] org.hibernate.type.BasicTypeRegistry     : Adding type registration java.util.Calendar -> org.hibernate.type.CalendarType@68f63542
2025-09-11 20:30:50.947 DEBUG 8972 --- [task-1] org.hibernate.type.BasicTypeRegistry     : Adding type registration java.util.GregorianCalendar -> org.hibernate.type.CalendarType@68f63542
2025-09-11 20:30:50.947 DEBUG 8972 --- [task-1] org.hibernate.type.BasicTypeRegistry     : Adding type registration calendar_date -> org.hibernate.type.CalendarDateType@766739bc
2025-09-11 20:30:50.947 DEBUG 8972 --- [task-1] org.hibernate.type.BasicTypeRegistry     : Adding type registration calendar_time -> org.hibernate.type.CalendarTimeType@2197c856
2025-09-11 20:30:50.948 DEBUG 8972 --- [task-1] org.hibernate.type.BasicTypeRegistry     : Adding type registration locale -> org.hibernate.type.LocaleType@7bbff300
2025-09-11 20:30:50.948 DEBUG 8972 --- [task-1] org.hibernate.type.BasicTypeRegistry     : Adding type registration java.util.Locale -> org.hibernate.type.LocaleType@7bbff300
2025-09-11 20:30:50.948 DEBUG 8972 --- [task-1] org.hibernate.type.BasicTypeRegistry     : Adding type registration currency -> org.hibernate.type.CurrencyType@40d96c66
2025-09-11 20:30:50.948 DEBUG 8972 --- [task-1] org.hibernate.type.BasicTypeRegistry     : Adding type registration java.util.Currency -> org.hibernate.type.CurrencyType@40d96c66
2025-09-11 20:30:50.948 DEBUG 8972 --- [task-1] org.hibernate.type.BasicTypeRegistry     : Adding type registration timezone -> org.hibernate.type.TimeZoneType@550d9c62
2025-09-11 20:30:50.948 DEBUG 8972 --- [task-1] org.hibernate.type.BasicTypeRegistry     : Adding type registration java.util.TimeZone -> org.hibernate.type.TimeZoneType@550d9c62
2025-09-11 20:30:50.948 DEBUG 8972 --- [task-1] org.hibernate.type.BasicTypeRegistry     : Adding type registration class -> org.hibernate.type.ClassType@6de4849a
2025-09-11 20:30:50.948 DEBUG 8972 --- [task-1] org.hibernate.type.BasicTypeRegistry     : Adding type registration java.lang.Class -> org.hibernate.type.ClassType@6de4849a
2025-09-11 20:30:50.948 DEBUG 8972 --- [task-1] org.hibernate.type.BasicTypeRegistry     : Adding type registration uuid-binary -> org.hibernate.type.UUIDBinaryType@c29c567
2025-09-11 20:30:50.949 DEBUG 8972 --- [task-1] org.hibernate.type.BasicTypeRegistry     : Adding type registration java.util.UUID -> org.hibernate.type.UUIDBinaryType@c29c567
2025-09-11 20:30:50.949 DEBUG 8972 --- [task-1] org.hibernate.type.BasicTypeRegistry     : Adding type registration uuid-char -> org.hibernate.type.UUIDCharType@19b413e5
2025-09-11 20:30:50.949 DEBUG 8972 --- [task-1] org.hibernate.type.BasicTypeRegistry     : Adding type registration binary -> org.hibernate.type.BinaryType@400f2e20
2025-09-11 20:30:50.949 DEBUG 8972 --- [task-1] org.hibernate.type.BasicTypeRegistry     : Adding type registration byte[] -> org.hibernate.type.BinaryType@400f2e20
2025-09-11 20:30:50.949 DEBUG 8972 --- [task-1] org.hibernate.type.BasicTypeRegistry     : Adding type registration [B -> org.hibernate.type.BinaryType@400f2e20
2025-09-11 20:30:50.949 DEBUG 8972 --- [task-1] org.hibernate.type.BasicTypeRegistry     : Adding type registration wrapper-binary -> org.hibernate.type.WrapperBinaryType@44acd008
2025-09-11 20:30:50.949 DEBUG 8972 --- [task-1] org.hibernate.type.BasicTypeRegistry     : Adding type registration Byte[] -> org.hibernate.type.WrapperBinaryType@44acd008
2025-09-11 20:30:50.949 DEBUG 8972 --- [task-1] org.hibernate.type.BasicTypeRegistry     : Adding type registration [Ljava.lang.Byte; -> org.hibernate.type.WrapperBinaryType@44acd008
2025-09-11 20:30:50.949 DEBUG 8972 --- [task-1] org.hibernate.type.BasicTypeRegistry     : Adding type registration row_version -> org.hibernate.type.RowVersionType@66c9676d
2025-09-11 20:30:50.950 DEBUG 8972 --- [task-1] org.hibernate.type.BasicTypeRegistry     : Adding type registration image -> org.hibernate.type.ImageType@30f2b871
2025-09-11 20:30:50.950 DEBUG 8972 --- [task-1] org.hibernate.type.BasicTypeRegistry     : Adding type registration characters -> org.hibernate.type.CharArrayType@67ac650e
2025-09-11 20:30:50.950 DEBUG 8972 --- [task-1] org.hibernate.type.BasicTypeRegistry     : Adding type registration char[] -> org.hibernate.type.CharArrayType@67ac650e
2025-09-11 20:30:50.950 DEBUG 8972 --- [task-1] org.hibernate.type.BasicTypeRegistry     : Adding type registration [C -> org.hibernate.type.CharArrayType@67ac650e
2025-09-11 20:30:50.950 DEBUG 8972 --- [task-1] org.hibernate.type.BasicTypeRegistry     : Adding type registration wrapper-characters -> org.hibernate.type.CharacterArrayType@20005d41
2025-09-11 20:30:50.950 DEBUG 8972 --- [task-1] org.hibernate.type.BasicTypeRegistry     : Adding type registration [Ljava.lang.Character; -> org.hibernate.type.CharacterArrayType@20005d41
2025-09-11 20:30:50.950 DEBUG 8972 --- [task-1] org.hibernate.type.BasicTypeRegistry     : Adding type registration Character[] -> org.hibernate.type.CharacterArrayType@20005d41
2025-09-11 20:30:50.950 DEBUG 8972 --- [task-1] org.hibernate.type.BasicTypeRegistry     : Adding type registration text -> org.hibernate.type.TextType@25d5e898
2025-09-11 20:30:50.950 DEBUG 8972 --- [task-1] org.hibernate.type.BasicTypeRegistry     : Adding type registration ntext -> org.hibernate.type.NTextType@5af600c7
2025-09-11 20:30:50.951 DEBUG 8972 --- [task-1] org.hibernate.type.BasicTypeRegistry     : Adding type registration blob -> org.hibernate.type.BlobType@e212d2a
2025-09-11 20:30:50.951 DEBUG 8972 --- [task-1] org.hibernate.type.BasicTypeRegistry     : Adding type registration java.sql.Blob -> org.hibernate.type.BlobType@e212d2a
2025-09-11 20:30:50.951 DEBUG 8972 --- [task-1] org.hibernate.type.BasicTypeRegistry     : Adding type registration materialized_blob -> org.hibernate.type.MaterializedBlobType@292ad010
2025-09-11 20:30:50.951 DEBUG 8972 --- [task-1] org.hibernate.type.BasicTypeRegistry     : Adding type registration clob -> org.hibernate.type.ClobType@a3c070e
2025-09-11 20:30:50.951 DEBUG 8972 --- [task-1] org.hibernate.type.BasicTypeRegistry     : Adding type registration java.sql.Clob -> org.hibernate.type.ClobType@a3c070e
2025-09-11 20:30:50.952 DEBUG 8972 --- [task-1] org.hibernate.type.BasicTypeRegistry     : Adding type registration nclob -> org.hibernate.type.NClobType@74cbcb9e
2025-09-11 20:30:50.952 DEBUG 8972 --- [task-1] org.hibernate.type.BasicTypeRegistry     : Adding type registration java.sql.NClob -> org.hibernate.type.NClobType@74cbcb9e
2025-09-11 20:30:50.952 DEBUG 8972 --- [task-1] org.hibernate.type.BasicTypeRegistry     : Adding type registration materialized_clob -> org.hibernate.type.MaterializedClobType@1b8cfc96
2025-09-11 20:30:50.952 DEBUG 8972 --- [task-1] org.hibernate.type.BasicTypeRegistry     : Adding type registration materialized_nclob -> org.hibernate.type.MaterializedNClobType@1ae70c33
2025-09-11 20:30:50.952 DEBUG 8972 --- [task-1] org.hibernate.type.BasicTypeRegistry     : Adding type registration serializable -> org.hibernate.type.SerializableType@497d8bbf
2025-09-11 20:30:50.956 DEBUG 8972 --- [task-1] org.hibernate.type.BasicTypeRegistry     : Adding type registration object -> org.hibernate.type.ObjectType@77e32096
2025-09-11 20:30:50.957 DEBUG 8972 --- [task-1] org.hibernate.type.BasicTypeRegistry     : Adding type registration java.lang.Object -> org.hibernate.type.ObjectType@77e32096
2025-09-11 20:30:50.957 DEBUG 8972 --- [task-1] org.hibernate.type.BasicTypeRegistry     : Adding type registration imm_date -> org.hibernate.type.AdaptedImmutableType@20e5a60c
2025-09-11 20:30:50.957 DEBUG 8972 --- [task-1] org.hibernate.type.BasicTypeRegistry     : Adding type registration imm_time -> org.hibernate.type.AdaptedImmutableType@5a14fc0d
2025-09-11 20:30:50.957 DEBUG 8972 --- [task-1] org.hibernate.type.BasicTypeRegistry     : Adding type registration imm_timestamp -> org.hibernate.type.AdaptedImmutableType@2b6a3f52
2025-09-11 20:30:50.957 DEBUG 8972 --- [task-1] org.hibernate.type.BasicTypeRegistry     : Adding type registration imm_dbtimestamp -> org.hibernate.type.AdaptedImmutableType@3e87018
2025-09-11 20:30:50.957 DEBUG 8972 --- [task-1] org.hibernate.type.BasicTypeRegistry     : Adding type registration imm_calendar -> org.hibernate.type.AdaptedImmutableType@e3063af
2025-09-11 20:30:50.957 DEBUG 8972 --- [task-1] org.hibernate.type.BasicTypeRegistry     : Adding type registration imm_calendar_date -> org.hibernate.type.AdaptedImmutableType@73b902f0
2025-09-11 20:30:50.957 DEBUG 8972 --- [task-1] org.hibernate.type.BasicTypeRegistry     : Adding type registration imm_binary -> org.hibernate.type.AdaptedImmutableType@953337a
2025-09-11 20:30:50.957 DEBUG 8972 --- [task-1] org.hibernate.type.BasicTypeRegistry     : Adding type registration imm_serializable -> org.hibernate.type.AdaptedImmutableType@497beaf8
2025-09-11 20:30:50.976  INFO 8972 --- [task-1] com.zaxxer.hikari.HikariDataSource       : HikariPool-1 - Starting...
2025-09-11 20:30:50.993  INFO 8972 --- [main] o.s.s.web.DefaultSecurityFilterChain     : Creating filter chain: any request, [org.springframework.security.web.context.request.async.WebAsyncManagerIntegrationFilter@cfd1075, org.springframework.security.web.context.SecurityContextPersistenceFilter@5099c59b, org.springframework.security.web.header.HeaderWriterFilter@6d672bd4, org.springframework.security.web.csrf.CsrfFilter@61db86bf, org.springframework.security.web.authentication.logout.LogoutFilter@4b862408, org.springframework.security.web.authentication.UsernamePasswordAuthenticationFilter@270a620, org.springframework.security.web.savedrequest.RequestCacheAwareFilter@4f486211, org.springframework.security.web.servletapi.SecurityContextHolderAwareRequestFilter@6418e39e, org.springframework.security.web.authentication.AnonymousAuthenticationFilter@45117dd, org.springframework.security.web.session.SessionManagementFilter@5529ff44, org.springframework.security.web.access.ExceptionTranslationFilter@73041b7d, org.springframework.security.web.access.intercept.FilterSecurityInterceptor@78910096]
2025-09-11 20:30:51.196  INFO 8972 --- [task-1] com.zaxxer.hikari.HikariDataSource       : HikariPool-1 - Start completed.
2025-09-11 20:30:51.206  INFO 8972 --- [task-1] org.hibernate.dialect.Dialect            : HHH000400: Using dialect: org.hibernate.dialect.MySQL5InnoDBDialect
2025-09-11 20:30:51.238 DEBUG 8972 --- [task-1] o.h.type.spi.TypeConfiguration$Scope     : Scoping TypeConfiguration [org.hibernate.type.spi.TypeConfiguration@24d283d0] to MetadataBuildingContext [org.hibernate.boot.internal.MetadataBuildingContextRootImpl@644a1313]
2025-09-11 20:30:51.291 DEBUG 8972 --- [task-1] org.hibernate.type.EnumType              : Using NAMED-based conversion for Enum net.javaguides.springboot.model.BookingStatus
2025-09-11 20:30:51.292 DEBUG 8972 --- [task-1] org.hibernate.type.EnumType              : Using NAMED-based conversion for Enum net.javaguides.springboot.model.RoleName
2025-09-11 20:30:51.292 DEBUG 8972 --- [task-1] org.hibernate.type.EnumType              : Using NAMED-based conversion for Enum net.javaguides.springboot.model.ScheduleStatus
2025-09-11 20:30:51.308 DEBUG 8972 --- [task-1] org.hibernate.type.EnumType              : Using NAMED-based conversion for Enum net.javaguides.springboot.model.BookingStatus
2025-09-11 20:30:51.309 DEBUG 8972 --- [task-1] org.hibernate.type.EnumType              : Using NAMED-based conversion for Enum net.javaguides.springboot.model.RoleName
2025-09-11 20:30:51.309 DEBUG 8972 --- [task-1] org.hibernate.type.EnumType              : Using NAMED-based conversion for Enum net.javaguides.springboot.model.ScheduleStatus
2025-09-11 20:30:51.338 DEBUG 8972 --- [task-1] o.h.type.spi.TypeConfiguration$Scope     : Scoping TypeConfiguration [org.hibernate.type.spi.TypeConfiguration@24d283d0] to SessionFactoryImpl [org.hibernate.internal.SessionFactoryImpl@1c26b50f]
2025-09-11 20:30:51.354 DEBUG 8972 --- [task-1] org.hibernate.type.EnumType              : Using NAMED-based conversion for Enum net.javaguides.springboot.model.BookingStatus
2025-09-11 20:30:51.354 DEBUG 8972 --- [task-1] org.hibernate.type.EnumType              : Using NAMED-based conversion for Enum net.javaguides.springboot.model.BookingStatus
2025-09-11 20:30:51.418 DEBUG 8972 --- [task-1] org.hibernate.type.EnumType              : Using NAMED-based conversion for Enum net.javaguides.springboot.model.BookingStatus
2025-09-11 20:30:51.418 DEBUG 8972 --- [task-1] org.hibernate.type.EnumType              : Using NAMED-based conversion for Enum net.javaguides.springboot.model.BookingStatus
2025-09-11 20:30:51.421 DEBUG 8972 --- [task-1] org.hibernate.type.EnumType              : Using NAMED-based conversion for Enum net.javaguides.springboot.model.RoleName
2025-09-11 20:30:51.421 DEBUG 8972 --- [task-1] org.hibernate.type.EnumType              : Using NAMED-based conversion for Enum net.javaguides.springboot.model.RoleName
2025-09-11 20:30:51.425 DEBUG 8972 --- [task-1] org.hibernate.type.EnumType              : Using NAMED-based conversion for Enum net.javaguides.springboot.model.RoleName
2025-09-11 20:30:51.425 DEBUG 8972 --- [task-1] org.hibernate.type.EnumType              : Using NAMED-based conversion for Enum net.javaguides.springboot.model.RoleName
2025-09-11 20:30:51.425 DEBUG 8972 --- [task-1] org.hibernate.type.EnumType              : Using NAMED-based conversion for Enum net.javaguides.springboot.model.ScheduleStatus
2025-09-11 20:30:51.426 DEBUG 8972 --- [task-1] org.hibernate.type.EnumType              : Using NAMED-based conversion for Enum net.javaguides.springboot.model.ScheduleStatus
2025-09-11 20:30:51.430 DEBUG 8972 --- [task-1] org.hibernate.type.EnumType              : Using NAMED-based conversion for Enum net.javaguides.springboot.model.ScheduleStatus
2025-09-11 20:30:51.431 DEBUG 8972 --- [task-1] org.hibernate.type.EnumType              : Using NAMED-based conversion for Enum net.javaguides.springboot.model.ScheduleStatus
2025-09-11 20:30:51.484 DEBUG 8972 --- [task-1] org.hibernate.type.EnumType              : Using NAMED-based conversion for Enum net.javaguides.springboot.model.BookingStatus
2025-09-11 20:30:51.485 DEBUG 8972 --- [task-1] org.hibernate.type.EnumType              : Using NAMED-based conversion for Enum net.javaguides.springboot.model.BookingStatus
2025-09-11 20:30:51.485 DEBUG 8972 --- [task-1] org.hibernate.type.EnumType              : Using NAMED-based conversion for Enum net.javaguides.springboot.model.RoleName
2025-09-11 20:30:51.485 DEBUG 8972 --- [task-1] org.hibernate.type.EnumType              : Using NAMED-based conversion for Enum net.javaguides.springboot.model.RoleName
2025-09-11 20:30:51.485 DEBUG 8972 --- [task-1] org.hibernate.type.EnumType              : Using NAMED-based conversion for Enum net.javaguides.springboot.model.ScheduleStatus
2025-09-11 20:30:51.485 DEBUG 8972 --- [task-1] org.hibernate.type.EnumType              : Using NAMED-based conversion for Enum net.javaguides.springboot.model.ScheduleStatus
2025-09-11 20:30:51.562  INFO 8972 --- [task-1] o.h.e.t.j.p.i.JtaPlatformInitiator       : HHH000490: Using JtaPlatform implementation: [org.hibernate.engine.transaction.jta.platform.internal.NoJtaPlatform]
2025-09-11 20:30:51.565 TRACE 8972 --- [task-1] o.h.type.spi.TypeConfiguration$Scope     : Handling #sessionFactoryCreated from [org.hibernate.internal.SessionFactoryImpl@1c26b50f] for TypeConfiguration
2025-09-11 20:30:51.565  INFO 8972 --- [task-1] j.LocalContainerEntityManagerFactoryBean : Initialized JPA EntityManagerFactory for persistence unit 'default'
2025-09-11 20:30:51.729  INFO 8972 --- [main] o.s.b.a.w.s.WelcomePageHandlerMapping    : Adding welcome page template: index
2025-09-11 20:30:51.803  INFO 8972 --- [main] DeferredRepositoryInitializationListener : Triggering deferred initialization of Spring Data repositories…
2025-09-11 20:30:51.922  INFO 8972 --- [main] DeferredRepositoryInitializationListener : Spring Data repositories initialized!
2025-09-11 20:30:51.926  INFO 8972 --- [main] ingBootSecurityThymeleafApplicationTests : Started RegistrationLoginSpringBootSecurityThymeleafApplicationTests in 1.759 seconds (JVM running for 2.199)
2025-09-11 20:30:51.986 DEBUG 8972 --- [main] org.hibernate.SQL                        : select user0_.id as id1_4_0_, user0_.email as email2_4_0_, user0_.first_name as first_na3_4_0_, user0_.last_name as last_nam4_4_0_, user0_.password as password5_4_0_, user0_.phone_number as phone_nu6_4_0_, roles1_.user_id as user_id1_5_1_, role2_.id as role_id2_5_1_, role2_.id as id1_1_2_, role2_.name as name2_1_2_ from user user0_ left outer join users_roles roles1_ on user0_.id=roles1_.user_id left outer join roles role2_ on roles1_.role_id=role2_.id where user0_.id=?
2025-09-11 20:30:51.987 TRACE 8972 --- [main] o.h.type.descriptor.sql.BasicBinder      : binding parameter [1] as [BIGINT] - [6]
2025-09-11 20:30:51.995 TRACE 8972 --- [main] o.h.type.descriptor.sql.BasicExtractor   : extracted value ([id1_1_2_] : [BIGINT]) - [2]
2025-09-11 20:30:51.998 TRACE 8972 --- [main] o.h.type.descriptor.sql.BasicExtractor   : extracted value ([email2_4_0_] : [VARCHAR]) - [naman@gmail.com]
2025-09-11 20:30:51.998 TRACE 8972 --- [main] o.h.type.descriptor.sql.BasicExtractor   : extracted value ([first_na3_4_0_] : [VARCHAR]) - [naman]
2025-09-11 20:30:51.998 TRACE 8972 --- [main] o.h.type.descriptor.sql.BasicExtractor   : extracted value ([last_nam4_4_0_] : [VARCHAR]) - [yadav]
2025-09-11 20:30:51.998 TRACE 8972 --- [main] o.h.type.descriptor.sql.BasicExtractor   : extracted value ([password5_4_0_] : [VARCHAR]) - [$2a$10$gu2HQ6Q6j4zO1XidFTWjluSdIolW8O/eiChFPLOE0Dgf.GEqMCgdO]
2025-09-11 20:30:51.998 TRACE 8972 --- [main] o.h.type.descriptor.sql.BasicExtractor   : extracted value ([phone_nu6_4_0_] : [VARCHAR]) - [1234567890]
2025-09-11 20:30:51.998 TRACE 8972 --- [main] o.h.type.descriptor.sql.BasicExtractor   : extracted value ([name2_1_2_] : [VARCHAR]) - [ROLE_BARBER]
2025-09-11 20:30:51.998 TRACE 8972 --- [main] o.h.type.descriptor.sql.BasicExtractor   : extracted value ([user_id1_5_1_] : [BIGINT]) - [6]
2025-09-11 20:30:52.001 TRACE 8972 --- [main] o.h.type.descriptor.sql.BasicExtractor   : extracted value ([role_id2_5_1_] : [BIGINT]) - [2]
2025-09-11 20:30:52.002 TRACE 8972 --- [main] org.hibernate.type.CollectionType        : Created collection wrapper: [net.javaguides.springboot.model.User.bookingsBarber#6]
2025-09-11 20:30:52.002 TRACE 8972 --- [main] org.hibernate.type.CollectionType        : Created collection wrapper: [net.javaguides.springboot.model.User.bookingsClient#6]
2025-09-11 20:30:52.003 TRACE 8972 --- [main] org.hibernate.type.CollectionType        : Created collection wrapper: [net.javaguides.springboot.model.User.schedules#6]
2025-09-11 20:30:52.020 DEBUG 8972 --- [main] org.hibernate.SQL                        : select schedule0_.id as id1_2_, schedule0_.barber_id as barber_i5_2_, schedule0_.date as date2_2_, schedule0_.status as status3_2_, schedule0_.time as time4_2_ from schedule schedule0_ left outer join user user1_ on schedule0_.barber_id=user1_.id where user1_.id=? and schedule0_.date=?
2025-09-11 20:30:52.020 TRACE 8972 --- [main] o.h.type.descriptor.sql.BasicBinder      : binding parameter [1] as [BIGINT] - [6]
2025-09-11 20:30:52.020 TRACE 8972 --- [main] o.h.type.descriptor.sql.BasicBinder      : binding parameter [2] as [DATE] - [2025-08-25]
2025-09-11 20:30:52.038  INFO 8972 --- [SpringContextShutdownHook] j.LocalContainerEntityManagerFactoryBean : Closing JPA EntityManagerFactory for persistence unit 'default'
2025-09-11 20:30:52.039 TRACE 8972 --- [SpringContextShutdownHook] o.h.type.spi.TypeConfiguration$Scope     : Handling #sessionFactoryClosed from [org.hibernate.internal.SessionFactoryImpl@1c26b50f] for TypeConfiguration
2025-09-11 20:30:52.039 DEBUG 8972 --- [SpringContextShutdownHook] o.h.type.spi.TypeConfiguration$Scope     : Un-scoping TypeConfiguration [org.hibernate.type.spi.TypeConfiguration$Scope@2242476f] from SessionFactory [org.hibernate.internal.SessionFactoryImpl@1c26b50f]
2025-09-11 20:30:52.039  INFO 8972 --- [SpringContextShutdownHook] o.s.s.concurrent.ThreadPoolTaskExecutor  : Shutting down ExecutorService 'applicationTaskExecutor'
2025-09-11 20:30:52.039  INFO 8972 --- [SpringContextShutdownHook] com.zaxxer.hikari.HikariDataSource       : HikariPool-1 - Shutdown initiated...
2025-09-11 20:30:52.043  INFO 8972 --- [SpringContextShutdownHook] com.zaxxer.hikari.HikariDataSource       : HikariPool-1 - Shutdown completed.
2025-09-11 21:12:19.492  INFO 9334 --- [main] ingBootSecurityThymeleafApplicationTests : Starting RegistrationLoginSpringBootSecurityThymeleafApplicationTests on Jatins-MacBook-Air.local with PID 9334 (started by jatinyadav in /Users/jatinyadav/Desktop/Booking-system)
2025-09-11 21:12:19.492  INFO 9334 --- [main] ingBootSecurityThymeleafApplicationTests : No active profile set, falling back to default profiles: default
2025-09-11 21:12:19.769  INFO 9334 --- [main] .s.d.r.c.RepositoryConfigurationDelegate : Bootstrapping Spring Data JPA repositories in DEFERRED mode.
2025-09-11 21:12:19.796  INFO 9334 --- [main] .s.d.r.c.RepositoryConfigurationDelegate : Finished Spring Data repository scanning in 24ms. Found 5 JPA repository interfaces.
2025-09-11 21:12:20.007  INFO 9334 --- [main] o.s.s.concurrent.ThreadPoolTaskExecutor  : Initializing ExecutorService 'applicationTaskExecutor'
2025-09-11 21:12:20.027  INFO 9334 --- [task-1] o.hibernate.jpa.internal.util.LogHelper  : HHH000204: Processing PersistenceUnitInfo [name: default]
2025-09-11 21:12:20.048  INFO 9334 --- [task-1] org.hibernate.Version                    : HHH000412: Hibernate ORM core version 5.4.15.Final
2025-09-11 21:12:20.053  WARN 9334 --- [main] JpaBaseConfiguration$JpaWebConfiguration : spring.jpa.open-in-view is enabled by default. Therefore, database queries may be performed during view rendering. Explicitly configure spring.jpa.open-in-view to disable this warning
2025-09-11 21:12:20.106  INFO 9334 --- [task-1] o.hibernate.annotations.common.Version   : HCANN000001: Hibernate Commons Annotations {5.1.0.Final}
2025-09-11 21:12:20.120 DEBUG 9334 --- [task-1] org.hibernate.type.BasicTypeRegistry     : Adding type registration boolean -> org.hibernate.type.BooleanType@45db9ccd
2025-09-11 21:12:20.120 DEBUG 9334 --- [task-1] org.hibernate.type.BasicTypeRegistry     : Adding type registration boolean -> org.hibernate.type.BooleanType@45db9ccd
2025-09-11 21:12:20.120 DEBUG 9334 --- [task-1] org.hibernate.type.BasicTypeRegistry     : Adding type registration java.lang.Boolean -> org.hibernate.type.BooleanType@45db9ccd
2025-09-11 21:12:20.120 DEBUG 9334 --- [task-1] org.hibernate.type.BasicTypeRegistry     : Adding type registration numeric_boolean -> org.hibernate.type.NumericBooleanType@3ac16d0c
2025-09-11 21:12:20.120 DEBUG 9334 --- [task-1] org.hibernate.type.BasicTypeRegistry     : Adding type registration true_false -> org.hibernate.type.TrueFalseType@284b2c1d
2025-09-11 21:12:20.120 DEBUG 9334 --- [task-1] org.hibernate.type.BasicTypeRegistry     : Adding type registration yes_no -> org.hibernate.type.YesNoType@1d8b7a2
2025-09-11 21:12:20.120 DEBUG 9334 --- [task-1] org.hibernate.type.BasicTypeRegistry     : Adding type registration byte -> org.hibernate.type.ByteType@c264315
2025-09-11 21:12:20.121 DEBUG 9334 --- [task-1] org.hibernate.type.BasicTypeRegistry     : Adding type registration byte -> org.hibernate.type.ByteType@c264315
2025-09-11 21:12:20.121 DEBUG 9334 --- [task-1] org.hibernate.type.BasicTypeRegistry     : Adding type registration java.lang.Byte -> org.hibernate.type.ByteType@c264315
2025-09-11 21:12:20.121 DEBUG 9334 --- [task-1] org.hibernate.type.BasicTypeRegistry     : Adding type registration character -> org.hibernate.type.CharacterType@74c4277e
2025-09-11 21:12:20.121 DEBUG 9334 --- [task-1] org.hibernate.type.BasicTypeRegistry     : Adding type registration char -> org.hibernate.type.CharacterType@74c4277e
2025-09-11 21:12:20.121 DEBUG 9334 --- [task-1] org.hibernate.type.BasicTypeRegistry     : Adding type registration java.lang.Character -> org.hibernate.type.CharacterType@74c4277e
2025-09-11 21:12:20.121 DEBUG 9334 --- [task-1] org.hibernate.type.BasicTypeRegistry     : Adding type registration short -> org.hibernate.type.ShortType@6d9e7e55
2025-09-11 21:12:20.121 DEBUG 9334 --- [task-1] org.hibernate.type.BasicTypeRegistry     : Adding type registration short -> org.hibernate.type.ShortType@6d9e7e55
2025-09-11 21:12:20.121 DEBUG 9334 --- [task-1] org.hibernate.type.BasicTypeRegistry     : Adding type registration java.lang.Short -> org.hibernate.type.ShortType@6d9e7e55
2025-09-11 21:12:20.122 DEBUG 9334 --- [task-1] org.hibernate.type.BasicTypeRegistry     : Adding type registration integer -> org.hibernate.type.IntegerType@62001f68
2025-09-11 21:12:20.122 DEBUG 9334 --- [task-1] org.hibernate.type.BasicTypeRegistry     : Adding type registration int -> org.hibernate.type.IntegerType@62001f68
2025-09-11 21:12:20.122 DEBUG 9334 --- [task-1] org.hibernate.type.BasicTypeRegistry     : Adding type registration java.lang.Integer -> org.hibernate.type.IntegerType@62001f68
2025-09-11 21:12:20.122 DEBUG 9334 --- [task-1] org.hibernate.type.BasicTypeRegistry     : Adding type registration long -> org.hibernate.type.LongType@5aa02a9b
2025-09-11 21:12:20.122 DEBUG 9334 --- [task-1] org.hibernate.type.BasicTypeRegistry     : Adding type registration long -> org.hibernate.type.LongType@5aa02a9b
2025-09-11 21:12:20.122 DEBUG 9334 --- [task-1] org.hibernate.type.BasicTypeRegistry     : Adding type registration java.lang.Long -> org.hibernate.type.LongType@5aa02a9b
2025-09-11 21:12:20.122 DEBUG 9334 --- [task-1] org.hibernate.type.BasicTypeRegistry     : Adding type registration float -> org.hibernate.type.FloatType@e0733b5
2025-09-11 21:12:20.122 DEBUG 9334 --- [task-1] org.hibernate.type.BasicTypeRegistry     : Adding type registration float -> org.hibernate.type.FloatType@e0733b5
2025-09-11 21:12:20.122 DEBUG 9334 --- [task-1] org.hibernate.type.BasicTypeRegistry     : Adding type registration java.lang.Float -> org.hibernate.type.FloatType@e0733b5
2025-09-11 21:12:20.122 DEBUG 9334 --- [task-1] org.hibernate.type.BasicTypeRegistry     : Adding type registration double -> org.hibernate.type.DoubleType@531e7c3b
2025-09-11 21:12:20.123 DEBUG 9334 --- [task-1] org.hibernate.type.BasicTypeRegistry     : Adding type registration double -> org.hibernate.type.DoubleType@531e7c3b
2025-09-11 21:12:20.123 DEBUG 9334 --- [task-1] org.hibernate.type.BasicTypeRegistry     : Adding type registration java.lang.Double -> org.hibernate.type.DoubleType@531e7c3b
2025-09-11 21:12:20.123 DEBUG 9334 --- [task-1] org.hibernate.type.BasicTypeRegistry     : Adding type registration big_decimal -> org.hibernate.type.BigDecimalType@50326a49
2025-09-11 21:12:20.123 DEBUG 9334 --- [task-1] org.hibernate.type.BasicTypeRegistry     : Adding type registration java.math.BigDecimal -> org.hibernate.type.BigDecimalType@50326a49
2025-09-11 21:12:20.123 DEBUG 9334 --- [task-1] org.hibernate.type.BasicTypeRegistry     : Adding type registration big_integer -> org.hibernate.type.BigIntegerType@1fa975d7
2025-09-11 21:12:20.123 DEBUG 9334 --- [task-1] org.hibernate.type.BasicTypeRegistry     : Adding type registration java.math.BigInteger -> org.hibernate.type.BigIntegerType@1fa975d7
2025-09-11 21:12:20.123 DEBUG 9334 --- [task-1] org.hibernate.type.BasicTypeRegistry     : Adding type registration string -> org.hibernate.type.StringType@fbfa304
2025-09-11 21:12:20.123 DEBUG 9334 --- [task-1] org.hibernate.type.BasicTypeRegistry     : Adding type registration java.lang.String -> org.hibernate.type.StringType@fbfa304
2025-09-11 21:12:20.124 DEBUG 9334 --- [task-1] org.hibernate.type.BasicTypeRegistry     : Adding type registration nstring -> org.hibernate.type.StringNVarcharType@42d88ed9
2025-09-11 21:12:20.124 DEBUG 9334 --- [task-1] org.hibernate.type.BasicTypeRegistry     : Adding type registration ncharacter -> org.hibernate.type.CharacterNCharType@824dd83
2025-09-11 21:12:20.124 DEBUG 9334 --- [task-1] org.hibernate.type.BasicTypeRegistry     : Adding type registration url -> org.hibernate.type.UrlType@403e6319
2025-09-11 21:12:20.124 DEBUG 9334 --- [task-1] org.hibernate.type.BasicTypeRegistry     : Adding type registration java.net.URL -> org.hibernate.type.UrlType@403e6319
2025-09-11 21:12:20.124 DEBUG 9334 --- [task-1] org.hibernate.type.BasicTypeRegistry     : Adding type registration Duration -> org.hibernate.type.DurationType@54815143
2025-09-11 21:12:20.124 DEBUG 9334 --- [task-1] org.hibernate.type.BasicTypeRegistry     : Adding type registration java.time.Duration -> org.hibernate.type.DurationType@54815143
2025-09-11 21:12:20.124 DEBUG 9334 --- [task-1] org.hibernate.type.BasicTypeRegistry     : Adding type registration Instant -> org.hibernate.type.InstantType@948859b
2025-09-11 21:12:20.124 DEBUG 9334 --- [task-1] org.hibernate.type.BasicTypeRegistry     : Adding type registration java.time.Instant -> org.hibernate.type.InstantType@948859b
2025-09-11 21:12:20.125 DEBUG 9334 --- [task-1] org.hibernate.type.BasicTypeRegistry     : Adding type registration LocalDateTime -> org.hibernate.type.LocalDateTimeType@50bd29bd
2025-09-11 21:12:20.125 DEBUG 9334 --- [task-1] org.hibernate.type.BasicTypeRegistry     : Adding type registration java.time.LocalDateTime -> org.hibernate.type.LocalDateTimeType@50bd29bd
2025-09-11 21:12:20.125 DEBUG 9334 --- [task-1] org.hibernate.type.BasicTypeRegistry     : Adding type registration LocalDate -> org.hibernate.type.LocalDateType@4fa7a08f
2025-09-11 21:12:20.125 DEBUG 9334 --- [task-1] org.hibernate.type.BasicTypeRegistry     : Adding type registration java.time.LocalDate -> org.hibernate.type.LocalDateType@4fa7a08f
2025-09-11 21:12:20.125 DEBUG 9334 --- [task-1] org.hibernate.type.BasicTypeRegistry     : Adding type registration LocalTime -> org.hibernate.type.LocalTimeType@6bd5bb8d
2025-09-11 21:12:20.125 DEBUG 9334 --- [task-1] org.hibernate.type.BasicTypeRegistry     : Adding type registration java.time.LocalTime -> org.hibernate.type.LocalTimeType@6bd5bb8d
2025-09-11 21:12:20.126 DEBUG 9334 --- [task-1] org.hibernate.type.BasicTypeRegistry     : Adding type registration OffsetDateTime -> org.hibernate.type.OffsetDateTimeType@32da432f
2025-09-11 21:12:20.126 DEBUG 9334 --- [task-1] org.hibernate.type.BasicTypeRegistry     : Adding type registration java.time.OffsetDateTime -> org.hibernate.type.OffsetDateTimeType@32da432f
2025-09-11 21:12:20.126 DEBUG 9334 --- [task-1] org.hibernate.type.BasicTypeRegistry     : Adding type registration OffsetTime -> org.hibernate.type.OffsetTimeType@458c20ca
2025-09-11 21:12:20.126 DEBUG 9334 --- [task-1] org.hibernate.type.BasicTypeRegistry     : Adding type registration java.time.OffsetTime -> org.hibernate.type.OffsetTimeType@458c20ca
2025-09-11 21:12:20.126 DEBUG 9334 --- [task-1] org.hibernate.type.BasicTypeRegistry     : Adding type registration ZonedDateTime -> org.hibernate.type.ZonedDateTimeType@71ba7eff
2025-09-11 21:12:20.126 DEBUG 9334 --- [task-1] org.hibernate.type.BasicTypeRegistry     : Adding type registration java.time.ZonedDateTime -> org.hibernate.type.ZonedDateTimeType@71ba7eff
2025-09-11 21:12:20.127 DEBUG 9334 --- [task-1] org.hibernate.type.BasicTypeRegistry     : Adding type registration date -> org.hibernate.type.DateType@b212241
2025-09-11 21:12:20.127 DEBUG 9334 --- [task-1] org.hibernate.type.BasicTypeRegistry     : Adding type registration java.sql.Date -> org.hibernate.type.DateType@b212241
2025-09-11 21:12:20.127 DEBUG 9334 --- [task-1] org.hibernate.type.BasicTypeRegistry     : Adding type registration time -> org.hibernate.type.TimeType@140f2027
2025-09-11 21:12:20.127 DEBUG 9334 --- [task-1] org.hibernate.type.BasicTypeRegistry     : Adding type registration java.sql.Time -> org.hibernate.type.TimeType@140f2027
2025-09-11 21:12:20.127 DEBUG 9334 --- [task-1] org.hibernate.type.BasicTypeRegistry     : Adding type registration timestamp -> org.hibernate.type.TimestampType@16c751c
2025-09-11 21:12:20.127 DEBUG 9334 --- [task-1] org.hibernate.type.BasicTypeRegistry     : Adding type registration java.sql.Timestamp -> org.hibernate.type.TimestampType@16c751c
2025-09-11 21:12:20.127 DEBUG 9334 --- [task-1] org.hibernate.type.BasicTypeRegistry     : Adding type registration java.util.Date -> org.hibernate.type.TimestampType@16c751c
2025-09-11 21:12:20.128 DEBUG 9334 --- [task-1] org.hibernate.type.BasicTypeRegistry     : Adding type registration dbtimestamp -> org.hibernate.type.DbTimestampType@7ada5730
2025-09-11 21:12:20.128 DEBUG 9334 --- [task-1] org.hibernate.type.BasicTypeRegistry     : Adding type registration calendar -> org.hibernate.type.CalendarType@2b579177
2025-09-11 21:12:20.128 DEBUG 9334 --- [task-1] org.hibernate.type.BasicTypeRegistry     : Adding type registration java.util.Calendar -> org.hibernate.type.CalendarType@2b579177
2025-09-11 21:12:20.128 DEBUG 9334 --- [task-1] org.hibernate.type.BasicTypeRegistry     : Adding type registration java.util.GregorianCalendar -> org.hibernate.type.CalendarType@2b579177
2025-09-11 21:12:20.128 DEBUG 9334 --- [task-1] org.hibernate.type.BasicTypeRegistry     : Adding type registration calendar_date -> org.hibernate.type.CalendarDateType@4b11e74b
2025-09-11 21:12:20.128 DEBUG 9334 --- [task-1] org.hibernate.type.BasicTypeRegistry     : Adding type registration calendar_time -> org.hibernate.type.CalendarTimeType@231ee72e
2025-09-11 21:12:20.128 DEBUG 9334 --- [task-1] org.hibernate.type.BasicTypeRegistry     : Adding type registration locale -> org.hibernate.type.LocaleType@47496c8b
2025-09-11 21:12:20.129 DEBUG 9334 --- [task-1] org.hibernate.type.BasicTypeRegistry     : Adding type registration java.util.Locale -> org.hibernate.type.LocaleType@47496c8b
2025-09-11 21:12:20.129 DEBUG 9334 --- [task-1] org.hibernate.type.BasicTypeRegistry     : Adding type registration currency -> org.hibernate.type.CurrencyType@586b85ad
2025-09-11 21:12:20.129 DEBUG 9334 --- [task-1] org.hibernate.type.BasicTypeRegistry     : Adding type registration java.util.Currency -> org.hibernate.type.CurrencyType@586b85ad
2025-09-11 21:12:20.129 DEBUG 9334 --- [task-1] org.hibernate.type.BasicTypeRegistry     : Adding type registration timezone -> org.hibernate.type.TimeZoneType@7a8c7bf0
2025-09-11 21:12:20.129 DEBUG 9334 --- [task-1] org.hibernate.type.BasicTypeRegistry     : Adding type registration java.util.TimeZone -> org.hibernate.type.TimeZoneType@7a8c7bf0
2025-09-11 21:12:20.129 DEBUG 9334 --- [task-1] org.hibernate.type.BasicTypeRegistry     : Adding type registration class -> org.hibernate.type.ClassType@51a0451a
2025-09-11 21:12:20.129 DEBUG 9334 --- [task-1] org.hibernate.type.BasicTypeRegistry     : Adding type registration java.lang.Class -> org.hibernate.type.ClassType@51a0451a
2025-09-11 21:12:20.129 DEBUG 9334 --- [task-1] org.hibernate.type.BasicTypeRegistry     : Adding type registration uuid-binary -> org.hibernate.type.UUIDBinaryType@2d1d3bbd
2025-09-11 21:12:20.129 DEBUG 9334 --- [task-1] org.hibernate.type.BasicTypeRegistry     : Adding type registration java.util.UUID -> org.hibernate.type.UUIDBinaryType@2d1d3bbd
2025-09-11 21:12:20.129 DEBUG 9334 --- [task-1] org.hibernate.type.BasicTypeRegistry     : Adding type registration uuid-char -> org.hibernate.type.UUIDCharType@7334fa75
2025-09-11 21:12:20.130 DEBUG 9334 --- [task-1] org.hibernate.type.BasicTypeRegistry     : Adding type registration binary -> org.hibernate.type.BinaryType@5ad60d24
2025-09-11 21:12:20.130 DEBUG 9334 --- [task-1] org.hibernate.type.BasicTypeRegistry     : Adding type registration byte[] -> org.hibernate.type.BinaryType@5ad60d24
2025-09-11 21:12:20.130 DEBUG 9334 --- [task-1] org.hibernate.type.BasicTypeRegistry     : Adding type registration [B -> org.hibernate.type.BinaryType@5ad60d24
2025-09-11 21:12:20.130 DEBUG 9334 --- [task-1] org.hibernate.type.BasicTypeRegistry     : Adding type registration wrapper-binary -> org.hibernate.type.WrapperBinaryType@87adbad
2025-09-11 21:12:20.130 DEBUG 9334 --- [task-1] org.hibernate.type.BasicTypeRegistry     : Adding type registration Byte[] -> org.hibernate.type.WrapperBinaryType@87adbad
2025-09-11 21:12:20.130 DEBUG 9334 --- [task-1] org.hibernate.type.BasicTypeRegistry     : Adding type registration [Ljava.lang.Byte; -> org.hibernate.type.WrapperBinaryType@87adbad
2025-09-11 21:12:20.130 DEBUG 9334 --- [task-1] org.hibernate.type.BasicTypeRegistry     : Adding type registration row_version -> org.hibernate.type.RowVersionType@6490e996
2025-09-11 21:12:20.130 DEBUG 9334 --- [task-1] org.hibernate.type.BasicTypeRegistry     : Adding type registration image -> org.hibernate.type.ImageType@56558f65
2025-09-11 21:12:20.131 DEBUG 9334 --- [task-1] org.hibernate.type.BasicTypeRegistry     : Adding type registration characters -> org.hibernate.type.CharArrayType@59ac2ac1
2025-09-11 21:12:20.131 DEBUG 9334 --- [task-1] org.hibernate.type.BasicTypeRegistry     : Adding type registration char[] -> org.hibernate.type.CharArrayType@59ac2ac1
2025-09-11 21:12:20.131 DEBUG 9334 --- [task-1] org.hibernate.type.BasicTypeRegistry     : Adding type registration [C -> org.hibernate.type.CharArrayType@59ac2ac1
2025-09-11 21:12:20.131 DEBUG 9334 --- [task-1] org.hibernate.type.BasicTypeRegistry     : Adding type registration wrapper-characters -> org.hibernate.type.CharacterArrayType@3c081221
2025-09-11 21:12:20.131 DEBUG 9334 --- [task-1] org.hibernate.type.BasicTypeRegistry     : Adding type registration [Ljava.lang.Character; -> org.hibernate.type.CharacterArrayType@3c081221
2025-09-11 21:12:20.131 DEBUG 9334 --- [task-1] org.hibernate.type.BasicTypeRegistry     : Adding type registration Character[] -> org.hibernate.type.CharacterArrayType@3c081221
2025-09-11 21:12:20.131 DEBUG 9334 --- [task-1] org.hibernate.type.BasicTypeRegistry     : Adding type registration text -> org.hibernate.type.TextType@16fe57d
2025-09-11 21:12:20.131 DEBUG 9334 --- [task-1] org.hibernate.type.BasicTypeRegistry     : Adding type registration ntext -> org.hibernate.type.NTextType@71d48207
2025-09-11 21:12:20.134 DEBUG 9334 --- [task-1] org.hibernate.type.BasicTypeRegistry     : Adding type registration blob -> org.hibernate.type.BlobType@71bcae47
2025-09-11 21:12:20.134 DEBUG 9334 --- [task-1] org.hibernate.type.BasicTypeRegistry     : Adding type registration java.sql.Blob -> org.hibernate.type.BlobType@71bcae47
2025-09-11 21:12:20.134 DEBUG 9334 --- [task-1] org.hibernate.type.BasicTypeRegistry     : Adding type registration materialized_blob -> org.hibernate.type.MaterializedBlobType@598b1127
2025-09-11 21:12:20.135 DEBUG 9334 --- [task-1] org.hibernate.type.BasicTypeRegistry     : Adding type registration clob -> org.hibernate.type.ClobType@b575bd
2025-09-11 21:12:20.135 DEBUG 9334 --- [task-1] org.hibernate.type.BasicTypeRegistry     : Adding type registration java.sql.Clob -> org.hibernate.type.ClobType@b575bd
2025-09-11 21:12:20.135 DEBUG 9334 --- [task-1] org.hibernate.type.BasicTypeRegistry     : Adding type registration nclob -> org.hibernate.type.NClobType@6f5713
2025-09-11 21:12:20.135 DEBUG 9334 --- [task-1] org.hibernate.type.BasicTypeRegistry     : Adding type registration java.sql.NClob -> org.hibernate.type.NClobType@6f5713
2025-09-11 21:12:20.135 DEBUG 9334 --- [task-1] org.hibernate.type.BasicTypeRegistry     : Adding type registration materialized_clob -> org.hibernate.type.MaterializedClobType@113bf072
2025-09-11 21:12:20.135 DEBUG 9334 --- [task-1] org.hibernate.type.BasicTypeRegistry     : Adding type registration materialized_nclob -> org.hibernate.type.MaterializedNClobType@3ba6315c
2025-09-11 21:12:20.136 DEBUG 9334 --- [task-1] org.hibernate.type.BasicTypeRegistry     : Adding type registration serializable -> org.hibernate.type.SerializableType@31d2926a
2025-09-11 21:12:20.138 DEBUG 9334 --- [task-1] org.hibernate.type.BasicTypeRegistry     : Adding type registration object -> org.hibernate.type.ObjectType@5a24b3d4
2025-09-11 21:12:20.138 DEBUG 9334 --- [task-1] org.hibernate.type.BasicTypeRegistry     : Adding type registration java.lang.Object -> org.hibernate.type.ObjectType@5a24b3d4
2025-09-11 21:12:20.138 DEBUG 9334 --- [task-1] org.hibernate.type.BasicTypeRegistry     : Adding type registration imm_date -> org.hibernate.type.AdaptedImmutableType@2e2cb409
2025-09-11 21:12:20.138 DEBUG 9334 --- [task-1] org.hibernate.type.BasicTypeRegistry     : Adding type registration imm_time -> org.hibernate.type.AdaptedImmutableType@e053f6
2025-09-11 21:12:20.138 DEBUG 9334 --- [task-1] org.hibernate.type.BasicTypeRegistry     : Adding type registration imm_timestamp -> org.hibernate.type.AdaptedImmutableType@f2b509e
2025-09-11 21:12:20.138 DEBUG 9334 --- [task-1] org.hibernate.type.BasicTypeRegistry     : Adding type registration imm_dbtimestamp -> org.hibernate.type.AdaptedImmutableType@16648807
2025-09-11 21:12:20.138 DEBUG 9334 --- [task-1] org.hibernate.type.BasicTypeRegistry     : Adding type registration imm_calendar -> org.hibernate.type.AdaptedImmutableType@5da3fa3e
2025-09-11 21:12:20.138 DEBUG 9334 --- [task-1] org.hibernate.type.BasicTypeRegistry     : Adding type registration imm_calendar_date -> org.hibernate.type.AdaptedImmutableType@5fde6d9f
2025-09-11 21:12:20.138 DEBUG 9334 --- [task-1] org.hibernate.type.BasicTypeRegistry     : Adding type registration imm_binary -> org.hibernate.type.AdaptedImmutableType@a24695a
2025-09-11 21:12:20.138 DEBUG 9334 --- [task-1] org.hibernate.type.BasicTypeRegistry     : Adding type registration imm_serializable -> org.hibernate.type.AdaptedImmutableType@3832fca9
2025-09-11 21:12:20.157  INFO 9334 --- [task-1] com.zaxxer.hikari.HikariDataSource       : HikariPool-1 - Starting...
2025-09-11 21:12:20.173  INFO 9334 --- [main] o.s.s.web.DefaultSecurityFilterChain     : Creating filter chain: any request, [org.springframework.security.web.context.request.async.WebAsyncManagerIntegrationFilter@abad89c, org.springframework.security.web.context.SecurityContextPersistenceFilter@25a94b55, org.springframework.security.web.header.HeaderWriterFilter@3635099, org.springframework.security.web.csrf.CsrfFilter@494c8f29, org.springframework.security.web.authentication.logout.LogoutFilter@7412a438, org.springframework.security.web.authentication.UsernamePasswordAuthenticationFilter@cfd1075, org.springframework.security.web.savedrequest.RequestCacheAwareFilter@40709f9, org.springframework.security.web.servletapi.SecurityContextHolderAwareRequestFilter@1f87607c, org.springframework.security.web.authentication.AnonymousAuthenticationFilter@602f8f94, org.springframework.security.web.session.SessionManagementFilter@3332c7a5, org.springframework.security.web.access.ExceptionTranslationFilter@472d0f4, org.springframework.security.web.access.intercept.FilterSecurityInterceptor@738d37fc]
2025-09-11 21:12:20.427  INFO 9334 --- [task-1] com.zaxxer.hikari.HikariDataSource       : HikariPool-1 - Start completed.
2025-09-11 21:12:20.435  INFO 9334 --- [task-1] org.hibernate.dialect.Dialect            : HHH000400: Using dialect: org.hibernate.dialect.MySQL5InnoDBDialect
2025-09-11 21:12:20.473 DEBUG 9334 --- [task-1] o.h.type.spi.TypeConfiguration$Scope     : Scoping TypeConfiguration [org.hibernate.type.spi.TypeConfiguration@5ccb8724] to MetadataBuildingContext [org.hibernate.boot.internal.MetadataBuildingContextRootImpl@5af0a381]
2025-09-11 21:12:20.524 DEBUG 9334 --- [task-1] org.hibernate.type.EnumType              : Using NAMED-based conversion for Enum net.javaguides.springboot.model.BookingStatus
2025-09-11 21:12:20.525 DEBUG 9334 --- [task-1] org.hibernate.type.EnumType              : Using NAMED-based conversion for Enum net.javaguides.springboot.model.RoleName
2025-09-11 21:12:20.525 DEBUG 9334 --- [task-1] org.hibernate.type.EnumType              : Using NAMED-based conversion for Enum net.javaguides.springboot.model.ScheduleStatus
2025-09-11 21:12:20.539 DEBUG 9334 --- [task-1] org.hibernate.type.EnumType              : Using NAMED-based conversion for Enum net.javaguides.springboot.model.BookingStatus
2025-09-11 21:12:20.539 DEBUG 9334 --- [task-1] org.hibernate.type.EnumType              : Using NAMED-based conversion for Enum net.javaguides.springboot.model.RoleName
2025-09-11 21:12:20.540 DEBUG 9334 --- [task-1] org.hibernate.type.EnumType              : Using NAMED-based conversion for Enum net.javaguides.springboot.model.ScheduleStatus
2025-09-11 21:12:20.567 DEBUG 9334 --- [task-1] o.h.type.spi.TypeConfiguration$Scope     : Scoping TypeConfiguration [org.hibernate.type.spi.TypeConfiguration@5ccb8724] to SessionFactoryImpl [org.hibernate.internal.SessionFactoryImpl@51d3ab38]
2025-09-11 21:12:20.582 DEBUG 9334 --- [task-1] org.hibernate.type.EnumType              : Using NAMED-based conversion for Enum net.javaguides.springboot.model.BookingStatus
2025-09-11 21:12:20.583 DEBUG 9334 --- [task-1] org.hibernate.type.EnumType              : Using NAMED-based conversion for Enum net.javaguides.springboot.model.BookingStatus
2025-09-11 21:12:20.652 DEBUG 9334 --- [task-1] org.hibernate.type.EnumType              : Using NAMED-based conversion for Enum net.javaguides.springboot.model.BookingStatus
2025-09-11 21:12:20.652 DEBUG 9334 --- [task-1] org.hibernate.type.EnumType              : Using NAMED-based conversion for Enum net.javaguides.springboot.model.BookingStatus
2025-09-11 21:12:20.655 DEBUG 9334 --- [task-1] org.hibernate.type.EnumType              : Using NAMED-based conversion for Enum net.javaguides.springboot.model.RoleName
2025-09-11 21:12:20.655 DEBUG 9334 --- [task-1] org.hibernate.type.EnumType              : Using NAMED-based conversion for Enum net.javaguides.springboot.model.RoleName
2025-09-11 21:12:20.659 DEBUG 9334 --- [task-1] org.hibernate.type.EnumType              : Using NAMED-based conversion for Enum net.javaguides.springboot.model.RoleName
2025-09-11 21:12:20.659 DEBUG 9334 --- [task-1] org.hibernate.type.EnumType              : Using NAMED-based conversion for Enum net.javaguides.springboot.model.RoleName
2025-09-11 21:12:20.659 DEBUG 9334 --- [task-1] org.hibernate.type.EnumType              : Using NAMED-based conversion for Enum net.javaguides.springboot.model.ScheduleStatus
2025-09-11 21:12:20.660 DEBUG 9334 --- [task-1] org.hibernate.type.EnumType              : Using NAMED-based conversion for Enum net.javaguides.springboot.model.ScheduleStatus
2025-09-11 21:12:20.665 DEBUG 9334 --- [task-1] org.hibernate.type.EnumType              : Using NAMED-based conversion for Enum net.javaguides.springboot.model.ScheduleStatus
2025-09-11 21:12:20.665 DEBUG 9334 --- [task-1] org.hibernate.type.EnumType              : Using NAMED-based conversion for Enum net.javaguides.springboot.model.ScheduleStatus
2025-09-11 21:12:20.713 DEBUG 9334 --- [task-1] org.hibernate.type.EnumType              : Using NAMED-based conversion for Enum net.javaguides.springboot.model.BookingStatus
2025-09-11 21:12:20.714 DEBUG 9334 --- [task-1] org.hibernate.type.EnumType              : Using NAMED-based conversion for Enum net.javaguides.springboot.model.BookingStatus
2025-09-11 21:12:20.714 DEBUG 9334 --- [task-1] org.hibernate.type.EnumType              : Using NAMED-based conversion for Enum net.javaguides.springboot.model.RoleName
2025-09-11 21:12:20.714 DEBUG 9334 --- [task-1] org.hibernate.type.EnumType              : Using NAMED-based conversion for Enum net.javaguides.springboot.model.RoleName
2025-09-11 21:12:20.714 DEBUG 9334 --- [task-1] org.hibernate.type.EnumType              : Using NAMED-based conversion for Enum net.javaguides.springboot.model.ScheduleStatus
2025-09-11 21:12:20.714 DEBUG 9334 --- [task-1] org.hibernate.type.EnumType              : Using NAMED-based conversion for Enum net.javaguides.springboot.model.ScheduleStatus
2025-09-11 21:12:20.783  INFO 9334 --- [task-1] o.h.e.t.j.p.i.JtaPlatformInitiator       : HHH000490: Using JtaPlatform implementation: [org.hibernate.engine.transaction.jta.platform.internal.NoJtaPlatform]
2025-09-11 21:12:20.785 TRACE 9334 --- [task-1] o.h.type.spi.TypeConfiguration$Scope     : Handling #sessionFactoryCreated from [org.hibernate.internal.SessionFactoryImpl@51d3ab38] for TypeConfiguration
2025-09-11 21:12:20.785  INFO 9334 --- [task-1] j.LocalContainerEntityManagerFactoryBean : Initialized JPA EntityManagerFactory for persistence unit 'default'
2025-09-11 21:12:20.942  INFO 9334 --- [main] o.s.b.a.w.s.WelcomePageHandlerMapping    : Adding welcome page template: index
2025-09-11 21:12:21.020  INFO 9334 --- [main] DeferredRepositoryInitializationListener : Triggering deferred initialization of Spring Data repositories…
2025-09-11 21:12:21.138  INFO 9334 --- [main] DeferredRepositoryInitializationListener : Spring Data repositories initialized!
2025-09-11 21:12:21.142  INFO 9334 --- [main] ingBootSecurityThymeleafApplicationTests : Started RegistrationLoginSpringBootSecurityThymeleafApplicationTests in 1.803 seconds (JVM running for 2.206)
2025-09-11 21:12:23.641 DEBUG 9334 --- [main] org.hibernate.SQL                        : select user0_.id as id1_4_, user0_.email as email2_4_, user0_.first_name as first_na3_4_, user0_.last_name as last_nam4_4_, user0_.password as password5_4_, user0_.phone_number as phone_nu6_4_ from user user0_ where user0_.email=?
2025-09-11 21:12:23.643 TRACE 9334 --- [main] o.h.type.descriptor.sql.BasicBinder      : binding parameter [1] as [VARCHAR] - [naman@gmail.com]
2025-09-11 21:12:23.647 TRACE 9334 --- [main] o.h.type.descriptor.sql.BasicExtractor   : extracted value ([id1_4_] : [BIGINT]) - [6]
2025-09-11 21:12:23.648 TRACE 9334 --- [main] o.h.type.descriptor.sql.BasicExtractor   : extracted value ([email2_4_] : [VARCHAR]) - [naman@gmail.com]
2025-09-11 21:12:23.648 TRACE 9334 --- [main] o.h.type.descriptor.sql.BasicExtractor   : extracted value ([first_na3_4_] : [VARCHAR]) - [naman]
2025-09-11 21:12:23.648 TRACE 9334 --- [main] o.h.type.descriptor.sql.BasicExtractor   : extracted value ([last_nam4_4_] : [VARCHAR]) - [yadav]
2025-09-11 21:12:23.648 TRACE 9334 --- [main] o.h.type.descriptor.sql.BasicExtractor   : extracted value ([password5_4_] : [VARCHAR]) - [$2a$10$gu2HQ6Q6j4zO1XidFTWjluSdIolW8O/eiChFPLOE0Dgf.GEqMCgdO]
2025-09-11 21:12:23.648 TRACE 9334 --- [main] o.h.type.descriptor.sql.BasicExtractor   : extracted value ([phone_nu6_4_] : [VARCHAR]) - [1234567890]
2025-09-11 21:12:23.651 TRACE 9334 --- [main] org.hibernate.type.CollectionType        : Created collection wrapper: [net.javaguides.springboot.model.User.bookingsBarber#6]
2025-09-11 21:12:23.652 TRACE 9334 --- [main] org.hibernate.type.CollectionType        : Created collection wrapper: [net.javaguides.springboot.model.User.bookingsClient#6]
2025-09-11 21:12:23.652 TRACE 9334 --- [main] org.hibernate.type.CollectionType        : Created collection wrapper: [net.javaguides.springboot.model.User.roles#6]
2025-09-11 21:12:23.652 TRACE 9334 --- [main] org.hibernate.type.CollectionType        : Created collection wrapper: [net.javaguides.springboot.model.User.schedules#6]
2025-09-11 21:12:23.653 DEBUG 9334 --- [main] org.hibernate.SQL                        : select roles0_.user_id as user_id1_5_0_, roles0_.role_id as role_id2_5_0_, role1_.id as id1_1_1_, role1_.name as name2_1_1_ from users_roles roles0_ inner join roles role1_ on roles0_.role_id=role1_.id where roles0_.user_id=?
2025-09-11 21:12:23.653 TRACE 9334 --- [main] o.h.type.descriptor.sql.BasicBinder      : binding parameter [1] as [BIGINT] - [6]
2025-09-11 21:12:23.657 TRACE 9334 --- [main] o.h.type.descriptor.sql.BasicExtractor   : extracted value ([id1_1_1_] : [BIGINT]) - [2]
2025-09-11 21:12:23.657 TRACE 9334 --- [main] o.h.type.descriptor.sql.BasicExtractor   : extracted value ([name2_1_1_] : [VARCHAR]) - [ROLE_BARBER]
2025-09-11 21:12:23.657 TRACE 9334 --- [main] o.h.type.descriptor.sql.BasicExtractor   : extracted value ([user_id1_5_0_] : [BIGINT]) - [6]
2025-09-11 21:12:23.657 TRACE 9334 --- [main] o.h.type.descriptor.sql.BasicExtractor   : extracted value ([role_id2_5_0_] : [BIGINT]) - [2]
2025-09-11 21:12:23.666 DEBUG 9334 --- [main] org.hibernate.SQL                        : select distinct schedule0_.time as col_0_0_ from schedule schedule0_ where schedule0_.barber_id=? and schedule0_.status=? and schedule0_.date=?
2025-09-11 21:12:23.667 TRACE 9334 --- [main] o.h.type.descriptor.sql.BasicBinder      : binding parameter [1] as [BIGINT] - [6]
2025-09-11 21:12:23.667 TRACE 9334 --- [main] o.h.type.descriptor.sql.BasicBinder      : binding parameter [2] as [VARCHAR] - [FREE]
2025-09-11 21:12:23.667 TRACE 9334 --- [main] o.h.type.descriptor.sql.BasicBinder      : binding parameter [3] as [DATE] - [2025-11-25]
2025-09-11 21:12:23.672 DEBUG 9334 --- [main] org.hibernate.SQL                        : select booking0_.id as id1_0_, booking0_.barber_id as barber_i5_0_, booking0_.client_id as client_i6_0_, booking0_.date as date2_0_, booking0_.service_id as service_7_0_, booking0_.status as status3_0_, booking0_.time as time4_0_ from booking booking0_ where booking0_.date=?
2025-09-11 21:12:23.673 TRACE 9334 --- [main] o.h.type.descriptor.sql.BasicBinder      : binding parameter [1] as [DATE] - [2025-10-25]
2025-09-11 21:12:24.926 DEBUG 9334 --- [main] org.hibernate.SQL                        : select schedule0_.id as id1_2_, schedule0_.barber_id as barber_i5_2_, schedule0_.date as date2_2_, schedule0_.status as status3_2_, schedule0_.time as time4_2_ from schedule schedule0_ where schedule0_.date=? and schedule0_.time=?
2025-09-11 21:12:24.927 TRACE 9334 --- [main] o.h.type.descriptor.sql.BasicBinder      : binding parameter [1] as [DATE] - [2025-11-25]
2025-09-11 21:12:24.927 TRACE 9334 --- [main] o.h.type.descriptor.sql.BasicBinder      : binding parameter [2] as [TIME] - [09:00]
2025-09-11 21:12:24.937  INFO 9334 --- [SpringContextShutdownHook] j.LocalContainerEntityManagerFactoryBean : Closing JPA EntityManagerFactory for persistence unit 'default'
2025-09-11 21:12:24.938 TRACE 9334 --- [SpringContextShutdownHook] o.h.type.spi.TypeConfiguration$Scope     : Handling #sessionFactoryClosed from [org.hibernate.internal.SessionFactoryImpl@51d3ab38] for TypeConfiguration
2025-09-11 21:12:24.938 DEBUG 9334 --- [SpringContextShutdownHook] o.h.type.spi.TypeConfiguration$Scope     : Un-scoping TypeConfiguration [org.hibernate.type.spi.TypeConfiguration$Scope@5c496a32] from SessionFactory [org.hibernate.internal.SessionFactoryImpl@51d3ab38]
2025-09-11 21:12:24.938  INFO 9334 --- [SpringContextShutdownHook] o.s.s.concurrent.ThreadPoolTaskExecutor  : Shutting down ExecutorService 'applicationTaskExecutor'
2025-09-11 21:12:24.938  INFO 9334 --- [SpringContextShutdownHook] com.zaxxer.hikari.HikariDataSource       : HikariPool-1 - Shutdown initiated...
2025-09-11 21:12:24.945  INFO 9334 --- [SpringContextShutdownHook] com.zaxxer.hikari.HikariDataSource       : HikariPool-1 - Shutdown completed.
2025-09-11 21:14:17.420  INFO 9473 --- [main] ingBootSecurityThymeleafApplicationTests : Starting RegistrationLoginSpringBootSecurityThymeleafApplicationTests on Jatins-MacBook-Air.local with PID 9473 (started by jatinyadav in /Users/jatinyadav/Desktop/Booking-system)
2025-09-11 21:14:17.421  INFO 9473 --- [main] ingBootSecurityThymeleafApplicationTests : No active profile set, falling back to default profiles: default
2025-09-11 21:14:17.712  INFO 9473 --- [main] .s.d.r.c.RepositoryConfigurationDelegate : Bootstrapping Spring Data JPA repositories in DEFERRED mode.
2025-09-11 21:14:17.738  INFO 9473 --- [main] .s.d.r.c.RepositoryConfigurationDelegate : Finished Spring Data repository scanning in 24ms. Found 5 JPA repository interfaces.
2025-09-11 21:14:17.945  INFO 9473 --- [main] o.s.s.concurrent.ThreadPoolTaskExecutor  : Initializing ExecutorService 'applicationTaskExecutor'
2025-09-11 21:14:17.965  INFO 9473 --- [task-1] o.hibernate.jpa.internal.util.LogHelper  : HHH000204: Processing PersistenceUnitInfo [name: default]
2025-09-11 21:14:17.987  INFO 9473 --- [task-1] org.hibernate.Version                    : HHH000412: Hibernate ORM core version 5.4.15.Final
2025-09-11 21:14:17.992  WARN 9473 --- [main] JpaBaseConfiguration$JpaWebConfiguration : spring.jpa.open-in-view is enabled by default. Therefore, database queries may be performed during view rendering. Explicitly configure spring.jpa.open-in-view to disable this warning
2025-09-11 21:14:18.043  INFO 9473 --- [task-1] o.hibernate.annotations.common.Version   : HCANN000001: Hibernate Commons Annotations {5.1.0.Final}
2025-09-11 21:14:18.054 DEBUG 9473 --- [task-1] org.hibernate.type.BasicTypeRegistry     : Adding type registration boolean -> org.hibernate.type.BooleanType@19ee1db8
2025-09-11 21:14:18.055 DEBUG 9473 --- [task-1] org.hibernate.type.BasicTypeRegistry     : Adding type registration boolean -> org.hibernate.type.BooleanType@19ee1db8
2025-09-11 21:14:18.055 DEBUG 9473 --- [task-1] org.hibernate.type.BasicTypeRegistry     : Adding type registration java.lang.Boolean -> org.hibernate.type.BooleanType@19ee1db8
2025-09-11 21:14:18.055 DEBUG 9473 --- [task-1] org.hibernate.type.BasicTypeRegistry     : Adding type registration numeric_boolean -> org.hibernate.type.NumericBooleanType@6aba6e58
2025-09-11 21:14:18.055 DEBUG 9473 --- [task-1] org.hibernate.type.BasicTypeRegistry     : Adding type registration true_false -> org.hibernate.type.TrueFalseType@7445790c
2025-09-11 21:14:18.055 DEBUG 9473 --- [task-1] org.hibernate.type.BasicTypeRegistry     : Adding type registration yes_no -> org.hibernate.type.YesNoType@66c60aea
2025-09-11 21:14:18.055 DEBUG 9473 --- [task-1] org.hibernate.type.BasicTypeRegistry     : Adding type registration byte -> org.hibernate.type.ByteType@4ef57a5f
2025-09-11 21:14:18.055 DEBUG 9473 --- [task-1] org.hibernate.type.BasicTypeRegistry     : Adding type registration byte -> org.hibernate.type.ByteType@4ef57a5f
2025-09-11 21:14:18.056 DEBUG 9473 --- [task-1] org.hibernate.type.BasicTypeRegistry     : Adding type registration java.lang.Byte -> org.hibernate.type.ByteType@4ef57a5f
2025-09-11 21:14:18.056 DEBUG 9473 --- [task-1] org.hibernate.type.BasicTypeRegistry     : Adding type registration character -> org.hibernate.type.CharacterType@67d8af50
2025-09-11 21:14:18.056 DEBUG 9473 --- [task-1] org.hibernate.type.BasicTypeRegistry     : Adding type registration char -> org.hibernate.type.CharacterType@67d8af50
2025-09-11 21:14:18.056 DEBUG 9473 --- [task-1] org.hibernate.type.BasicTypeRegistry     : Adding type registration java.lang.Character -> org.hibernate.type.CharacterType@67d8af50
2025-09-11 21:14:18.056 DEBUG 9473 --- [task-1] org.hibernate.type.BasicTypeRegistry     : Adding type registration short -> org.hibernate.type.ShortType@31517bc1
2025-09-11 21:14:18.056 DEBUG 9473 --- [task-1] org.hibernate.type.BasicTypeRegistry     : Adding type registration short -> org.hibernate.type.ShortType@31517bc1
2025-09-11 21:14:18.056 DEBUG 9473 --- [task-1] org.hibernate.type.BasicTypeRegistry     : Adding type registration java.lang.Short -> org.hibernate.type.ShortType@31517bc1
2025-09-11 21:14:18.057 DEBUG 9473 --- [task-1] org.hibernate.type.BasicTypeRegistry     : Adding type registration integer -> org.hibernate.type.IntegerType@3b4ac33a
2025-09-11 21:14:18.057 DEBUG 9473 --- [task-1] org.hibernate.type.BasicTypeRegistry     : Adding type registration int -> org.hibernate.type.IntegerType@3b4ac33a
2025-09-11 21:14:18.057 DEBUG 9473 --- [task-1] org.hibernate.type.BasicTypeRegistry     : Adding type registration java.lang.Integer -> org.hibernate.type.IntegerType@3b4ac33a
2025-09-11 21:14:18.057 DEBUG 9473 --- [task-1] org.hibernate.type.BasicTypeRegistry     : Adding type registration long -> org.hibernate.type.LongType@b12232e
2025-09-11 21:14:18.057 DEBUG 9473 --- [task-1] org.hibernate.type.BasicTypeRegistry     : Adding type registration long -> org.hibernate.type.LongType@b12232e
2025-09-11 21:14:18.057 DEBUG 9473 --- [task-1] org.hibernate.type.BasicTypeRegistry     : Adding type registration java.lang.Long -> org.hibernate.type.LongType@b12232e
2025-09-11 21:14:18.057 DEBUG 9473 --- [task-1] org.hibernate.type.BasicTypeRegistry     : Adding type registration float -> org.hibernate.type.FloatType@6b479fae
2025-09-11 21:14:18.057 DEBUG 9473 --- [task-1] org.hibernate.type.BasicTypeRegistry     : Adding type registration float -> org.hibernate.type.FloatType@6b479fae
2025-09-11 21:14:18.057 DEBUG 9473 --- [task-1] org.hibernate.type.BasicTypeRegistry     : Adding type registration java.lang.Float -> org.hibernate.type.FloatType@6b479fae
2025-09-11 21:14:18.058 DEBUG 9473 --- [task-1] org.hibernate.type.BasicTypeRegistry     : Adding type registration double -> org.hibernate.type.DoubleType@3bcd5e85
2025-09-11 21:14:18.058 DEBUG 9473 --- [task-1] org.hibernate.type.BasicTypeRegistry     : Adding type registration double -> org.hibernate.type.DoubleType@3bcd5e85
2025-09-11 21:14:18.058 DEBUG 9473 --- [task-1] org.hibernate.type.BasicTypeRegistry     : Adding type registration java.lang.Double -> org.hibernate.type.DoubleType@3bcd5e85
2025-09-11 21:14:18.058 DEBUG 9473 --- [task-1] org.hibernate.type.BasicTypeRegistry     : Adding type registration big_decimal -> org.hibernate.type.BigDecimalType@6118414a
2025-09-11 21:14:18.058 DEBUG 9473 --- [task-1] org.hibernate.type.BasicTypeRegistry     : Adding type registration java.math.BigDecimal -> org.hibernate.type.BigDecimalType@6118414a
2025-09-11 21:14:18.058 DEBUG 9473 --- [task-1] org.hibernate.type.BasicTypeRegistry     : Adding type registration big_integer -> org.hibernate.type.BigIntegerType@67b9619f
2025-09-11 21:14:18.058 DEBUG 9473 --- [task-1] org.hibernate.type.BasicTypeRegistry     : Adding type registration java.math.BigInteger -> org.hibernate.type.BigIntegerType@67b9619f
2025-09-11 21:14:18.059 DEBUG 9473 --- [task-1] org.hibernate.type.BasicTypeRegistry     : Adding type registration string -> org.hibernate.type.StringType@34735f8e
2025-09-11 21:14:18.059 DEBUG 9473 --- [task-1] org.hibernate.type.BasicTypeRegistry     : Adding type registration java.lang.String -> org.hibernate.type.StringType@34735f8e
2025-09-11 21:14:18.059 DEBUG 9473 --- [task-1] org.hibernate.type.BasicTypeRegistry     : Adding type registration nstring -> org.hibernate.type.StringNVarcharType@23d8b277
2025-09-11 21:14:18.059 DEBUG 9473 --- [task-1] org.hibernate.type.BasicTypeRegistry     : Adding type registration ncharacter -> org.hibernate.type.CharacterNCharType@74cef71
2025-09-11 21:14:18.059 DEBUG 9473 --- [task-1] org.hibernate.type.BasicTypeRegistry     : Adding type registration url -> org.hibernate.type.UrlType@3173225b
2025-09-11 21:14:18.059 DEBUG 9473 --- [task-1] org.hibernate.type.BasicTypeRegistry     : Adding type registration java.net.URL -> org.hibernate.type.UrlType@3173225b
2025-09-11 21:14:18.059 DEBUG 9473 --- [task-1] org.hibernate.type.BasicTypeRegistry     : Adding type registration Duration -> org.hibernate.type.DurationType@280043dc
2025-09-11 21:14:18.059 DEBUG 9473 --- [task-1] org.hibernate.type.BasicTypeRegistry     : Adding type registration java.time.Duration -> org.hibernate.type.DurationType@280043dc
2025-09-11 21:14:18.060 DEBUG 9473 --- [task-1] org.hibernate.type.BasicTypeRegistry     : Adding type registration Instant -> org.hibernate.type.InstantType@10760721
2025-09-11 21:14:18.060 DEBUG 9473 --- [task-1] org.hibernate.type.BasicTypeRegistry     : Adding type registration java.time.Instant -> org.hibernate.type.InstantType@10760721
2025-09-11 21:14:18.060 DEBUG 9473 --- [task-1] org.hibernate.type.BasicTypeRegistry     : Adding type registration LocalDateTime -> org.hibernate.type.LocalDateTimeType@715c3b9e
2025-09-11 21:14:18.060 DEBUG 9473 --- [task-1] org.hibernate.type.BasicTypeRegistry     : Adding type registration java.time.LocalDateTime -> org.hibernate.type.LocalDateTimeType@715c3b9e
2025-09-11 21:14:18.060 DEBUG 9473 --- [task-1] org.hibernate.type.BasicTypeRegistry     : Adding type registration LocalDate -> org.hibernate.type.LocalDateType@689db52d
2025-09-11 21:14:18.060 DEBUG 9473 --- [task-1] org.hibernate.type.BasicTypeRegistry     : Adding type registration java.time.LocalDate -> org.hibernate.type.LocalDateType@689db52d
2025-09-11 21:14:18.061 DEBUG 9473 --- [task-1] org.hibernate.type.BasicTypeRegistry     : Adding type registration LocalTime -> org.hibernate.type.LocalTimeType@49d250ca
2025-09-11 21:14:18.061 DEBUG 9473 --- [task-1] org.hibernate.type.BasicTypeRegistry     : Adding type registration java.time.LocalTime -> org.hibernate.type.LocalTimeType@49d250ca
2025-09-11 21:14:18.061 DEBUG 9473 --- [task-1] org.hibernate.type.BasicTypeRegistry     : Adding type registration OffsetDateTime -> org.hibernate.type.OffsetDateTimeType@1fa03335
2025-09-11 21:14:18.061 DEBUG 9473 --- [task-1] org.hibernate.type.BasicTypeRegistry     : Adding type registration java.time.OffsetDateTime -> org.hibernate.type.OffsetDateTimeType@1fa03335
2025-09-11 21:14:18.061 DEBUG 9473 --- [task-1] org.hibernate.type.BasicTypeRegistry     : Adding type registration OffsetTime -> org.hibernate.type.OffsetTimeType@6ba6bb1c
2025-09-11 21:14:18.061 DEBUG 9473 --- [task-1] org.hibernate.type.BasicTypeRegistry     : Adding type registration java.time.OffsetTime -> org.hibernate.type.OffsetTimeType@6ba6bb1c
2025-09-11 21:14:18.061 DEBUG 9473 --- [task-1] org.hibernate.type.BasicTypeRegistry     : Adding type registration ZonedDateTime -> org.hibernate.type.ZonedDateTimeType@2e2aafc8
2025-09-11 21:14:18.062 DEBUG 9473 --- [task-1] org.hibernate.type.BasicTypeRegistry     : Adding type registration java.time.ZonedDateTime -> org.hibernate.type.ZonedDateTimeType@2e2aafc8
2025-09-11 21:14:18.062 DEBUG 9473 --- [task-1] org.hibernate.type.BasicTypeRegistry     : Adding type registration date -> org.hibernate.type.DateType@34209767
2025-09-11 21:14:18.062 DEBUG 9473 --- [task-1] org.hibernate.type.BasicTypeRegistry     : Adding type registration java.sql.Date -> org.hibernate.type.DateType@34209767
2025-09-11 21:14:18.063 DEBUG 9473 --- [task-1] org.hibernate.type.BasicTypeRegistry     : Adding type registration time -> org.hibernate.type.TimeType@4dd3588d
2025-09-11 21:14:18.063 DEBUG 9473 --- [task-1] org.hibernate.type.BasicTypeRegistry     : Adding type registration java.sql.Time -> org.hibernate.type.TimeType@4dd3588d
2025-09-11 21:14:18.063 DEBUG 9473 --- [task-1] org.hibernate.type.BasicTypeRegistry     : Adding type registration timestamp -> org.hibernate.type.TimestampType@74f29ef4
2025-09-11 21:14:18.063 DEBUG 9473 --- [task-1] org.hibernate.type.BasicTypeRegistry     : Adding type registration java.sql.Timestamp -> org.hibernate.type.TimestampType@74f29ef4
2025-09-11 21:14:18.063 DEBUG 9473 --- [task-1] org.hibernate.type.BasicTypeRegistry     : Adding type registration java.util.Date -> org.hibernate.type.TimestampType@74f29ef4
2025-09-11 21:14:18.063 DEBUG 9473 --- [task-1] org.hibernate.type.BasicTypeRegistry     : Adding type registration dbtimestamp -> org.hibernate.type.DbTimestampType@315cc03f
2025-09-11 21:14:18.064 DEBUG 9473 --- [task-1] org.hibernate.type.BasicTypeRegistry     : Adding type registration calendar -> org.hibernate.type.CalendarType@43538ace
2025-09-11 21:14:18.064 DEBUG 9473 --- [task-1] org.hibernate.type.BasicTypeRegistry     : Adding type registration java.util.Calendar -> org.hibernate.type.CalendarType@43538ace
2025-09-11 21:14:18.064 DEBUG 9473 --- [task-1] org.hibernate.type.BasicTypeRegistry     : Adding type registration java.util.GregorianCalendar -> org.hibernate.type.CalendarType@43538ace
2025-09-11 21:14:18.064 DEBUG 9473 --- [task-1] org.hibernate.type.BasicTypeRegistry     : Adding type registration calendar_date -> org.hibernate.type.CalendarDateType@29302a30
2025-09-11 21:14:18.067 DEBUG 9473 --- [task-1] org.hibernate.type.BasicTypeRegistry     : Adding type registration calendar_time -> org.hibernate.type.CalendarTimeType@3c97ea00
2025-09-11 21:14:18.067 DEBUG 9473 --- [task-1] org.hibernate.type.BasicTypeRegistry     : Adding type registration locale -> org.hibernate.type.LocaleType@33a82c2a
2025-09-11 21:14:18.067 DEBUG 9473 --- [task-1] org.hibernate.type.BasicTypeRegistry     : Adding type registration java.util.Locale -> org.hibernate.type.LocaleType@33a82c2a
2025-09-11 21:14:18.068 DEBUG 9473 --- [task-1] org.hibernate.type.BasicTypeRegistry     : Adding type registration currency -> org.hibernate.type.CurrencyType@21b88a27
2025-09-11 21:14:18.068 DEBUG 9473 --- [task-1] org.hibernate.type.BasicTypeRegistry     : Adding type registration java.util.Currency -> org.hibernate.type.CurrencyType@21b88a27
2025-09-11 21:14:18.068 DEBUG 9473 --- [task-1] org.hibernate.type.BasicTypeRegistry     : Adding type registration timezone -> org.hibernate.type.TimeZoneType@5676ac3c
2025-09-11 21:14:18.068 DEBUG 9473 --- [task-1] org.hibernate.type.BasicTypeRegistry     : Adding type registration java.util.TimeZone -> org.hibernate.type.TimeZoneType@5676ac3c
2025-09-11 21:14:18.068 DEBUG 9473 --- [task-1] org.hibernate.type.BasicTypeRegistry     : Adding type registration class -> org.hibernate.type.ClassType@17a2e7ca
2025-09-11 21:14:18.068 DEBUG 9473 --- [task-1] org.hibernate.type.BasicTypeRegistry     : Adding type registration java.lang.Class -> org.hibernate.type.ClassType@17a2e7ca
2025-09-11 21:14:18.069 DEBUG 9473 --- [task-1] org.hibernate.type.BasicTypeRegistry     : Adding type registration uuid-binary -> org.hibernate.type.UUIDBinaryType@2c2b9428
2025-09-11 21:14:18.069 DEBUG 9473 --- [task-1] org.hibernate.type.BasicTypeRegistry     : Adding type registration java.util.UUID -> org.hibernate.type.UUIDBinaryType@2c2b9428
2025-09-11 21:14:18.069 DEBUG 9473 --- [task-1] org.hibernate.type.BasicTypeRegistry     : Adding type registration uuid-char -> org.hibernate.type.UUIDCharType@3cf9b411
2025-09-11 21:14:18.069 DEBUG 9473 --- [task-1] org.hibernate.type.BasicTypeRegistry     : Adding type registration binary -> org.hibernate.type.BinaryType@3b6c00cb
2025-09-11 21:14:18.069 DEBUG 9473 --- [task-1] org.hibernate.type.BasicTypeRegistry     : Adding type registration byte[] -> org.hibernate.type.BinaryType@3b6c00cb
2025-09-11 21:14:18.069 DEBUG 9473 --- [task-1] org.hibernate.type.BasicTypeRegistry     : Adding type registration [B -> org.hibernate.type.BinaryType@3b6c00cb
2025-09-11 21:14:18.069 DEBUG 9473 --- [task-1] org.hibernate.type.BasicTypeRegistry     : Adding type registration wrapper-binary -> org.hibernate.type.WrapperBinaryType@751bec5
2025-09-11 21:14:18.069 DEBUG 9473 --- [task-1] org.hibernate.type.BasicTypeRegistry     : Adding type registration Byte[] -> org.hibernate.type.WrapperBinaryType@751bec5
2025-09-11 21:14:18.069 DEBUG 9473 --- [task-1] org.hibernate.type.BasicTypeRegistry     : Adding type registration [Ljava.lang.Byte; -> org.hibernate.type.WrapperBinaryType@751bec5
2025-09-11 21:14:18.070 DEBUG 9473 --- [task-1] org.hibernate.type.BasicTypeRegistry     : Adding type registration row_version -> org.hibernate.type.RowVersionType@42932721
2025-09-11 21:14:18.070 DEBUG 9473 --- [task-1] org.hibernate.type.BasicTypeRegistry     : Adding type registration image -> org.hibernate.type.ImageType@1fc471a9
2025-09-11 21:14:18.070 DEBUG 9473 --- [task-1] org.hibernate.type.BasicTypeRegistry     : Adding type registration characters -> org.hibernate.type.CharArrayType@471e45af
2025-09-11 21:14:18.070 DEBUG 9473 --- [task-1] org.hibernate.type.BasicTypeRegistry     : Adding type registration char[] -> org.hibernate.type.CharArrayType@471e45af
2025-09-11 21:14:18.070 DEBUG 9473 --- [task-1] org.hibernate.type.BasicTypeRegistry     : Adding type registration [C -> org.hibernate.type.CharArrayType@471e45af
2025-09-11 21:14:18.070 DEBUG 9473 --- [task-1] org.hibernate.type.BasicTypeRegistry     : Adding type registration wrapper-characters -> org.hibernate.type.CharacterArrayType@65c11487
2025-09-11 21:14:18.070 DEBUG 9473 --- [task-1] org.hibernate.type.BasicTypeRegistry     : Adding type registration [Ljava.lang.Character; -> org.hibernate.type.CharacterArrayType@65c11487
2025-09-11 21:14:18.070 DEBUG 9473 --- [task-1] org.hibernate.type.BasicTypeRegistry     : Adding type registration Character[] -> org.hibernate.type.CharacterArrayType@65c11487
2025-09-11 21:14:18.071 DEBUG 9473 --- [task-1] org.hibernate.type.BasicTypeRegistry     : Adding type registration text -> org.hibernate.type.TextType@55775766
2025-09-11 21:14:18.071 DEBUG 9473 --- [task-1] org.hibernate.type.BasicTypeRegistry     : Adding type registration ntext -> org.hibernate.type.NTextType@7ca9b19a
2025-09-11 21:14:18.071 DEBUG 9473 --- [task-1] org.hibernate.type.BasicTypeRegistry     : Adding type registration blob -> org.hibernate.type.BlobType@1ceaaaa5
2025-09-11 21:14:18.071 DEBUG 9473 --- [task-1] org.hibernate.type.BasicTypeRegistry     : Adding type registration java.sql.Blob -> org.hibernate.type.BlobType@1ceaaaa5
2025-09-11 21:14:18.071 DEBUG 9473 --- [task-1] org.hibernate.type.BasicTypeRegistry     : Adding type registration materialized_blob -> org.hibernate.type.MaterializedBlobType@3feddfe1
2025-09-11 21:14:18.072 DEBUG 9473 --- [task-1] org.hibernate.type.BasicTypeRegistry     : Adding type registration clob -> org.hibernate.type.ClobType@4ae036e4
2025-09-11 21:14:18.072 DEBUG 9473 --- [task-1] org.hibernate.type.BasicTypeRegistry     : Adding type registration java.sql.Clob -> org.hibernate.type.ClobType@4ae036e4
2025-09-11 21:14:18.072 DEBUG 9473 --- [task-1] org.hibernate.type.BasicTypeRegistry     : Adding type registration nclob -> org.hibernate.type.NClobType@27eae8fd
2025-09-11 21:14:18.072 DEBUG 9473 --- [task-1] org.hibernate.type.BasicTypeRegistry     : Adding type registration java.sql.NClob -> org.hibernate.type.NClobType@27eae8fd
2025-09-11 21:14:18.072 DEBUG 9473 --- [task-1] org.hibernate.type.BasicTypeRegistry     : Adding type registration materialized_clob -> org.hibernate.type.MaterializedClobType@2fdaf515
2025-09-11 21:14:18.072 DEBUG 9473 --- [task-1] org.hibernate.type.BasicTypeRegistry     : Adding type registration materialized_nclob -> org.hibernate.type.MaterializedNClobType@4d01c5b2
2025-09-11 21:14:18.073 DEBUG 9473 --- [task-1] org.hibernate.type.BasicTypeRegistry     : Adding type registration serializable -> org.hibernate.type.SerializableType@833439b
2025-09-11 21:14:18.074 DEBUG 9473 --- [task-1] org.hibernate.type.BasicTypeRegistry     : Adding type registration object -> org.hibernate.type.ObjectType@34575033
2025-09-11 21:14:18.074 DEBUG 9473 --- [task-1] org.hibernate.type.BasicTypeRegistry     : Adding type registration java.lang.Object -> org.hibernate.type.ObjectType@34575033
2025-09-11 21:14:18.074 DEBUG 9473 --- [task-1] org.hibernate.type.BasicTypeRegistry     : Adding type registration imm_date -> org.hibernate.type.AdaptedImmutableType@59e18485
2025-09-11 21:14:18.074 DEBUG 9473 --- [task-1] org.hibernate.type.BasicTypeRegistry     : Adding type registration imm_time -> org.hibernate.type.AdaptedImmutableType@6ac19735
2025-09-11 21:14:18.074 DEBUG 9473 --- [task-1] org.hibernate.type.BasicTypeRegistry     : Adding type registration imm_timestamp -> org.hibernate.type.AdaptedImmutableType@56a51e66
2025-09-11 21:14:18.074 DEBUG 9473 --- [task-1] org.hibernate.type.BasicTypeRegistry     : Adding type registration imm_dbtimestamp -> org.hibernate.type.AdaptedImmutableType@4d0371f3
2025-09-11 21:14:18.074 DEBUG 9473 --- [task-1] org.hibernate.type.BasicTypeRegistry     : Adding type registration imm_calendar -> org.hibernate.type.AdaptedImmutableType@1893017a
2025-09-11 21:14:18.074 DEBUG 9473 --- [task-1] org.hibernate.type.BasicTypeRegistry     : Adding type registration imm_calendar_date -> org.hibernate.type.AdaptedImmutableType@7e0d5562
2025-09-11 21:14:18.074 DEBUG 9473 --- [task-1] org.hibernate.type.BasicTypeRegistry     : Adding type registration imm_binary -> org.hibernate.type.AdaptedImmutableType@a522eb
2025-09-11 21:14:18.074 DEBUG 9473 --- [task-1] org.hibernate.type.BasicTypeRegistry     : Adding type registration imm_serializable -> org.hibernate.type.AdaptedImmutableType@56ff57e5
2025-09-11 21:14:18.095  INFO 9473 --- [task-1] com.zaxxer.hikari.HikariDataSource       : HikariPool-1 - Starting...
2025-09-11 21:14:18.115  INFO 9473 --- [main] o.s.s.web.DefaultSecurityFilterChain     : Creating filter chain: any request, [org.springframework.security.web.context.request.async.WebAsyncManagerIntegrationFilter@2785db06, org.springframework.security.web.context.SecurityContextPersistenceFilter@4d7a64ca, org.springframework.security.web.header.HeaderWriterFilter@3d620a1, org.springframework.security.web.csrf.CsrfFilter@2a02e34b, org.springframework.security.web.authentication.logout.LogoutFilter@373e6b9d, org.springframework.security.web.authentication.UsernamePasswordAuthenticationFilter@750f64fe, org.springframework.security.web.savedrequest.RequestCacheAwareFilter@3635099, org.springframework.security.web.servletapi.SecurityContextHolderAwareRequestFilter@6adc5b9c, org.springframework.security.web.authentication.AnonymousAuthenticationFilter@79980d8d, org.springframework.security.web.session.SessionManagementFilter@3a479fda, org.springframework.security.web.access.ExceptionTranslationFilter@14447be, org.springframework.security.web.access.intercept.FilterSecurityInterceptor@65514add]
2025-09-11 21:14:18.283  INFO 9473 --- [task-1] com.zaxxer.hikari.HikariDataSource       : HikariPool-1 - Start completed.
2025-09-11 21:14:18.291  INFO 9473 --- [task-1] org.hibernate.dialect.Dialect            : HHH000400: Using dialect: org.hibernate.dialect.MySQL5InnoDBDialect
2025-09-11 21:14:18.320 DEBUG 9473 --- [task-1] o.h.type.spi.TypeConfiguration$Scope     : Scoping TypeConfiguration [org.hibernate.type.spi.TypeConfiguration@15d4050b] to MetadataBuildingContext [org.hibernate.boot.internal.MetadataBuildingContextRootImpl@c840095]
2025-09-11 21:14:18.373 DEBUG 9473 --- [task-1] org.hibernate.type.EnumType              : Using NAMED-based conversion for Enum net.javaguides.springboot.model.BookingStatus
2025-09-11 21:14:18.373 DEBUG 9473 --- [task-1] org.hibernate.type.EnumType              : Using NAMED-based conversion for Enum net.javaguides.springboot.model.RoleName
2025-09-11 21:14:18.373 DEBUG 9473 --- [task-1] org.hibernate.type.EnumType              : Using NAMED-based conversion for Enum net.javaguides.springboot.model.ScheduleStatus
2025-09-11 21:14:18.392 DEBUG 9473 --- [task-1] org.hibernate.type.EnumType              : Using NAMED-based conversion for Enum net.javaguides.springboot.model.BookingStatus
2025-09-11 21:14:18.392 DEBUG 9473 --- [task-1] org.hibernate.type.EnumType              : Using NAMED-based conversion for Enum net.javaguides.springboot.model.RoleName
2025-09-11 21:14:18.393 DEBUG 9473 --- [task-1] org.hibernate.type.EnumType              : Using NAMED-based conversion for Enum net.javaguides.springboot.model.ScheduleStatus
2025-09-11 21:14:18.426 DEBUG 9473 --- [task-1] o.h.type.spi.TypeConfiguration$Scope     : Scoping TypeConfiguration [org.hibernate.type.spi.TypeConfiguration@15d4050b] to SessionFactoryImpl [org.hibernate.internal.SessionFactoryImpl@6c4063f1]
2025-09-11 21:14:18.442 DEBUG 9473 --- [task-1] org.hibernate.type.EnumType              : Using NAMED-based conversion for Enum net.javaguides.springboot.model.BookingStatus
2025-09-11 21:14:18.442 DEBUG 9473 --- [task-1] org.hibernate.type.EnumType              : Using NAMED-based conversion for Enum net.javaguides.springboot.model.BookingStatus
2025-09-11 21:14:18.506 DEBUG 9473 --- [task-1] org.hibernate.type.EnumType              : Using NAMED-based conversion for Enum net.javaguides.springboot.model.BookingStatus
2025-09-11 21:14:18.507 DEBUG 9473 --- [task-1] org.hibernate.type.EnumType              : Using NAMED-based conversion for Enum net.javaguides.springboot.model.BookingStatus
2025-09-11 21:14:18.510 DEBUG 9473 --- [task-1] org.hibernate.type.EnumType              : Using NAMED-based conversion for Enum net.javaguides.springboot.model.RoleName
2025-09-11 21:14:18.510 DEBUG 9473 --- [task-1] org.hibernate.type.EnumType              : Using NAMED-based conversion for Enum net.javaguides.springboot.model.RoleName
2025-09-11 21:14:18.514 DEBUG 9473 --- [task-1] org.hibernate.type.EnumType              : Using NAMED-based conversion for Enum net.javaguides.springboot.model.RoleName
2025-09-11 21:14:18.514 DEBUG 9473 --- [task-1] org.hibernate.type.EnumType              : Using NAMED-based conversion for Enum net.javaguides.springboot.model.RoleName
2025-09-11 21:14:18.514 DEBUG 9473 --- [task-1] org.hibernate.type.EnumType              : Using NAMED-based conversion for Enum net.javaguides.springboot.model.ScheduleStatus
2025-09-11 21:14:18.514 DEBUG 9473 --- [task-1] org.hibernate.type.EnumType              : Using NAMED-based conversion for Enum net.javaguides.springboot.model.ScheduleStatus
2025-09-11 21:14:18.519 DEBUG 9473 --- [task-1] org.hibernate.type.EnumType              : Using NAMED-based conversion for Enum net.javaguides.springboot.model.ScheduleStatus
2025-09-11 21:14:18.519 DEBUG 9473 --- [task-1] org.hibernate.type.EnumType              : Using NAMED-based conversion for Enum net.javaguides.springboot.model.ScheduleStatus
2025-09-11 21:14:18.566 DEBUG 9473 --- [task-1] org.hibernate.type.EnumType              : Using NAMED-based conversion for Enum net.javaguides.springboot.model.BookingStatus
2025-09-11 21:14:18.566 DEBUG 9473 --- [task-1] org.hibernate.type.EnumType              : Using NAMED-based conversion for Enum net.javaguides.springboot.model.BookingStatus
2025-09-11 21:14:18.566 DEBUG 9473 --- [task-1] org.hibernate.type.EnumType              : Using NAMED-based conversion for Enum net.javaguides.springboot.model.RoleName
2025-09-11 21:14:18.566 DEBUG 9473 --- [task-1] org.hibernate.type.EnumType              : Using NAMED-based conversion for Enum net.javaguides.springboot.model.RoleName
2025-09-11 21:14:18.566 DEBUG 9473 --- [task-1] org.hibernate.type.EnumType              : Using NAMED-based conversion for Enum net.javaguides.springboot.model.ScheduleStatus
2025-09-11 21:14:18.566 DEBUG 9473 --- [task-1] org.hibernate.type.EnumType              : Using NAMED-based conversion for Enum net.javaguides.springboot.model.ScheduleStatus
2025-09-11 21:14:18.648  INFO 9473 --- [task-1] o.h.e.t.j.p.i.JtaPlatformInitiator       : HHH000490: Using JtaPlatform implementation: [org.hibernate.engine.transaction.jta.platform.internal.NoJtaPlatform]
2025-09-11 21:14:18.651 TRACE 9473 --- [task-1] o.h.type.spi.TypeConfiguration$Scope     : Handling #sessionFactoryCreated from [org.hibernate.internal.SessionFactoryImpl@6c4063f1] for TypeConfiguration
2025-09-11 21:14:18.651  INFO 9473 --- [task-1] j.LocalContainerEntityManagerFactoryBean : Initialized JPA EntityManagerFactory for persistence unit 'default'
2025-09-11 21:14:18.831  INFO 9473 --- [main] o.s.b.a.w.s.WelcomePageHandlerMapping    : Adding welcome page template: index
2025-09-11 21:14:18.910  INFO 9473 --- [main] DeferredRepositoryInitializationListener : Triggering deferred initialization of Spring Data repositories…
2025-09-11 21:14:19.033  INFO 9473 --- [main] DeferredRepositoryInitializationListener : Spring Data repositories initialized!
2025-09-11 21:14:19.037  INFO 9473 --- [main] ingBootSecurityThymeleafApplicationTests : Started RegistrationLoginSpringBootSecurityThymeleafApplicationTests in 1.725 seconds (JVM running for 2.11)
2025-09-11 21:14:19.090 DEBUG 9473 --- [main] org.hibernate.SQL                        : select user0_.id as id1_4_0_, user0_.email as email2_4_0_, user0_.first_name as first_na3_4_0_, user0_.last_name as last_nam4_4_0_, user0_.password as password5_4_0_, user0_.phone_number as phone_nu6_4_0_, roles1_.user_id as user_id1_5_1_, role2_.id as role_id2_5_1_, role2_.id as id1_1_2_, role2_.name as name2_1_2_ from user user0_ left outer join users_roles roles1_ on user0_.id=roles1_.user_id left outer join roles role2_ on roles1_.role_id=role2_.id where user0_.id=?
2025-09-11 21:14:19.091 TRACE 9473 --- [main] o.h.type.descriptor.sql.BasicBinder      : binding parameter [1] as [BIGINT] - [6]
2025-09-11 21:14:19.093 TRACE 9473 --- [main] o.h.type.descriptor.sql.BasicExtractor   : extracted value ([id1_1_2_] : [BIGINT]) - [2]
2025-09-11 21:14:19.095 TRACE 9473 --- [main] o.h.type.descriptor.sql.BasicExtractor   : extracted value ([email2_4_0_] : [VARCHAR]) - [naman@gmail.com]
2025-09-11 21:14:19.095 TRACE 9473 --- [main] o.h.type.descriptor.sql.BasicExtractor   : extracted value ([first_na3_4_0_] : [VARCHAR]) - [naman]
2025-09-11 21:14:19.095 TRACE 9473 --- [main] o.h.type.descriptor.sql.BasicExtractor   : extracted value ([last_nam4_4_0_] : [VARCHAR]) - [yadav]
2025-09-11 21:14:19.095 TRACE 9473 --- [main] o.h.type.descriptor.sql.BasicExtractor   : extracted value ([password5_4_0_] : [VARCHAR]) - [$2a$10$gu2HQ6Q6j4zO1XidFTWjluSdIolW8O/eiChFPLOE0Dgf.GEqMCgdO]
2025-09-11 21:14:19.095 TRACE 9473 --- [main] o.h.type.descriptor.sql.BasicExtractor   : extracted value ([phone_nu6_4_0_] : [VARCHAR]) - [1234567890]
2025-09-11 21:14:19.095 TRACE 9473 --- [main] o.h.type.descriptor.sql.BasicExtractor   : extracted value ([name2_1_2_] : [VARCHAR]) - [ROLE_BARBER]
2025-09-11 21:14:19.096 TRACE 9473 --- [main] o.h.type.descriptor.sql.BasicExtractor   : extracted value ([user_id1_5_1_] : [BIGINT]) - [6]
2025-09-11 21:14:19.098 TRACE 9473 --- [main] o.h.type.descriptor.sql.BasicExtractor   : extracted value ([role_id2_5_1_] : [BIGINT]) - [2]
2025-09-11 21:14:19.099 TRACE 9473 --- [main] org.hibernate.type.CollectionType        : Created collection wrapper: [net.javaguides.springboot.model.User.bookingsBarber#6]
2025-09-11 21:14:19.099 TRACE 9473 --- [main] org.hibernate.type.CollectionType        : Created collection wrapper: [net.javaguides.springboot.model.User.bookingsClient#6]
2025-09-11 21:14:19.099 TRACE 9473 --- [main] org.hibernate.type.CollectionType        : Created collection wrapper: [net.javaguides.springboot.model.User.schedules#6]
2025-09-11 21:14:19.117 DEBUG 9473 --- [main] org.hibernate.SQL                        : select schedule0_.id as id1_2_, schedule0_.barber_id as barber_i5_2_, schedule0_.date as date2_2_, schedule0_.status as status3_2_, schedule0_.time as time4_2_ from schedule schedule0_ left outer join user user1_ on schedule0_.barber_id=user1_.id where user1_.id=? and schedule0_.date=?
2025-09-11 21:14:19.118 TRACE 9473 --- [main] o.h.type.descriptor.sql.BasicBinder      : binding parameter [1] as [BIGINT] - [6]
2025-09-11 21:14:19.118 TRACE 9473 --- [main] o.h.type.descriptor.sql.BasicBinder      : binding parameter [2] as [DATE] - [2025-08-25]
2025-09-11 21:14:19.134  INFO 9473 --- [SpringContextShutdownHook] j.LocalContainerEntityManagerFactoryBean : Closing JPA EntityManagerFactory for persistence unit 'default'
2025-09-11 21:14:19.135 TRACE 9473 --- [SpringContextShutdownHook] o.h.type.spi.TypeConfiguration$Scope     : Handling #sessionFactoryClosed from [org.hibernate.internal.SessionFactoryImpl@6c4063f1] for TypeConfiguration
2025-09-11 21:14:19.135 DEBUG 9473 --- [SpringContextShutdownHook] o.h.type.spi.TypeConfiguration$Scope     : Un-scoping TypeConfiguration [org.hibernate.type.spi.TypeConfiguration$Scope@658354db] from SessionFactory [org.hibernate.internal.SessionFactoryImpl@6c4063f1]
2025-09-11 21:14:19.135  INFO 9473 --- [SpringContextShutdownHook] o.s.s.concurrent.ThreadPoolTaskExecutor  : Shutting down ExecutorService 'applicationTaskExecutor'
2025-09-11 21:14:19.135  INFO 9473 --- [SpringContextShutdownHook] com.zaxxer.hikari.HikariDataSource       : HikariPool-1 - Shutdown initiated...
2025-09-11 21:14:19.140  INFO 9473 --- [SpringContextShutdownHook] com.zaxxer.hikari.HikariDataSource       : HikariPool-1 - Shutdown completed.
2025-09-11 21:16:41.524  INFO 9579 --- [main] ingBootSecurityThymeleafApplicationTests : Starting RegistrationLoginSpringBootSecurityThymeleafApplicationTests on Jatins-MacBook-Air.local with PID 9579 (started by jatinyadav in /Users/jatinyadav/Desktop/Booking-system)
2025-09-11 21:16:41.525  INFO 9579 --- [main] ingBootSecurityThymeleafApplicationTests : No active profile set, falling back to default profiles: default
2025-09-11 21:16:41.820  INFO 9579 --- [main] .s.d.r.c.RepositoryConfigurationDelegate : Bootstrapping Spring Data JPA repositories in DEFERRED mode.
2025-09-11 21:16:41.846  INFO 9579 --- [main] .s.d.r.c.RepositoryConfigurationDelegate : Finished Spring Data repository scanning in 22ms. Found 5 JPA repository interfaces.
2025-09-11 21:16:42.048  INFO 9579 --- [main] o.s.s.concurrent.ThreadPoolTaskExecutor  : Initializing ExecutorService 'applicationTaskExecutor'
2025-09-11 21:16:42.069  INFO 9579 --- [task-1] o.hibernate.jpa.internal.util.LogHelper  : HHH000204: Processing PersistenceUnitInfo [name: default]
2025-09-11 21:16:42.091  INFO 9579 --- [task-1] org.hibernate.Version                    : HHH000412: Hibernate ORM core version 5.4.15.Final
2025-09-11 21:16:42.095  WARN 9579 --- [main] JpaBaseConfiguration$JpaWebConfiguration : spring.jpa.open-in-view is enabled by default. Therefore, database queries may be performed during view rendering. Explicitly configure spring.jpa.open-in-view to disable this warning
2025-09-11 21:16:42.145  INFO 9579 --- [task-1] o.hibernate.annotations.common.Version   : HCANN000001: Hibernate Commons Annotations {5.1.0.Final}
2025-09-11 21:16:42.160 DEBUG 9579 --- [task-1] org.hibernate.type.BasicTypeRegistry     : Adding type registration boolean -> org.hibernate.type.BooleanType@d33b98b
2025-09-11 21:16:42.160 DEBUG 9579 --- [task-1] org.hibernate.type.BasicTypeRegistry     : Adding type registration boolean -> org.hibernate.type.BooleanType@d33b98b
2025-09-11 21:16:42.160 DEBUG 9579 --- [task-1] org.hibernate.type.BasicTypeRegistry     : Adding type registration java.lang.Boolean -> org.hibernate.type.BooleanType@d33b98b
2025-09-11 21:16:42.161 DEBUG 9579 --- [task-1] org.hibernate.type.BasicTypeRegistry     : Adding type registration numeric_boolean -> org.hibernate.type.NumericBooleanType@15fc0420
2025-09-11 21:16:42.161 DEBUG 9579 --- [task-1] org.hibernate.type.BasicTypeRegistry     : Adding type registration true_false -> org.hibernate.type.TrueFalseType@7f8b74aa
2025-09-11 21:16:42.161 DEBUG 9579 --- [task-1] org.hibernate.type.BasicTypeRegistry     : Adding type registration yes_no -> org.hibernate.type.YesNoType@23d5775e
2025-09-11 21:16:42.161 DEBUG 9579 --- [task-1] org.hibernate.type.BasicTypeRegistry     : Adding type registration byte -> org.hibernate.type.ByteType@36f0510
2025-09-11 21:16:42.161 DEBUG 9579 --- [task-1] org.hibernate.type.BasicTypeRegistry     : Adding type registration byte -> org.hibernate.type.ByteType@36f0510
2025-09-11 21:16:42.161 DEBUG 9579 --- [task-1] org.hibernate.type.BasicTypeRegistry     : Adding type registration java.lang.Byte -> org.hibernate.type.ByteType@36f0510
2025-09-11 21:16:42.162 DEBUG 9579 --- [task-1] org.hibernate.type.BasicTypeRegistry     : Adding type registration character -> org.hibernate.type.CharacterType@5353a15a
2025-09-11 21:16:42.162 DEBUG 9579 --- [task-1] org.hibernate.type.BasicTypeRegistry     : Adding type registration char -> org.hibernate.type.CharacterType@5353a15a
2025-09-11 21:16:42.162 DEBUG 9579 --- [task-1] org.hibernate.type.BasicTypeRegistry     : Adding type registration java.lang.Character -> org.hibernate.type.CharacterType@5353a15a
2025-09-11 21:16:42.162 DEBUG 9579 --- [task-1] org.hibernate.type.BasicTypeRegistry     : Adding type registration short -> org.hibernate.type.ShortType@59013443
2025-09-11 21:16:42.162 DEBUG 9579 --- [task-1] org.hibernate.type.BasicTypeRegistry     : Adding type registration short -> org.hibernate.type.ShortType@59013443
2025-09-11 21:16:42.162 DEBUG 9579 --- [task-1] org.hibernate.type.BasicTypeRegistry     : Adding type registration java.lang.Short -> org.hibernate.type.ShortType@59013443
2025-09-11 21:16:42.162 DEBUG 9579 --- [task-1] org.hibernate.type.BasicTypeRegistry     : Adding type registration integer -> org.hibernate.type.IntegerType@2d140609
2025-09-11 21:16:42.162 DEBUG 9579 --- [task-1] org.hibernate.type.BasicTypeRegistry     : Adding type registration int -> org.hibernate.type.IntegerType@2d140609
2025-09-11 21:16:42.162 DEBUG 9579 --- [task-1] org.hibernate.type.BasicTypeRegistry     : Adding type registration java.lang.Integer -> org.hibernate.type.IntegerType@2d140609
2025-09-11 21:16:42.163 DEBUG 9579 --- [task-1] org.hibernate.type.BasicTypeRegistry     : Adding type registration long -> org.hibernate.type.LongType@6607bd2
2025-09-11 21:16:42.163 DEBUG 9579 --- [task-1] org.hibernate.type.BasicTypeRegistry     : Adding type registration long -> org.hibernate.type.LongType@6607bd2
2025-09-11 21:16:42.163 DEBUG 9579 --- [task-1] org.hibernate.type.BasicTypeRegistry     : Adding type registration java.lang.Long -> org.hibernate.type.LongType@6607bd2
2025-09-11 21:16:42.163 DEBUG 9579 --- [task-1] org.hibernate.type.BasicTypeRegistry     : Adding type registration float -> org.hibernate.type.FloatType@5ee600d4
2025-09-11 21:16:42.163 DEBUG 9579 --- [task-1] org.hibernate.type.BasicTypeRegistry     : Adding type registration float -> org.hibernate.type.FloatType@5ee600d4
2025-09-11 21:16:42.163 DEBUG 9579 --- [task-1] org.hibernate.type.BasicTypeRegistry     : Adding type registration java.lang.Float -> org.hibernate.type.FloatType@5ee600d4
2025-09-11 21:16:42.163 DEBUG 9579 --- [task-1] org.hibernate.type.BasicTypeRegistry     : Adding type registration double -> org.hibernate.type.DoubleType@4b81b545
2025-09-11 21:16:42.163 DEBUG 9579 --- [task-1] org.hibernate.type.BasicTypeRegistry     : Adding type registration double -> org.hibernate.type.DoubleType@4b81b545
2025-09-11 21:16:42.163 DEBUG 9579 --- [task-1] org.hibernate.type.BasicTypeRegistry     : Adding type registration java.lang.Double -> org.hibernate.type.DoubleType@4b81b545
2025-09-11 21:16:42.164 DEBUG 9579 --- [task-1] org.hibernate.type.BasicTypeRegistry     : Adding type registration big_decimal -> org.hibernate.type.BigDecimalType@8bd7cea
2025-09-11 21:16:42.164 DEBUG 9579 --- [task-1] org.hibernate.type.BasicTypeRegistry     : Adding type registration java.math.BigDecimal -> org.hibernate.type.BigDecimalType@8bd7cea
2025-09-11 21:16:42.164 DEBUG 9579 --- [task-1] org.hibernate.type.BasicTypeRegistry     : Adding type registration big_integer -> org.hibernate.type.BigIntegerType@1b50a3b
2025-09-11 21:16:42.164 DEBUG 9579 --- [task-1] org.hibernate.type.BasicTypeRegistry     : Adding type registration java.math.BigInteger -> org.hibernate.type.BigIntegerType@1b50a3b
2025-09-11 21:16:42.164 DEBUG 9579 --- [task-1] org.hibernate.type.BasicTypeRegistry     : Adding type registration string -> org.hibernate.type.StringType@63cdb235
2025-09-11 21:16:42.164 DEBUG 9579 --- [task-1] org.hibernate.type.BasicTypeRegistry     : Adding type registration java.lang.String -> org.hibernate.type.StringType@63cdb235
2025-09-11 21:16:42.164 DEBUG 9579 --- [task-1] org.hibernate.type.BasicTypeRegistry     : Adding type registration nstring -> org.hibernate.type.StringNVarcharType@52a5e7b2
2025-09-11 21:16:42.164 DEBUG 9579 --- [task-1] org.hibernate.type.BasicTypeRegistry     : Adding type registration ncharacter -> org.hibernate.type.CharacterNCharType@16e8ae71
2025-09-11 21:16:42.165 DEBUG 9579 --- [task-1] org.hibernate.type.BasicTypeRegistry     : Adding type registration url -> org.hibernate.type.UrlType@4dfb19da
2025-09-11 21:16:42.165 DEBUG 9579 --- [task-1] org.hibernate.type.BasicTypeRegistry     : Adding type registration java.net.URL -> org.hibernate.type.UrlType@4dfb19da
2025-09-11 21:16:42.165 DEBUG 9579 --- [task-1] org.hibernate.type.BasicTypeRegistry     : Adding type registration Duration -> org.hibernate.type.DurationType@5fb0c9ca
2025-09-11 21:16:42.165 DEBUG 9579 --- [task-1] org.hibernate.type.BasicTypeRegistry     : Adding type registration java.time.Duration -> org.hibernate.type.DurationType@5fb0c9ca
2025-09-11 21:16:42.165 DEBUG 9579 --- [task-1] org.hibernate.type.BasicTypeRegistry     : Adding type registration Instant -> org.hibernate.type.InstantType@61fef943
2025-09-11 21:16:42.165 DEBUG 9579 --- [task-1] org.hibernate.type.BasicTypeRegistry     : Adding type registration java.time.Instant -> org.hibernate.type.InstantType@61fef943
2025-09-11 21:16:42.166 DEBUG 9579 --- [task-1] org.hibernate.type.BasicTypeRegistry     : Adding type registration LocalDateTime -> org.hibernate.type.LocalDateTimeType@3b7506a9
2025-09-11 21:16:42.166 DEBUG 9579 --- [task-1] org.hibernate.type.BasicTypeRegistry     : Adding type registration java.time.LocalDateTime -> org.hibernate.type.LocalDateTimeType@3b7506a9
2025-09-11 21:16:42.166 DEBUG 9579 --- [task-1] org.hibernate.type.BasicTypeRegistry     : Adding type registration LocalDate -> org.hibernate.type.LocalDateType@41df48e7
2025-09-11 21:16:42.166 DEBUG 9579 --- [task-1] org.hibernate.type.BasicTypeRegistry     : Adding type registration java.time.LocalDate -> org.hibernate.type.LocalDateType@41df48e7
2025-09-11 21:16:42.166 DEBUG 9579 --- [task-1] org.hibernate.type.BasicTypeRegistry     : Adding type registration LocalTime -> org.hibernate.type.LocalTimeType@42920da0
2025-09-11 21:16:42.166 DEBUG 9579 --- [task-1] org.hibernate.type.BasicTypeRegistry     : Adding type registration java.time.LocalTime -> org.hibernate.type.LocalTimeType@42920da0
2025-09-11 21:16:42.167 DEBUG 9579 --- [task-1] org.hibernate.type.BasicTypeRegistry     : Adding type registration OffsetDateTime -> org.hibernate.type.OffsetDateTimeType@70f94db8
2025-09-11 21:16:42.167 DEBUG 9579 --- [task-1] org.hibernate.type.BasicTypeRegistry     : Adding type registration java.time.OffsetDateTime -> org.hibernate.type.OffsetDateTimeType@70f94db8
2025-09-11 21:16:42.167 DEBUG 9579 --- [task-1] org.hibernate.type.BasicTypeRegistry     : Adding type registration OffsetTime -> org.hibernate.type.OffsetTimeType@7cffc3d0
2025-09-11 21:16:42.167 DEBUG 9579 --- [task-1] org.hibernate.type.BasicTypeRegistry     : Adding type registration java.time.OffsetTime -> org.hibernate.type.OffsetTimeType@7cffc3d0
2025-09-11 21:16:42.168 DEBUG 9579 --- [task-1] org.hibernate.type.BasicTypeRegistry     : Adding type registration ZonedDateTime -> org.hibernate.type.ZonedDateTimeType@44532e6
2025-09-11 21:16:42.168 DEBUG 9579 --- [task-1] org.hibernate.type.BasicTypeRegistry     : Adding type registration java.time.ZonedDateTime -> org.hibernate.type.ZonedDateTimeType@44532e6
2025-09-11 21:16:42.168 DEBUG 9579 --- [task-1] org.hibernate.type.BasicTypeRegistry     : Adding type registration date -> org.hibernate.type.DateType@2f388fba
2025-09-11 21:16:42.168 DEBUG 9579 --- [task-1] org.hibernate.type.BasicTypeRegistry     : Adding type registration java.sql.Date -> org.hibernate.type.DateType@2f388fba
2025-09-11 21:16:42.168 DEBUG 9579 --- [task-1] org.hibernate.type.BasicTypeRegistry     : Adding type registration time -> org.hibernate.type.TimeType@30c7e4a1
2025-09-11 21:16:42.168 DEBUG 9579 --- [task-1] org.hibernate.type.BasicTypeRegistry     : Adding type registration java.sql.Time -> org.hibernate.type.TimeType@30c7e4a1
2025-09-11 21:16:42.168 DEBUG 9579 --- [task-1] org.hibernate.type.BasicTypeRegistry     : Adding type registration timestamp -> org.hibernate.type.TimestampType@6daea4fc
2025-09-11 21:16:42.169 DEBUG 9579 --- [task-1] org.hibernate.type.BasicTypeRegistry     : Adding type registration java.sql.Timestamp -> org.hibernate.type.TimestampType@6daea4fc
2025-09-11 21:16:42.169 DEBUG 9579 --- [task-1] org.hibernate.type.BasicTypeRegistry     : Adding type registration java.util.Date -> org.hibernate.type.TimestampType@6daea4fc
2025-09-11 21:16:42.169 DEBUG 9579 --- [task-1] org.hibernate.type.BasicTypeRegistry     : Adding type registration dbtimestamp -> org.hibernate.type.DbTimestampType@4735fa1
2025-09-11 21:16:42.169 DEBUG 9579 --- [task-1] org.hibernate.type.BasicTypeRegistry     : Adding type registration calendar -> org.hibernate.type.CalendarType@5a9f1d76
2025-09-11 21:16:42.169 DEBUG 9579 --- [task-1] org.hibernate.type.BasicTypeRegistry     : Adding type registration java.util.Calendar -> org.hibernate.type.CalendarType@5a9f1d76
2025-09-11 21:16:42.169 DEBUG 9579 --- [task-1] org.hibernate.type.BasicTypeRegistry     : Adding type registration java.util.GregorianCalendar -> org.hibernate.type.CalendarType@5a9f1d76
2025-09-11 21:16:42.169 DEBUG 9579 --- [task-1] org.hibernate.type.BasicTypeRegistry     : Adding type registration calendar_date -> org.hibernate.type.CalendarDateType@714dd715
2025-09-11 21:16:42.169 DEBUG 9579 --- [task-1] org.hibernate.type.BasicTypeRegistry     : Adding type registration calendar_time -> org.hibernate.type.CalendarTimeType@59ebd887
2025-09-11 21:16:42.170 DEBUG 9579 --- [task-1] org.hibernate.type.BasicTypeRegistry     : Adding type registration locale -> org.hibernate.type.LocaleType@ab92ad6
2025-09-11 21:16:42.170 DEBUG 9579 --- [task-1] org.hibernate.type.BasicTypeRegistry     : Adding type registration java.util.Locale -> org.hibernate.type.LocaleType@ab92ad6
2025-09-11 21:16:42.170 DEBUG 9579 --- [task-1] org.hibernate.type.BasicTypeRegistry     : Adding type registration currency -> org.hibernate.type.CurrencyType@632dd420
2025-09-11 21:16:42.170 DEBUG 9579 --- [task-1] org.hibernate.type.BasicTypeRegistry     : Adding type registration java.util.Currency -> org.hibernate.type.CurrencyType@632dd420
2025-09-11 21:16:42.170 DEBUG 9579 --- [task-1] org.hibernate.type.BasicTypeRegistry     : Adding type registration timezone -> org.hibernate.type.TimeZoneType@66792c8e
2025-09-11 21:16:42.170 DEBUG 9579 --- [task-1] org.hibernate.type.BasicTypeRegistry     : Adding type registration java.util.TimeZone -> org.hibernate.type.TimeZoneType@66792c8e
2025-09-11 21:16:42.170 DEBUG 9579 --- [task-1] org.hibernate.type.BasicTypeRegistry     : Adding type registration class -> org.hibernate.type.ClassType@1571cac9
2025-09-11 21:16:42.170 DEBUG 9579 --- [task-1] org.hibernate.type.BasicTypeRegistry     : Adding type registration java.lang.Class -> org.hibernate.type.ClassType@1571cac9
2025-09-11 21:16:42.170 DEBUG 9579 --- [task-1] org.hibernate.type.BasicTypeRegistry     : Adding type registration uuid-binary -> org.hibernate.type.UUIDBinaryType@57140c28
2025-09-11 21:16:42.170 DEBUG 9579 --- [task-1] org.hibernate.type.BasicTypeRegistry     : Adding type registration java.util.UUID -> org.hibernate.type.UUIDBinaryType@57140c28
2025-09-11 21:16:42.171 DEBUG 9579 --- [task-1] org.hibernate.type.BasicTypeRegistry     : Adding type registration uuid-char -> org.hibernate.type.UUIDCharType@3517d8d3
2025-09-11 21:16:42.171 DEBUG 9579 --- [task-1] org.hibernate.type.BasicTypeRegistry     : Adding type registration binary -> org.hibernate.type.BinaryType@142b9866
2025-09-11 21:16:42.171 DEBUG 9579 --- [task-1] org.hibernate.type.BasicTypeRegistry     : Adding type registration byte[] -> org.hibernate.type.BinaryType@142b9866
2025-09-11 21:16:42.171 DEBUG 9579 --- [task-1] org.hibernate.type.BasicTypeRegistry     : Adding type registration [B -> org.hibernate.type.BinaryType@142b9866
2025-09-11 21:16:42.171 DEBUG 9579 --- [task-1] org.hibernate.type.BasicTypeRegistry     : Adding type registration wrapper-binary -> org.hibernate.type.WrapperBinaryType@6f78bc30
2025-09-11 21:16:42.171 DEBUG 9579 --- [task-1] org.hibernate.type.BasicTypeRegistry     : Adding type registration Byte[] -> org.hibernate.type.WrapperBinaryType@6f78bc30
2025-09-11 21:16:42.171 DEBUG 9579 --- [task-1] org.hibernate.type.BasicTypeRegistry     : Adding type registration [Ljava.lang.Byte; -> org.hibernate.type.WrapperBinaryType@6f78bc30
2025-09-11 21:16:42.171 DEBUG 9579 --- [task-1] org.hibernate.type.BasicTypeRegistry     : Adding type registration row_version -> org.hibernate.type.RowVersionType@386a720e
2025-09-11 21:16:42.172 DEBUG 9579 --- [task-1] org.hibernate.type.BasicTypeRegistry     : Adding type registration image -> org.hibernate.type.ImageType@20449d2c
2025-09-11 21:16:42.172 DEBUG 9579 --- [task-1] org.hibernate.type.BasicTypeRegistry     : Adding type registration characters -> org.hibernate.type.CharArrayType@49fb386f
2025-09-11 21:16:42.172 DEBUG 9579 --- [task-1] org.hibernate.type.BasicTypeRegistry     : Adding type registration char[] -> org.hibernate.type.CharArrayType@49fb386f
2025-09-11 21:16:42.172 DEBUG 9579 --- [task-1] org.hibernate.type.BasicTypeRegistry     : Adding type registration [C -> org.hibernate.type.CharArrayType@49fb386f
2025-09-11 21:16:42.172 DEBUG 9579 --- [task-1] org.hibernate.type.BasicTypeRegistry     : Adding type registration wrapper-characters -> org.hibernate.type.CharacterArrayType@712b0ef
2025-09-11 21:16:42.172 DEBUG 9579 --- [task-1] org.hibernate.type.BasicTypeRegistry     : Adding type registration [Ljava.lang.Character; -> org.hibernate.type.CharacterArrayType@712b0ef
2025-09-11 21:16:42.172 DEBUG 9579 --- [task-1] org.hibernate.type.BasicTypeRegistry     : Adding type registration Character[] -> org.hibernate.type.CharacterArrayType@712b0ef
2025-09-11 21:16:42.172 DEBUG 9579 --- [task-1] org.hibernate.type.BasicTypeRegistry     : Adding type registration text -> org.hibernate.type.TextType@72058560
2025-09-11 21:16:42.172 DEBUG 9579 --- [task-1] org.hibernate.type.BasicTypeRegistry     : Adding type registration ntext -> org.hibernate.type.NTextType@5689f64a
2025-09-11 21:16:42.173 DEBUG 9579 --- [task-1] org.hibernate.type.BasicTypeRegistry     : Adding type registration blob -> org.hibernate.type.BlobType@4f1b0d05
2025-09-11 21:16:42.173 DEBUG 9579 --- [task-1] org.hibernate.type.BasicTypeRegistry     : Adding type registration java.sql.Blob -> org.hibernate.type.BlobType@4f1b0d05
2025-09-11 21:16:42.173 DEBUG 9579 --- [task-1] org.hibernate.type.BasicTypeRegistry     : Adding type registration materialized_blob -> org.hibernate.type.MaterializedBlobType@7f141fe1
2025-09-11 21:16:42.173 DEBUG 9579 --- [task-1] org.hibernate.type.BasicTypeRegistry     : Adding type registration clob -> org.hibernate.type.ClobType@2f6f702a
2025-09-11 21:16:42.173 DEBUG 9579 --- [task-1] org.hibernate.type.BasicTypeRegistry     : Adding type registration java.sql.Clob -> org.hibernate.type.ClobType@2f6f702a
2025-09-11 21:16:42.173 DEBUG 9579 --- [task-1] org.hibernate.type.BasicTypeRegistry     : Adding type registration nclob -> org.hibernate.type.NClobType@4c4aa5e
2025-09-11 21:16:42.173 DEBUG 9579 --- [task-1] org.hibernate.type.BasicTypeRegistry     : Adding type registration java.sql.NClob -> org.hibernate.type.NClobType@4c4aa5e
2025-09-11 21:16:42.173 DEBUG 9579 --- [task-1] org.hibernate.type.BasicTypeRegistry     : Adding type registration materialized_clob -> org.hibernate.type.MaterializedClobType@64d8e152
2025-09-11 21:16:42.173 DEBUG 9579 --- [task-1] org.hibernate.type.BasicTypeRegistry     : Adding type registration materialized_nclob -> org.hibernate.type.MaterializedNClobType@47bec87f
2025-09-11 21:16:42.174 DEBUG 9579 --- [task-1] org.hibernate.type.BasicTypeRegistry     : Adding type registration serializable -> org.hibernate.type.SerializableType@34885754
2025-09-11 21:16:42.175 DEBUG 9579 --- [task-1] org.hibernate.type.BasicTypeRegistry     : Adding type registration object -> org.hibernate.type.ObjectType@713d481a
2025-09-11 21:16:42.175 DEBUG 9579 --- [task-1] org.hibernate.type.BasicTypeRegistry     : Adding type registration java.lang.Object -> org.hibernate.type.ObjectType@713d481a
2025-09-11 21:16:42.175 DEBUG 9579 --- [task-1] org.hibernate.type.BasicTypeRegistry     : Adding type registration imm_date -> org.hibernate.type.AdaptedImmutableType@12d54868
2025-09-11 21:16:42.175 DEBUG 9579 --- [task-1] org.hibernate.type.BasicTypeRegistry     : Adding type registration imm_time -> org.hibernate.type.AdaptedImmutableType@57b15c84
2025-09-11 21:16:42.175 DEBUG 9579 --- [task-1] org.hibernate.type.BasicTypeRegistry     : Adding type registration imm_timestamp -> org.hibernate.type.AdaptedImmutableType@2555724d
2025-09-11 21:16:42.175 DEBUG 9579 --- [task-1] org.hibernate.type.BasicTypeRegistry     : Adding type registration imm_dbtimestamp -> org.hibernate.type.AdaptedImmutableType@3194ffe7
2025-09-11 21:16:42.175 DEBUG 9579 --- [task-1] org.hibernate.type.BasicTypeRegistry     : Adding type registration imm_calendar -> org.hibernate.type.AdaptedImmutableType@93a67b5
2025-09-11 21:16:42.175 DEBUG 9579 --- [task-1] org.hibernate.type.BasicTypeRegistry     : Adding type registration imm_calendar_date -> org.hibernate.type.AdaptedImmutableType@54324f6a
2025-09-11 21:16:42.175 DEBUG 9579 --- [task-1] org.hibernate.type.BasicTypeRegistry     : Adding type registration imm_binary -> org.hibernate.type.AdaptedImmutableType@5afb98bb
2025-09-11 21:16:42.175 DEBUG 9579 --- [task-1] org.hibernate.type.BasicTypeRegistry     : Adding type registration imm_serializable -> org.hibernate.type.AdaptedImmutableType@4c063fc4
2025-09-11 21:16:42.199  INFO 9579 --- [task-1] com.zaxxer.hikari.HikariDataSource       : HikariPool-1 - Starting...
2025-09-11 21:16:42.213  INFO 9579 --- [main] o.s.s.web.DefaultSecurityFilterChain     : Creating filter chain: any request, [org.springframework.security.web.context.request.async.WebAsyncManagerIntegrationFilter@2785db06, org.springframework.security.web.context.SecurityContextPersistenceFilter@4d7a64ca, org.springframework.security.web.header.HeaderWriterFilter@3d620a1, org.springframework.security.web.csrf.CsrfFilter@2a02e34b, org.springframework.security.web.authentication.logout.LogoutFilter@373e6b9d, org.springframework.security.web.authentication.UsernamePasswordAuthenticationFilter@750f64fe, org.springframework.security.web.savedrequest.RequestCacheAwareFilter@3635099, org.springframework.security.web.servletapi.SecurityContextHolderAwareRequestFilter@6adc5b9c, org.springframework.security.web.authentication.AnonymousAuthenticationFilter@79980d8d, org.springframework.security.web.session.SessionManagementFilter@3a479fda, org.springframework.security.web.access.ExceptionTranslationFilter@14447be, org.springframework.security.web.access.intercept.FilterSecurityInterceptor@65514add]
2025-09-11 21:16:42.395  INFO 9579 --- [task-1] com.zaxxer.hikari.HikariDataSource       : HikariPool-1 - Start completed.
2025-09-11 21:16:42.402  INFO 9579 --- [task-1] org.hibernate.dialect.Dialect            : HHH000400: Using dialect: org.hibernate.dialect.MySQL5InnoDBDialect
2025-09-11 21:16:42.429 DEBUG 9579 --- [task-1] o.h.type.spi.TypeConfiguration$Scope     : Scoping TypeConfiguration [org.hibernate.type.spi.TypeConfiguration@10766b03] to MetadataBuildingContext [org.hibernate.boot.internal.MetadataBuildingContextRootImpl@d168131]
2025-09-11 21:16:42.482 DEBUG 9579 --- [task-1] org.hibernate.type.EnumType              : Using NAMED-based conversion for Enum net.javaguides.springboot.model.BookingStatus
2025-09-11 21:16:42.482 DEBUG 9579 --- [task-1] org.hibernate.type.EnumType              : Using NAMED-based conversion for Enum net.javaguides.springboot.model.RoleName
2025-09-11 21:16:42.482 DEBUG 9579 --- [task-1] org.hibernate.type.EnumType              : Using NAMED-based conversion for Enum net.javaguides.springboot.model.ScheduleStatus
2025-09-11 21:16:42.496 DEBUG 9579 --- [task-1] org.hibernate.type.EnumType              : Using NAMED-based conversion for Enum net.javaguides.springboot.model.BookingStatus
2025-09-11 21:16:42.496 DEBUG 9579 --- [task-1] org.hibernate.type.EnumType              : Using NAMED-based conversion for Enum net.javaguides.springboot.model.RoleName
2025-09-11 21:16:42.496 DEBUG 9579 --- [task-1] org.hibernate.type.EnumType              : Using NAMED-based conversion for Enum net.javaguides.springboot.model.ScheduleStatus
2025-09-11 21:16:42.524 DEBUG 9579 --- [task-1] o.h.type.spi.TypeConfiguration$Scope     : Scoping TypeConfiguration [org.hibernate.type.spi.TypeConfiguration@10766b03] to SessionFactoryImpl [org.hibernate.internal.SessionFactoryImpl@67ded721]
2025-09-11 21:16:42.545 DEBUG 9579 --- [task-1] org.hibernate.type.EnumType              : Using NAMED-based conversion for Enum net.javaguides.springboot.model.BookingStatus
2025-09-11 21:16:42.545 DEBUG 9579 --- [task-1] org.hibernate.type.EnumType              : Using NAMED-based conversion for Enum net.javaguides.springboot.model.BookingStatus
2025-09-11 21:16:42.607 DEBUG 9579 --- [task-1] org.hibernate.type.EnumType              : Using NAMED-based conversion for Enum net.javaguides.springboot.model.BookingStatus
2025-09-11 21:16:42.607 DEBUG 9579 --- [task-1] org.hibernate.type.EnumType              : Using NAMED-based conversion for Enum net.javaguides.springboot.model.BookingStatus
2025-09-11 21:16:42.610 DEBUG 9579 --- [task-1] org.hibernate.type.EnumType              : Using NAMED-based conversion for Enum net.javaguides.springboot.model.RoleName
2025-09-11 21:16:42.611 DEBUG 9579 --- [task-1] org.hibernate.type.EnumType              : Using NAMED-based conversion for Enum net.javaguides.springboot.model.RoleName
2025-09-11 21:16:42.615 DEBUG 9579 --- [task-1] org.hibernate.type.EnumType              : Using NAMED-based conversion for Enum net.javaguides.springboot.model.RoleName
2025-09-11 21:16:42.615 DEBUG 9579 --- [task-1] org.hibernate.type.EnumType              : Using NAMED-based conversion for Enum net.javaguides.springboot.model.RoleName
2025-09-11 21:16:42.615 DEBUG 9579 --- [task-1] org.hibernate.type.EnumType              : Using NAMED-based conversion for Enum net.javaguides.springboot.model.ScheduleStatus
2025-09-11 21:16:42.616 DEBUG 9579 --- [task-1] org.hibernate.type.EnumType              : Using NAMED-based conversion for Enum net.javaguides.springboot.model.ScheduleStatus
2025-09-11 21:16:42.620 DEBUG 9579 --- [task-1] org.hibernate.type.EnumType              : Using NAMED-based conversion for Enum net.javaguides.springboot.model.ScheduleStatus
2025-09-11 21:16:42.620 DEBUG 9579 --- [task-1] org.hibernate.type.EnumType              : Using NAMED-based conversion for Enum net.javaguides.springboot.model.ScheduleStatus
2025-09-11 21:16:42.667 DEBUG 9579 --- [task-1] org.hibernate.type.EnumType              : Using NAMED-based conversion for Enum net.javaguides.springboot.model.BookingStatus
2025-09-11 21:16:42.667 DEBUG 9579 --- [task-1] org.hibernate.type.EnumType              : Using NAMED-based conversion for Enum net.javaguides.springboot.model.BookingStatus
2025-09-11 21:16:42.667 DEBUG 9579 --- [task-1] org.hibernate.type.EnumType              : Using NAMED-based conversion for Enum net.javaguides.springboot.model.RoleName
2025-09-11 21:16:42.667 DEBUG 9579 --- [task-1] org.hibernate.type.EnumType              : Using NAMED-based conversion for Enum net.javaguides.springboot.model.RoleName
2025-09-11 21:16:42.667 DEBUG 9579 --- [task-1] org.hibernate.type.EnumType              : Using NAMED-based conversion for Enum net.javaguides.springboot.model.ScheduleStatus
2025-09-11 21:16:42.668 DEBUG 9579 --- [task-1] org.hibernate.type.EnumType              : Using NAMED-based conversion for Enum net.javaguides.springboot.model.ScheduleStatus
2025-09-11 21:16:42.751  INFO 9579 --- [task-1] o.h.e.t.j.p.i.JtaPlatformInitiator       : HHH000490: Using JtaPlatform implementation: [org.hibernate.engine.transaction.jta.platform.internal.NoJtaPlatform]
2025-09-11 21:16:42.753 TRACE 9579 --- [task-1] o.h.type.spi.TypeConfiguration$Scope     : Handling #sessionFactoryCreated from [org.hibernate.internal.SessionFactoryImpl@67ded721] for TypeConfiguration
2025-09-11 21:16:42.754  INFO 9579 --- [task-1] j.LocalContainerEntityManagerFactoryBean : Initialized JPA EntityManagerFactory for persistence unit 'default'
2025-09-11 21:16:42.919  INFO 9579 --- [main] o.s.b.a.w.s.WelcomePageHandlerMapping    : Adding welcome page template: index
2025-09-11 21:16:42.996  INFO 9579 --- [main] DeferredRepositoryInitializationListener : Triggering deferred initialization of Spring Data repositories…
2025-09-11 21:16:43.125  INFO 9579 --- [main] DeferredRepositoryInitializationListener : Spring Data repositories initialized!
2025-09-11 21:16:43.130  INFO 9579 --- [main] ingBootSecurityThymeleafApplicationTests : Started RegistrationLoginSpringBootSecurityThymeleafApplicationTests in 1.719 seconds (JVM running for 2.104)
2025-09-11 21:16:43.184 DEBUG 9579 --- [main] org.hibernate.SQL                        : select user0_.id as id1_4_0_, user0_.email as email2_4_0_, user0_.first_name as first_na3_4_0_, user0_.last_name as last_nam4_4_0_, user0_.password as password5_4_0_, user0_.phone_number as phone_nu6_4_0_, roles1_.user_id as user_id1_5_1_, role2_.id as role_id2_5_1_, role2_.id as id1_1_2_, role2_.name as name2_1_2_ from user user0_ left outer join users_roles roles1_ on user0_.id=roles1_.user_id left outer join roles role2_ on roles1_.role_id=role2_.id where user0_.id=?
2025-09-11 21:16:43.186 TRACE 9579 --- [main] o.h.type.descriptor.sql.BasicBinder      : binding parameter [1] as [BIGINT] - [6]
2025-09-11 21:16:43.188 TRACE 9579 --- [main] o.h.type.descriptor.sql.BasicExtractor   : extracted value ([id1_1_2_] : [BIGINT]) - [2]
2025-09-11 21:16:43.189 TRACE 9579 --- [main] o.h.type.descriptor.sql.BasicExtractor   : extracted value ([email2_4_0_] : [VARCHAR]) - [naman@gmail.com]
2025-09-11 21:16:43.189 TRACE 9579 --- [main] o.h.type.descriptor.sql.BasicExtractor   : extracted value ([first_na3_4_0_] : [VARCHAR]) - [naman]
2025-09-11 21:16:43.189 TRACE 9579 --- [main] o.h.type.descriptor.sql.BasicExtractor   : extracted value ([last_nam4_4_0_] : [VARCHAR]) - [yadav]
2025-09-11 21:16:43.189 TRACE 9579 --- [main] o.h.type.descriptor.sql.BasicExtractor   : extracted value ([password5_4_0_] : [VARCHAR]) - [$2a$10$gu2HQ6Q6j4zO1XidFTWjluSdIolW8O/eiChFPLOE0Dgf.GEqMCgdO]
2025-09-11 21:16:43.189 TRACE 9579 --- [main] o.h.type.descriptor.sql.BasicExtractor   : extracted value ([phone_nu6_4_0_] : [VARCHAR]) - [1234567890]
2025-09-11 21:16:43.190 TRACE 9579 --- [main] o.h.type.descriptor.sql.BasicExtractor   : extracted value ([name2_1_2_] : [VARCHAR]) - [ROLE_BARBER]
2025-09-11 21:16:43.190 TRACE 9579 --- [main] o.h.type.descriptor.sql.BasicExtractor   : extracted value ([user_id1_5_1_] : [BIGINT]) - [6]
2025-09-11 21:16:43.192 TRACE 9579 --- [main] o.h.type.descriptor.sql.BasicExtractor   : extracted value ([role_id2_5_1_] : [BIGINT]) - [2]
2025-09-11 21:16:43.193 TRACE 9579 --- [main] org.hibernate.type.CollectionType        : Created collection wrapper: [net.javaguides.springboot.model.User.bookingsBarber#6]
2025-09-11 21:16:43.193 TRACE 9579 --- [main] org.hibernate.type.CollectionType        : Created collection wrapper: [net.javaguides.springboot.model.User.bookingsClient#6]
2025-09-11 21:16:43.193 TRACE 9579 --- [main] org.hibernate.type.CollectionType        : Created collection wrapper: [net.javaguides.springboot.model.User.schedules#6]
2025-09-11 21:16:43.214 DEBUG 9579 --- [main] org.hibernate.SQL                        : select schedule0_.id as id1_2_, schedule0_.barber_id as barber_i5_2_, schedule0_.date as date2_2_, schedule0_.status as status3_2_, schedule0_.time as time4_2_ from schedule schedule0_ left outer join user user1_ on schedule0_.barber_id=user1_.id where user1_.id=? and schedule0_.date=?
2025-09-11 21:16:43.214 TRACE 9579 --- [main] o.h.type.descriptor.sql.BasicBinder      : binding parameter [1] as [BIGINT] - [6]
2025-09-11 21:16:43.214 TRACE 9579 --- [main] o.h.type.descriptor.sql.BasicBinder      : binding parameter [2] as [DATE] - [2025-08-25]
2025-09-11 21:16:43.230  INFO 9579 --- [SpringContextShutdownHook] j.LocalContainerEntityManagerFactoryBean : Closing JPA EntityManagerFactory for persistence unit 'default'
2025-09-11 21:16:43.230 TRACE 9579 --- [SpringContextShutdownHook] o.h.type.spi.TypeConfiguration$Scope     : Handling #sessionFactoryClosed from [org.hibernate.internal.SessionFactoryImpl@67ded721] for TypeConfiguration
2025-09-11 21:16:43.231 DEBUG 9579 --- [SpringContextShutdownHook] o.h.type.spi.TypeConfiguration$Scope     : Un-scoping TypeConfiguration [org.hibernate.type.spi.TypeConfiguration$Scope@7c2276a4] from SessionFactory [org.hibernate.internal.SessionFactoryImpl@67ded721]
2025-09-11 21:16:43.231  INFO 9579 --- [SpringContextShutdownHook] o.s.s.concurrent.ThreadPoolTaskExecutor  : Shutting down ExecutorService 'applicationTaskExecutor'
2025-09-11 21:16:43.231  INFO 9579 --- [SpringContextShutdownHook] com.zaxxer.hikari.HikariDataSource       : HikariPool-1 - Shutdown initiated...
2025-09-11 21:16:43.236  INFO 9579 --- [SpringContextShutdownHook] com.zaxxer.hikari.HikariDataSource       : HikariPool-1 - Shutdown completed.
2025-09-11 21:25:05.226  INFO 9962 --- [main] ingBootSecurityThymeleafApplicationTests : Starting RegistrationLoginSpringBootSecurityThymeleafApplicationTests on Jatins-MacBook-Air.local with PID 9962 (started by jatinyadav in /Users/jatinyadav/Desktop/Booking-system)
2025-09-11 21:25:05.228  INFO 9962 --- [main] ingBootSecurityThymeleafApplicationTests : No active profile set, falling back to default profiles: default
2025-09-11 21:25:05.505  INFO 9962 --- [main] .s.d.r.c.RepositoryConfigurationDelegate : Bootstrapping Spring Data JPA repositories in DEFERRED mode.
2025-09-11 21:25:05.532  INFO 9962 --- [main] .s.d.r.c.RepositoryConfigurationDelegate : Finished Spring Data repository scanning in 24ms. Found 5 JPA repository interfaces.
2025-09-11 21:25:05.739  INFO 9962 --- [main] o.s.s.concurrent.ThreadPoolTaskExecutor  : Initializing ExecutorService 'applicationTaskExecutor'
2025-09-11 21:25:05.760  INFO 9962 --- [task-1] o.hibernate.jpa.internal.util.LogHelper  : HHH000204: Processing PersistenceUnitInfo [name: default]
2025-09-11 21:25:05.783  INFO 9962 --- [task-1] org.hibernate.Version                    : HHH000412: Hibernate ORM core version 5.4.15.Final
2025-09-11 21:25:05.783  WARN 9962 --- [main] JpaBaseConfiguration$JpaWebConfiguration : spring.jpa.open-in-view is enabled by default. Therefore, database queries may be performed during view rendering. Explicitly configure spring.jpa.open-in-view to disable this warning
2025-09-11 21:25:05.840  INFO 9962 --- [task-1] o.hibernate.annotations.common.Version   : HCANN000001: Hibernate Commons Annotations {5.1.0.Final}
2025-09-11 21:25:05.853 DEBUG 9962 --- [task-1] org.hibernate.type.BasicTypeRegistry     : Adding type registration boolean -> org.hibernate.type.BooleanType@122580ec
2025-09-11 21:25:05.853 DEBUG 9962 --- [task-1] org.hibernate.type.BasicTypeRegistry     : Adding type registration boolean -> org.hibernate.type.BooleanType@122580ec
2025-09-11 21:25:05.853 DEBUG 9962 --- [task-1] org.hibernate.type.BasicTypeRegistry     : Adding type registration java.lang.Boolean -> org.hibernate.type.BooleanType@122580ec
2025-09-11 21:25:05.853 DEBUG 9962 --- [task-1] org.hibernate.type.BasicTypeRegistry     : Adding type registration numeric_boolean -> org.hibernate.type.NumericBooleanType@41f72aa0
2025-09-11 21:25:05.854 DEBUG 9962 --- [task-1] org.hibernate.type.BasicTypeRegistry     : Adding type registration true_false -> org.hibernate.type.TrueFalseType@29cb6555
2025-09-11 21:25:05.854 DEBUG 9962 --- [task-1] org.hibernate.type.BasicTypeRegistry     : Adding type registration yes_no -> org.hibernate.type.YesNoType@6ba28a9b
2025-09-11 21:25:05.854 DEBUG 9962 --- [task-1] org.hibernate.type.BasicTypeRegistry     : Adding type registration byte -> org.hibernate.type.ByteType@37b78c89
2025-09-11 21:25:05.854 DEBUG 9962 --- [task-1] org.hibernate.type.BasicTypeRegistry     : Adding type registration byte -> org.hibernate.type.ByteType@37b78c89
2025-09-11 21:25:05.854 DEBUG 9962 --- [task-1] org.hibernate.type.BasicTypeRegistry     : Adding type registration java.lang.Byte -> org.hibernate.type.ByteType@37b78c89
2025-09-11 21:25:05.855 DEBUG 9962 --- [task-1] org.hibernate.type.BasicTypeRegistry     : Adding type registration character -> org.hibernate.type.CharacterType@3e40f6c2
2025-09-11 21:25:05.855 DEBUG 9962 --- [task-1] org.hibernate.type.BasicTypeRegistry     : Adding type registration char -> org.hibernate.type.CharacterType@3e40f6c2
2025-09-11 21:25:05.855 DEBUG 9962 --- [task-1] org.hibernate.type.BasicTypeRegistry     : Adding type registration java.lang.Character -> org.hibernate.type.CharacterType@3e40f6c2
2025-09-11 21:25:05.855 DEBUG 9962 --- [task-1] org.hibernate.type.BasicTypeRegistry     : Adding type registration short -> org.hibernate.type.ShortType@6c060ac0
2025-09-11 21:25:05.855 DEBUG 9962 --- [task-1] org.hibernate.type.BasicTypeRegistry     : Adding type registration short -> org.hibernate.type.ShortType@6c060ac0
2025-09-11 21:25:05.855 DEBUG 9962 --- [task-1] org.hibernate.type.BasicTypeRegistry     : Adding type registration java.lang.Short -> org.hibernate.type.ShortType@6c060ac0
2025-09-11 21:25:05.855 DEBUG 9962 --- [task-1] org.hibernate.type.BasicTypeRegistry     : Adding type registration integer -> org.hibernate.type.IntegerType@68bf0c36
2025-09-11 21:25:05.855 DEBUG 9962 --- [task-1] org.hibernate.type.BasicTypeRegistry     : Adding type registration int -> org.hibernate.type.IntegerType@68bf0c36
2025-09-11 21:25:05.855 DEBUG 9962 --- [task-1] org.hibernate.type.BasicTypeRegistry     : Adding type registration java.lang.Integer -> org.hibernate.type.IntegerType@68bf0c36
2025-09-11 21:25:05.856 DEBUG 9962 --- [task-1] org.hibernate.type.BasicTypeRegistry     : Adding type registration long -> org.hibernate.type.LongType@4840aefd
2025-09-11 21:25:05.856 DEBUG 9962 --- [task-1] org.hibernate.type.BasicTypeRegistry     : Adding type registration long -> org.hibernate.type.LongType@4840aefd
2025-09-11 21:25:05.856 DEBUG 9962 --- [task-1] org.hibernate.type.BasicTypeRegistry     : Adding type registration java.lang.Long -> org.hibernate.type.LongType@4840aefd
2025-09-11 21:25:05.856 DEBUG 9962 --- [task-1] org.hibernate.type.BasicTypeRegistry     : Adding type registration float -> org.hibernate.type.FloatType@58231752
2025-09-11 21:25:05.856 DEBUG 9962 --- [task-1] org.hibernate.type.BasicTypeRegistry     : Adding type registration float -> org.hibernate.type.FloatType@58231752
2025-09-11 21:25:05.856 DEBUG 9962 --- [task-1] org.hibernate.type.BasicTypeRegistry     : Adding type registration java.lang.Float -> org.hibernate.type.FloatType@58231752
2025-09-11 21:25:05.856 DEBUG 9962 --- [task-1] org.hibernate.type.BasicTypeRegistry     : Adding type registration double -> org.hibernate.type.DoubleType@1a1b44dd
2025-09-11 21:25:05.856 DEBUG 9962 --- [task-1] org.hibernate.type.BasicTypeRegistry     : Adding type registration double -> org.hibernate.type.DoubleType@1a1b44dd
2025-09-11 21:25:05.856 DEBUG 9962 --- [task-1] org.hibernate.type.BasicTypeRegistry     : Adding type registration java.lang.Double -> org.hibernate.type.DoubleType@1a1b44dd
2025-09-11 21:25:05.856 DEBUG 9962 --- [task-1] org.hibernate.type.BasicTypeRegistry     : Adding type registration big_decimal -> org.hibernate.type.BigDecimalType@3857662f
2025-09-11 21:25:05.856 DEBUG 9962 --- [task-1] org.hibernate.type.BasicTypeRegistry     : Adding type registration java.math.BigDecimal -> org.hibernate.type.BigDecimalType@3857662f
2025-09-11 21:25:05.857 DEBUG 9962 --- [task-1] org.hibernate.type.BasicTypeRegistry     : Adding type registration big_integer -> org.hibernate.type.BigIntegerType@a950a8d
2025-09-11 21:25:05.857 DEBUG 9962 --- [task-1] org.hibernate.type.BasicTypeRegistry     : Adding type registration java.math.BigInteger -> org.hibernate.type.BigIntegerType@a950a8d
2025-09-11 21:25:05.857 DEBUG 9962 --- [task-1] org.hibernate.type.BasicTypeRegistry     : Adding type registration string -> org.hibernate.type.StringType@4207b32f
2025-09-11 21:25:05.857 DEBUG 9962 --- [task-1] org.hibernate.type.BasicTypeRegistry     : Adding type registration java.lang.String -> org.hibernate.type.StringType@4207b32f
2025-09-11 21:25:05.857 DEBUG 9962 --- [task-1] org.hibernate.type.BasicTypeRegistry     : Adding type registration nstring -> org.hibernate.type.StringNVarcharType@3fcf0704
2025-09-11 21:25:05.857 DEBUG 9962 --- [task-1] org.hibernate.type.BasicTypeRegistry     : Adding type registration ncharacter -> org.hibernate.type.CharacterNCharType@9fefb6e
2025-09-11 21:25:05.858 DEBUG 9962 --- [task-1] org.hibernate.type.BasicTypeRegistry     : Adding type registration url -> org.hibernate.type.UrlType@1e589602
2025-09-11 21:25:05.858 DEBUG 9962 --- [task-1] org.hibernate.type.BasicTypeRegistry     : Adding type registration java.net.URL -> org.hibernate.type.UrlType@1e589602
2025-09-11 21:25:05.858 DEBUG 9962 --- [task-1] org.hibernate.type.BasicTypeRegistry     : Adding type registration Duration -> org.hibernate.type.DurationType@595e005f
2025-09-11 21:25:05.858 DEBUG 9962 --- [task-1] org.hibernate.type.BasicTypeRegistry     : Adding type registration java.time.Duration -> org.hibernate.type.DurationType@595e005f
2025-09-11 21:25:05.858 DEBUG 9962 --- [task-1] org.hibernate.type.BasicTypeRegistry     : Adding type registration Instant -> org.hibernate.type.InstantType@6e7ba940
2025-09-11 21:25:05.858 DEBUG 9962 --- [task-1] org.hibernate.type.BasicTypeRegistry     : Adding type registration java.time.Instant -> org.hibernate.type.InstantType@6e7ba940
2025-09-11 21:25:05.858 DEBUG 9962 --- [task-1] org.hibernate.type.BasicTypeRegistry     : Adding type registration LocalDateTime -> org.hibernate.type.LocalDateTimeType@7f734895
2025-09-11 21:25:05.859 DEBUG 9962 --- [task-1] org.hibernate.type.BasicTypeRegistry     : Adding type registration java.time.LocalDateTime -> org.hibernate.type.LocalDateTimeType@7f734895
2025-09-11 21:25:05.859 DEBUG 9962 --- [task-1] org.hibernate.type.BasicTypeRegistry     : Adding type registration LocalDate -> org.hibernate.type.LocalDateType@785d85b9
2025-09-11 21:25:05.859 DEBUG 9962 --- [task-1] org.hibernate.type.BasicTypeRegistry     : Adding type registration java.time.LocalDate -> org.hibernate.type.LocalDateType@785d85b9
2025-09-11 21:25:05.859 DEBUG 9962 --- [task-1] org.hibernate.type.BasicTypeRegistry     : Adding type registration LocalTime -> org.hibernate.type.LocalTimeType@3e475f0a
2025-09-11 21:25:05.859 DEBUG 9962 --- [task-1] org.hibernate.type.BasicTypeRegistry     : Adding type registration java.time.LocalTime -> org.hibernate.type.LocalTimeType@3e475f0a
2025-09-11 21:25:05.860 DEBUG 9962 --- [task-1] org.hibernate.type.BasicTypeRegistry     : Adding type registration OffsetDateTime -> org.hibernate.type.OffsetDateTimeType@4e6ba87
2025-09-11 21:25:05.860 DEBUG 9962 --- [task-1] org.hibernate.type.BasicTypeRegistry     : Adding type registration java.time.OffsetDateTime -> org.hibernate.type.OffsetDateTimeType@4e6ba87
2025-09-11 21:25:05.860 DEBUG 9962 --- [task-1] org.hibernate.type.BasicTypeRegistry     : Adding type registration OffsetTime -> org.hibernate.type.OffsetTimeType@52021f21
2025-09-11 21:25:05.860 DEBUG 9962 --- [task-1] org.hibernate.type.BasicTypeRegistry     : Adding type registration java.time.OffsetTime -> org.hibernate.type.OffsetTimeType@52021f21
2025-09-11 21:25:05.860 DEBUG 9962 --- [task-1] org.hibernate.type.BasicTypeRegistry     : Adding type registration ZonedDateTime -> org.hibernate.type.ZonedDateTimeType@16986e71
2025-09-11 21:25:05.861 DEBUG 9962 --- [task-1] org.hibernate.type.BasicTypeRegistry     : Adding type registration java.time.ZonedDateTime -> org.hibernate.type.ZonedDateTimeType@16986e71
2025-09-11 21:25:05.861 DEBUG 9962 --- [task-1] org.hibernate.type.BasicTypeRegistry     : Adding type registration date -> org.hibernate.type.DateType@71e7dfc2
2025-09-11 21:25:05.861 DEBUG 9962 --- [task-1] org.hibernate.type.BasicTypeRegistry     : Adding type registration java.sql.Date -> org.hibernate.type.DateType@71e7dfc2
2025-09-11 21:25:05.861 DEBUG 9962 --- [task-1] org.hibernate.type.BasicTypeRegistry     : Adding type registration time -> org.hibernate.type.TimeType@2f428693
2025-09-11 21:25:05.861 DEBUG 9962 --- [task-1] org.hibernate.type.BasicTypeRegistry     : Adding type registration java.sql.Time -> org.hibernate.type.TimeType@2f428693
2025-09-11 21:25:05.861 DEBUG 9962 --- [task-1] org.hibernate.type.BasicTypeRegistry     : Adding type registration timestamp -> org.hibernate.type.TimestampType@bbb1f77
2025-09-11 21:25:05.861 DEBUG 9962 --- [task-1] org.hibernate.type.BasicTypeRegistry     : Adding type registration java.sql.Timestamp -> org.hibernate.type.TimestampType@bbb1f77
2025-09-11 21:25:05.861 DEBUG 9962 --- [task-1] org.hibernate.type.BasicTypeRegistry     : Adding type registration java.util.Date -> org.hibernate.type.TimestampType@bbb1f77
2025-09-11 21:25:05.862 DEBUG 9962 --- [task-1] org.hibernate.type.BasicTypeRegistry     : Adding type registration dbtimestamp -> org.hibernate.type.DbTimestampType@34440513
2025-09-11 21:25:05.862 DEBUG 9962 --- [task-1] org.hibernate.type.BasicTypeRegistry     : Adding type registration calendar -> org.hibernate.type.CalendarType@7564acd3
2025-09-11 21:25:05.862 DEBUG 9962 --- [task-1] org.hibernate.type.BasicTypeRegistry     : Adding type registration java.util.Calendar -> org.hibernate.type.CalendarType@7564acd3
2025-09-11 21:25:05.862 DEBUG 9962 --- [task-1] org.hibernate.type.BasicTypeRegistry     : Adding type registration java.util.GregorianCalendar -> org.hibernate.type.CalendarType@7564acd3
2025-09-11 21:25:05.862 DEBUG 9962 --- [task-1] org.hibernate.type.BasicTypeRegistry     : Adding type registration calendar_date -> org.hibernate.type.CalendarDateType@15c618d5
2025-09-11 21:25:05.862 DEBUG 9962 --- [task-1] org.hibernate.type.BasicTypeRegistry     : Adding type registration calendar_time -> org.hibernate.type.CalendarTimeType@10b1866e
2025-09-11 21:25:05.862 DEBUG 9962 --- [task-1] org.hibernate.type.BasicTypeRegistry     : Adding type registration locale -> org.hibernate.type.LocaleType@1a89399d
2025-09-11 21:25:05.862 DEBUG 9962 --- [task-1] org.hibernate.type.BasicTypeRegistry     : Adding type registration java.util.Locale -> org.hibernate.type.LocaleType@1a89399d
2025-09-11 21:25:05.866 DEBUG 9962 --- [task-1] org.hibernate.type.BasicTypeRegistry     : Adding type registration currency -> org.hibernate.type.CurrencyType@3d6218a5
2025-09-11 21:25:05.866 DEBUG 9962 --- [task-1] org.hibernate.type.BasicTypeRegistry     : Adding type registration java.util.Currency -> org.hibernate.type.CurrencyType@3d6218a5
2025-09-11 21:25:05.866 DEBUG 9962 --- [task-1] org.hibernate.type.BasicTypeRegistry     : Adding type registration timezone -> org.hibernate.type.TimeZoneType@2ca07a3f
2025-09-11 21:25:05.866 DEBUG 9962 --- [task-1] org.hibernate.type.BasicTypeRegistry     : Adding type registration java.util.TimeZone -> org.hibernate.type.TimeZoneType@2ca07a3f
2025-09-11 21:25:05.866 DEBUG 9962 --- [task-1] org.hibernate.type.BasicTypeRegistry     : Adding type registration class -> org.hibernate.type.ClassType@52a1c013
2025-09-11 21:25:05.866 DEBUG 9962 --- [task-1] org.hibernate.type.BasicTypeRegistry     : Adding type registration java.lang.Class -> org.hibernate.type.ClassType@52a1c013
2025-09-11 21:25:05.867 DEBUG 9962 --- [task-1] org.hibernate.type.BasicTypeRegistry     : Adding type registration uuid-binary -> org.hibernate.type.UUIDBinaryType@4fad70b8
2025-09-11 21:25:05.867 DEBUG 9962 --- [task-1] org.hibernate.type.BasicTypeRegistry     : Adding type registration java.util.UUID -> org.hibernate.type.UUIDBinaryType@4fad70b8
2025-09-11 21:25:05.867 DEBUG 9962 --- [task-1] org.hibernate.type.BasicTypeRegistry     : Adding type registration uuid-char -> org.hibernate.type.UUIDCharType@10a2d1a9
2025-09-11 21:25:05.867 DEBUG 9962 --- [task-1] org.hibernate.type.BasicTypeRegistry     : Adding type registration binary -> org.hibernate.type.BinaryType@1c6f4874
2025-09-11 21:25:05.867 DEBUG 9962 --- [task-1] org.hibernate.type.BasicTypeRegistry     : Adding type registration byte[] -> org.hibernate.type.BinaryType@1c6f4874
2025-09-11 21:25:05.867 DEBUG 9962 --- [task-1] org.hibernate.type.BasicTypeRegistry     : Adding type registration [B -> org.hibernate.type.BinaryType@1c6f4874
2025-09-11 21:25:05.867 DEBUG 9962 --- [task-1] org.hibernate.type.BasicTypeRegistry     : Adding type registration wrapper-binary -> org.hibernate.type.WrapperBinaryType@32b7427c
2025-09-11 21:25:05.868 DEBUG 9962 --- [task-1] org.hibernate.type.BasicTypeRegistry     : Adding type registration Byte[] -> org.hibernate.type.WrapperBinaryType@32b7427c
2025-09-11 21:25:05.868 DEBUG 9962 --- [task-1] org.hibernate.type.BasicTypeRegistry     : Adding type registration [Ljava.lang.Byte; -> org.hibernate.type.WrapperBinaryType@32b7427c
2025-09-11 21:25:05.868 DEBUG 9962 --- [task-1] org.hibernate.type.BasicTypeRegistry     : Adding type registration row_version -> org.hibernate.type.RowVersionType@2997aff8
2025-09-11 21:25:05.868 DEBUG 9962 --- [task-1] org.hibernate.type.BasicTypeRegistry     : Adding type registration image -> org.hibernate.type.ImageType@56e28148
2025-09-11 21:25:05.868 DEBUG 9962 --- [task-1] org.hibernate.type.BasicTypeRegistry     : Adding type registration characters -> org.hibernate.type.CharArrayType@1ef8be85
2025-09-11 21:25:05.868 DEBUG 9962 --- [task-1] org.hibernate.type.BasicTypeRegistry     : Adding type registration char[] -> org.hibernate.type.CharArrayType@1ef8be85
2025-09-11 21:25:05.868 DEBUG 9962 --- [task-1] org.hibernate.type.BasicTypeRegistry     : Adding type registration [C -> org.hibernate.type.CharArrayType@1ef8be85
2025-09-11 21:25:05.869 DEBUG 9962 --- [task-1] org.hibernate.type.BasicTypeRegistry     : Adding type registration wrapper-characters -> org.hibernate.type.CharacterArrayType@1ffcad97
2025-09-11 21:25:05.869 DEBUG 9962 --- [task-1] org.hibernate.type.BasicTypeRegistry     : Adding type registration [Ljava.lang.Character; -> org.hibernate.type.CharacterArrayType@1ffcad97
2025-09-11 21:25:05.869 DEBUG 9962 --- [task-1] org.hibernate.type.BasicTypeRegistry     : Adding type registration Character[] -> org.hibernate.type.CharacterArrayType@1ffcad97
2025-09-11 21:25:05.869 DEBUG 9962 --- [task-1] org.hibernate.type.BasicTypeRegistry     : Adding type registration text -> org.hibernate.type.TextType@426dc812
2025-09-11 21:25:05.869 DEBUG 9962 --- [task-1] org.hibernate.type.BasicTypeRegistry     : Adding type registration ntext -> org.hibernate.type.NTextType@199c620d
2025-09-11 21:25:05.870 DEBUG 9962 --- [task-1] org.hibernate.type.BasicTypeRegistry     : Adding type registration blob -> org.hibernate.type.BlobType@41aa9c9c
2025-09-11 21:25:05.870 DEBUG 9962 --- [task-1] org.hibernate.type.BasicTypeRegistry     : Adding type registration java.sql.Blob -> org.hibernate.type.BlobType@41aa9c9c
2025-09-11 21:25:05.870 DEBUG 9962 --- [task-1] org.hibernate.type.BasicTypeRegistry     : Adding type registration materialized_blob -> org.hibernate.type.MaterializedBlobType@460a245c
2025-09-11 21:25:05.870 DEBUG 9962 --- [task-1] org.hibernate.type.BasicTypeRegistry     : Adding type registration clob -> org.hibernate.type.ClobType@5701789b
2025-09-11 21:25:05.870 DEBUG 9962 --- [task-1] org.hibernate.type.BasicTypeRegistry     : Adding type registration java.sql.Clob -> org.hibernate.type.ClobType@5701789b
2025-09-11 21:25:05.871 DEBUG 9962 --- [task-1] org.hibernate.type.BasicTypeRegistry     : Adding type registration nclob -> org.hibernate.type.NClobType@5e16a90a
2025-09-11 21:25:05.871 DEBUG 9962 --- [task-1] org.hibernate.type.BasicTypeRegistry     : Adding type registration java.sql.NClob -> org.hibernate.type.NClobType@5e16a90a
2025-09-11 21:25:05.871 DEBUG 9962 --- [task-1] org.hibernate.type.BasicTypeRegistry     : Adding type registration materialized_clob -> org.hibernate.type.MaterializedClobType@6b23c951
2025-09-11 21:25:05.871 DEBUG 9962 --- [task-1] org.hibernate.type.BasicTypeRegistry     : Adding type registration materialized_nclob -> org.hibernate.type.MaterializedNClobType@1dd7939f
2025-09-11 21:25:05.871 DEBUG 9962 --- [task-1] org.hibernate.type.BasicTypeRegistry     : Adding type registration serializable -> org.hibernate.type.SerializableType@622fe8b
2025-09-11 21:25:05.872 DEBUG 9962 --- [task-1] org.hibernate.type.BasicTypeRegistry     : Adding type registration object -> org.hibernate.type.ObjectType@1fc35509
2025-09-11 21:25:05.872 DEBUG 9962 --- [task-1] org.hibernate.type.BasicTypeRegistry     : Adding type registration java.lang.Object -> org.hibernate.type.ObjectType@1fc35509
2025-09-11 21:25:05.872 DEBUG 9962 --- [task-1] org.hibernate.type.BasicTypeRegistry     : Adding type registration imm_date -> org.hibernate.type.AdaptedImmutableType@67db119e
2025-09-11 21:25:05.872 DEBUG 9962 --- [task-1] org.hibernate.type.BasicTypeRegistry     : Adding type registration imm_time -> org.hibernate.type.AdaptedImmutableType@142d082c
2025-09-11 21:25:05.872 DEBUG 9962 --- [task-1] org.hibernate.type.BasicTypeRegistry     : Adding type registration imm_timestamp -> org.hibernate.type.AdaptedImmutableType@1aebbe15
2025-09-11 21:25:05.872 DEBUG 9962 --- [task-1] org.hibernate.type.BasicTypeRegistry     : Adding type registration imm_dbtimestamp -> org.hibernate.type.AdaptedImmutableType@53494d9f
2025-09-11 21:25:05.872 DEBUG 9962 --- [task-1] org.hibernate.type.BasicTypeRegistry     : Adding type registration imm_calendar -> org.hibernate.type.AdaptedImmutableType@6ca1f189
2025-09-11 21:25:05.872 DEBUG 9962 --- [task-1] org.hibernate.type.BasicTypeRegistry     : Adding type registration imm_calendar_date -> org.hibernate.type.AdaptedImmutableType@10b1e859
2025-09-11 21:25:05.872 DEBUG 9962 --- [task-1] org.hibernate.type.BasicTypeRegistry     : Adding type registration imm_binary -> org.hibernate.type.AdaptedImmutableType@57edf74c
2025-09-11 21:25:05.872 DEBUG 9962 --- [task-1] org.hibernate.type.BasicTypeRegistry     : Adding type registration imm_serializable -> org.hibernate.type.AdaptedImmutableType@4ed17d9b
2025-09-11 21:25:05.895  INFO 9962 --- [task-1] com.zaxxer.hikari.HikariDataSource       : HikariPool-1 - Starting...
2025-09-11 21:25:05.915  INFO 9962 --- [main] o.s.s.web.DefaultSecurityFilterChain     : Creating filter chain: any request, [org.springframework.security.web.context.request.async.WebAsyncManagerIntegrationFilter@2785db06, org.springframework.security.web.context.SecurityContextPersistenceFilter@4d7a64ca, org.springframework.security.web.header.HeaderWriterFilter@3d620a1, org.springframework.security.web.csrf.CsrfFilter@2a02e34b, org.springframework.security.web.authentication.logout.LogoutFilter@373e6b9d, org.springframework.security.web.authentication.UsernamePasswordAuthenticationFilter@750f64fe, org.springframework.security.web.savedrequest.RequestCacheAwareFilter@3635099, org.springframework.security.web.servletapi.SecurityContextHolderAwareRequestFilter@6adc5b9c, org.springframework.security.web.authentication.AnonymousAuthenticationFilter@79980d8d, org.springframework.security.web.session.SessionManagementFilter@3a479fda, org.springframework.security.web.access.ExceptionTranslationFilter@14447be, org.springframework.security.web.access.intercept.FilterSecurityInterceptor@65514add]
2025-09-11 21:25:06.095  INFO 9962 --- [task-1] com.zaxxer.hikari.HikariDataSource       : HikariPool-1 - Start completed.
2025-09-11 21:25:06.103  INFO 9962 --- [task-1] org.hibernate.dialect.Dialect            : HHH000400: Using dialect: org.hibernate.dialect.MySQL5InnoDBDialect
2025-09-11 21:25:06.143 DEBUG 9962 --- [task-1] o.h.type.spi.TypeConfiguration$Scope     : Scoping TypeConfiguration [org.hibernate.type.spi.TypeConfiguration@1047631d] to MetadataBuildingContext [org.hibernate.boot.internal.MetadataBuildingContextRootImpl@4127eca8]
2025-09-11 21:25:06.196 DEBUG 9962 --- [task-1] org.hibernate.type.EnumType              : Using NAMED-based conversion for Enum net.javaguides.springboot.model.BookingStatus
2025-09-11 21:25:06.196 DEBUG 9962 --- [task-1] org.hibernate.type.EnumType              : Using NAMED-based conversion for Enum net.javaguides.springboot.model.RoleName
2025-09-11 21:25:06.196 DEBUG 9962 --- [task-1] org.hibernate.type.EnumType              : Using NAMED-based conversion for Enum net.javaguides.springboot.model.ScheduleStatus
2025-09-11 21:25:06.212 DEBUG 9962 --- [task-1] org.hibernate.type.EnumType              : Using NAMED-based conversion for Enum net.javaguides.springboot.model.BookingStatus
2025-09-11 21:25:06.212 DEBUG 9962 --- [task-1] org.hibernate.type.EnumType              : Using NAMED-based conversion for Enum net.javaguides.springboot.model.RoleName
2025-09-11 21:25:06.212 DEBUG 9962 --- [task-1] org.hibernate.type.EnumType              : Using NAMED-based conversion for Enum net.javaguides.springboot.model.ScheduleStatus
2025-09-11 21:25:06.243 DEBUG 9962 --- [task-1] o.h.type.spi.TypeConfiguration$Scope     : Scoping TypeConfiguration [org.hibernate.type.spi.TypeConfiguration@1047631d] to SessionFactoryImpl [org.hibernate.internal.SessionFactoryImpl@4caef1bf]
2025-09-11 21:25:06.261 DEBUG 9962 --- [task-1] org.hibernate.type.EnumType              : Using NAMED-based conversion for Enum net.javaguides.springboot.model.BookingStatus
2025-09-11 21:25:06.261 DEBUG 9962 --- [task-1] org.hibernate.type.EnumType              : Using NAMED-based conversion for Enum net.javaguides.springboot.model.BookingStatus
2025-09-11 21:25:06.332 DEBUG 9962 --- [task-1] org.hibernate.type.EnumType              : Using NAMED-based conversion for Enum net.javaguides.springboot.model.BookingStatus
2025-09-11 21:25:06.332 DEBUG 9962 --- [task-1] org.hibernate.type.EnumType              : Using NAMED-based conversion for Enum net.javaguides.springboot.model.BookingStatus
2025-09-11 21:25:06.335 DEBUG 9962 --- [task-1] org.hibernate.type.EnumType              : Using NAMED-based conversion for Enum net.javaguides.springboot.model.RoleName
2025-09-11 21:25:06.335 DEBUG 9962 --- [task-1] org.hibernate.type.EnumType              : Using NAMED-based conversion for Enum net.javaguides.springboot.model.RoleName
2025-09-11 21:25:06.339 DEBUG 9962 --- [task-1] org.hibernate.type.EnumType              : Using NAMED-based conversion for Enum net.javaguides.springboot.model.RoleName
2025-09-11 21:25:06.339 DEBUG 9962 --- [task-1] org.hibernate.type.EnumType              : Using NAMED-based conversion for Enum net.javaguides.springboot.model.RoleName
2025-09-11 21:25:06.339 DEBUG 9962 --- [task-1] org.hibernate.type.EnumType              : Using NAMED-based conversion for Enum net.javaguides.springboot.model.ScheduleStatus
2025-09-11 21:25:06.339 DEBUG 9962 --- [task-1] org.hibernate.type.EnumType              : Using NAMED-based conversion for Enum net.javaguides.springboot.model.ScheduleStatus
2025-09-11 21:25:06.344 DEBUG 9962 --- [task-1] org.hibernate.type.EnumType              : Using NAMED-based conversion for Enum net.javaguides.springboot.model.ScheduleStatus
2025-09-11 21:25:06.344 DEBUG 9962 --- [task-1] org.hibernate.type.EnumType              : Using NAMED-based conversion for Enum net.javaguides.springboot.model.ScheduleStatus
2025-09-11 21:25:06.395 DEBUG 9962 --- [task-1] org.hibernate.type.EnumType              : Using NAMED-based conversion for Enum net.javaguides.springboot.model.BookingStatus
2025-09-11 21:25:06.395 DEBUG 9962 --- [task-1] org.hibernate.type.EnumType              : Using NAMED-based conversion for Enum net.javaguides.springboot.model.BookingStatus
2025-09-11 21:25:06.395 DEBUG 9962 --- [task-1] org.hibernate.type.EnumType              : Using NAMED-based conversion for Enum net.javaguides.springboot.model.RoleName
2025-09-11 21:25:06.395 DEBUG 9962 --- [task-1] org.hibernate.type.EnumType              : Using NAMED-based conversion for Enum net.javaguides.springboot.model.RoleName
2025-09-11 21:25:06.395 DEBUG 9962 --- [task-1] org.hibernate.type.EnumType              : Using NAMED-based conversion for Enum net.javaguides.springboot.model.ScheduleStatus
2025-09-11 21:25:06.395 DEBUG 9962 --- [task-1] org.hibernate.type.EnumType              : Using NAMED-based conversion for Enum net.javaguides.springboot.model.ScheduleStatus
2025-09-11 21:25:06.473  INFO 9962 --- [task-1] o.h.e.t.j.p.i.JtaPlatformInitiator       : HHH000490: Using JtaPlatform implementation: [org.hibernate.engine.transaction.jta.platform.internal.NoJtaPlatform]
2025-09-11 21:25:06.476 TRACE 9962 --- [task-1] o.h.type.spi.TypeConfiguration$Scope     : Handling #sessionFactoryCreated from [org.hibernate.internal.SessionFactoryImpl@4caef1bf] for TypeConfiguration
2025-09-11 21:25:06.480  INFO 9962 --- [task-1] j.LocalContainerEntityManagerFactoryBean : Initialized JPA EntityManagerFactory for persistence unit 'default'
2025-09-11 21:25:06.639  INFO 9962 --- [main] o.s.b.a.w.s.WelcomePageHandlerMapping    : Adding welcome page template: index
2025-09-11 21:25:06.715  INFO 9962 --- [main] DeferredRepositoryInitializationListener : Triggering deferred initialization of Spring Data repositories…
2025-09-11 21:25:06.845  INFO 9962 --- [main] DeferredRepositoryInitializationListener : Spring Data repositories initialized!
2025-09-11 21:25:06.849  INFO 9962 --- [main] ingBootSecurityThymeleafApplicationTests : Started RegistrationLoginSpringBootSecurityThymeleafApplicationTests in 1.735 seconds (JVM running for 2.157)
2025-09-11 21:25:06.904 DEBUG 9962 --- [main] org.hibernate.SQL                        : select user0_.id as id1_4_0_, user0_.email as email2_4_0_, user0_.first_name as first_na3_4_0_, user0_.last_name as last_nam4_4_0_, user0_.password as password5_4_0_, user0_.phone_number as phone_nu6_4_0_, roles1_.user_id as user_id1_5_1_, role2_.id as role_id2_5_1_, role2_.id as id1_1_2_, role2_.name as name2_1_2_ from user user0_ left outer join users_roles roles1_ on user0_.id=roles1_.user_id left outer join roles role2_ on roles1_.role_id=role2_.id where user0_.id=?
2025-09-11 21:25:06.905 TRACE 9962 --- [main] o.h.type.descriptor.sql.BasicBinder      : binding parameter [1] as [BIGINT] - [6]
2025-09-11 21:25:06.907 TRACE 9962 --- [main] o.h.type.descriptor.sql.BasicExtractor   : extracted value ([id1_1_2_] : [BIGINT]) - [2]
2025-09-11 21:25:06.909 TRACE 9962 --- [main] o.h.type.descriptor.sql.BasicExtractor   : extracted value ([email2_4_0_] : [VARCHAR]) - [naman@gmail.com]
2025-09-11 21:25:06.909 TRACE 9962 --- [main] o.h.type.descriptor.sql.BasicExtractor   : extracted value ([first_na3_4_0_] : [VARCHAR]) - [naman]
2025-09-11 21:25:06.909 TRACE 9962 --- [main] o.h.type.descriptor.sql.BasicExtractor   : extracted value ([last_nam4_4_0_] : [VARCHAR]) - [yadav]
2025-09-11 21:25:06.909 TRACE 9962 --- [main] o.h.type.descriptor.sql.BasicExtractor   : extracted value ([password5_4_0_] : [VARCHAR]) - [$2a$10$gu2HQ6Q6j4zO1XidFTWjluSdIolW8O/eiChFPLOE0Dgf.GEqMCgdO]
2025-09-11 21:25:06.909 TRACE 9962 --- [main] o.h.type.descriptor.sql.BasicExtractor   : extracted value ([phone_nu6_4_0_] : [VARCHAR]) - [1234567890]
2025-09-11 21:25:06.910 TRACE 9962 --- [main] o.h.type.descriptor.sql.BasicExtractor   : extracted value ([name2_1_2_] : [VARCHAR]) - [ROLE_BARBER]
2025-09-11 21:25:06.910 TRACE 9962 --- [main] o.h.type.descriptor.sql.BasicExtractor   : extracted value ([user_id1_5_1_] : [BIGINT]) - [6]
2025-09-11 21:25:06.912 TRACE 9962 --- [main] o.h.type.descriptor.sql.BasicExtractor   : extracted value ([role_id2_5_1_] : [BIGINT]) - [2]
2025-09-11 21:25:06.914 TRACE 9962 --- [main] org.hibernate.type.CollectionType        : Created collection wrapper: [net.javaguides.springboot.model.User.bookingsBarber#6]
2025-09-11 21:25:06.915 TRACE 9962 --- [main] org.hibernate.type.CollectionType        : Created collection wrapper: [net.javaguides.springboot.model.User.bookingsClient#6]
2025-09-11 21:25:06.915 TRACE 9962 --- [main] org.hibernate.type.CollectionType        : Created collection wrapper: [net.javaguides.springboot.model.User.schedules#6]
2025-09-11 21:25:06.934 DEBUG 9962 --- [main] org.hibernate.SQL                        : select schedule0_.id as id1_2_, schedule0_.barber_id as barber_i5_2_, schedule0_.date as date2_2_, schedule0_.status as status3_2_, schedule0_.time as time4_2_ from schedule schedule0_ left outer join user user1_ on schedule0_.barber_id=user1_.id where user1_.id=? and schedule0_.date=?
2025-09-11 21:25:06.935 TRACE 9962 --- [main] o.h.type.descriptor.sql.BasicBinder      : binding parameter [1] as [BIGINT] - [6]
2025-09-11 21:25:06.935 TRACE 9962 --- [main] o.h.type.descriptor.sql.BasicBinder      : binding parameter [2] as [DATE] - [2025-08-25]
2025-09-11 21:25:06.953  INFO 9962 --- [SpringContextShutdownHook] j.LocalContainerEntityManagerFactoryBean : Closing JPA EntityManagerFactory for persistence unit 'default'
2025-09-11 21:25:06.953 TRACE 9962 --- [SpringContextShutdownHook] o.h.type.spi.TypeConfiguration$Scope     : Handling #sessionFactoryClosed from [org.hibernate.internal.SessionFactoryImpl@4caef1bf] for TypeConfiguration
2025-09-11 21:25:06.953 DEBUG 9962 --- [SpringContextShutdownHook] o.h.type.spi.TypeConfiguration$Scope     : Un-scoping TypeConfiguration [org.hibernate.type.spi.TypeConfiguration$Scope@7a93944d] from SessionFactory [org.hibernate.internal.SessionFactoryImpl@4caef1bf]
2025-09-11 21:25:06.953  INFO 9962 --- [SpringContextShutdownHook] o.s.s.concurrent.ThreadPoolTaskExecutor  : Shutting down ExecutorService 'applicationTaskExecutor'
2025-09-11 21:25:06.954  INFO 9962 --- [SpringContextShutdownHook] com.zaxxer.hikari.HikariDataSource       : HikariPool-1 - Shutdown initiated...
2025-09-11 21:25:06.958  INFO 9962 --- [SpringContextShutdownHook] com.zaxxer.hikari.HikariDataSource       : HikariPool-1 - Shutdown completed.
2025-09-11 21:38:16.137  INFO 10887 --- [main] ingBootSecurityThymeleafApplicationTests : Starting RegistrationLoginSpringBootSecurityThymeleafApplicationTests on Jatins-MacBook-Air.local with PID 10887 (started by jatinyadav in /Users/jatinyadav/Desktop/Booking-system)
2025-09-11 21:38:16.138  INFO 10887 --- [main] ingBootSecurityThymeleafApplicationTests : No active profile set, falling back to default profiles: default
2025-09-11 21:38:16.415  INFO 10887 --- [main] .s.d.r.c.RepositoryConfigurationDelegate : Bootstrapping Spring Data JPA repositories in DEFERRED mode.
2025-09-11 21:38:16.441  INFO 10887 --- [main] .s.d.r.c.RepositoryConfigurationDelegate : Finished Spring Data repository scanning in 23ms. Found 5 JPA repository interfaces.
2025-09-11 21:38:16.604  WARN 10887 --- [main] o.s.w.c.s.GenericWebApplicationContext   : Exception encountered during context initialization - cancelling refresh attempt: org.springframework.beans.factory.UnsatisfiedDependencyException: Error creating bean with name 'org.springframework.boot.autoconfigure.orm.jpa.HibernateJpaConfiguration': Unsatisfied dependency expressed through constructor parameter 0; nested exception is org.springframework.beans.factory.BeanCreationException: Error creating bean with name 'dataSource' defined in class path resource [org/springframework/boot/autoconfigure/jdbc/DataSourceConfiguration$Hikari.class]: Bean instantiation via factory method failed; nested exception is org.springframework.beans.BeanInstantiationException: Failed to instantiate [com.zaxxer.hikari.HikariDataSource]: Factory method 'dataSource' threw exception; nested exception is java.lang.IllegalArgumentException: URL must start with 'jdbc'
2025-09-11 21:38:16.608  INFO 10887 --- [main] ConditionEvaluationReportLoggingListener : 

Error starting ApplicationContext. To display the conditions report re-run your application with 'debug' enabled.
2025-09-11 21:38:16.610 ERROR 10887 --- [main] o.s.boot.SpringApplication               : Application run failed

org.springframework.beans.factory.UnsatisfiedDependencyException: Error creating bean with name 'org.springframework.boot.autoconfigure.orm.jpa.HibernateJpaConfiguration': Unsatisfied dependency expressed through constructor parameter 0; nested exception is org.springframework.beans.factory.BeanCreationException: Error creating bean with name 'dataSource' defined in class path resource [org/springframework/boot/autoconfigure/jdbc/DataSourceConfiguration$Hikari.class]: Bean instantiation via factory method failed; nested exception is org.springframework.beans.BeanInstantiationException: Failed to instantiate [com.zaxxer.hikari.HikariDataSource]: Factory method 'dataSource' threw exception; nested exception is java.lang.IllegalArgumentException: URL must start with 'jdbc'
	at org.springframework.beans.factory.support.ConstructorResolver.createArgumentArray(ConstructorResolver.java:798) ~[spring-beans-5.2.6.RELEASE.jar:5.2.6.RELEASE]
	at org.springframework.beans.factory.support.ConstructorResolver.autowireConstructor(ConstructorResolver.java:228) ~[spring-beans-5.2.6.RELEASE.jar:5.2.6.RELEASE]
	at org.springframework.beans.factory.support.AbstractAutowireCapableBeanFactory.autowireConstructor(AbstractAutowireCapableBeanFactory.java:1358) ~[spring-beans-5.2.6.RELEASE.jar:5.2.6.RELEASE]
	at org.springframework.beans.factory.support.AbstractAutowireCapableBeanFactory.createBeanInstance(AbstractAutowireCapableBeanFactory.java:1204) ~[spring-beans-5.2.6.RELEASE.jar:5.2.6.RELEASE]
	at org.springframework.beans.factory.support.AbstractAutowireCapableBeanFactory.doCreateBean(AbstractAutowireCapableBeanFactory.java:557) ~[spring-beans-5.2.6.RELEASE.jar:5.2.6.RELEASE]
	at org.springframework.beans.factory.support.AbstractAutowireCapableBeanFactory.createBean(AbstractAutowireCapableBeanFactory.java:517) ~[spring-beans-5.2.6.RELEASE.jar:5.2.6.RELEASE]
	at org.springframework.beans.factory.support.AbstractBeanFactory.lambda$doGetBean$0(AbstractBeanFactory.java:323) ~[spring-beans-5.2.6.RELEASE.jar:5.2.6.RELEASE]
	at org.springframework.beans.factory.support.DefaultSingletonBeanRegistry.getSingleton(DefaultSingletonBeanRegistry.java:226) ~[spring-beans-5.2.6.RELEASE.jar:5.2.6.RELEASE]
	at org.springframework.beans.factory.support.AbstractBeanFactory.doGetBean(AbstractBeanFactory.java:321) ~[spring-beans-5.2.6.RELEASE.jar:5.2.6.RELEASE]
	at org.springframework.beans.factory.support.AbstractBeanFactory.getBean(AbstractBeanFactory.java:202) ~[spring-beans-5.2.6.RELEASE.jar:5.2.6.RELEASE]
	at org.springframework.beans.factory.support.ConstructorResolver.instantiateUsingFactoryMethod(ConstructorResolver.java:409) ~[spring-beans-5.2.6.RELEASE.jar:5.2.6.RELEASE]
	at org.springframework.beans.factory.support.AbstractAutowireCapableBeanFactory.instantiateUsingFactoryMethod(AbstractAutowireCapableBeanFactory.java:1338) ~[spring-beans-5.2.6.RELEASE.jar:5.2.6.RELEASE]
	at org.springframework.beans.factory.support.AbstractAutowireCapableBeanFactory.createBeanInstance(AbstractAutowireCapableBeanFactory.java:1177) ~[spring-beans-5.2.6.RELEASE.jar:5.2.6.RELEASE]
	at org.springframework.beans.factory.support.AbstractAutowireCapableBeanFactory.doCreateBean(AbstractAutowireCapableBeanFactory.java:557) ~[spring-beans-5.2.6.RELEASE.jar:5.2.6.RELEASE]
	at org.springframework.beans.factory.support.AbstractAutowireCapableBeanFactory.createBean(AbstractAutowireCapableBeanFactory.java:517) ~[spring-beans-5.2.6.RELEASE.jar:5.2.6.RELEASE]
	at org.springframework.beans.factory.support.AbstractBeanFactory.lambda$doGetBean$0(AbstractBeanFactory.java:323) ~[spring-beans-5.2.6.RELEASE.jar:5.2.6.RELEASE]
	at org.springframework.beans.factory.support.DefaultSingletonBeanRegistry.getSingleton(DefaultSingletonBeanRegistry.java:226) ~[spring-beans-5.2.6.RELEASE.jar:5.2.6.RELEASE]
	at org.springframework.beans.factory.support.AbstractBeanFactory.doGetBean(AbstractBeanFactory.java:321) ~[spring-beans-5.2.6.RELEASE.jar:5.2.6.RELEASE]
	at org.springframework.beans.factory.support.AbstractBeanFactory.getBean(AbstractBeanFactory.java:202) ~[spring-beans-5.2.6.RELEASE.jar:5.2.6.RELEASE]
	at org.springframework.context.support.AbstractApplicationContext.getBean(AbstractApplicationContext.java:1108) ~[spring-context-5.2.6.RELEASE.jar:5.2.6.RELEASE]
	at org.springframework.context.support.AbstractApplicationContext.finishBeanFactoryInitialization(AbstractApplicationContext.java:868) ~[spring-context-5.2.6.RELEASE.jar:5.2.6.RELEASE]
	at org.springframework.context.support.AbstractApplicationContext.refresh(AbstractApplicationContext.java:550) ~[spring-context-5.2.6.RELEASE.jar:5.2.6.RELEASE]
	at org.springframework.boot.SpringApplication.refresh(SpringApplication.java:758) ~[spring-boot-2.3.0.RELEASE.jar:2.3.0.RELEASE]
	at org.springframework.boot.SpringApplication.refresh(SpringApplication.java:750) ~[spring-boot-2.3.0.RELEASE.jar:2.3.0.RELEASE]
	at org.springframework.boot.SpringApplication.refreshContext(SpringApplication.java:397) ~[spring-boot-2.3.0.RELEASE.jar:2.3.0.RELEASE]
	at org.springframework.boot.SpringApplication.run(SpringApplication.java:315) ~[spring-boot-2.3.0.RELEASE.jar:2.3.0.RELEASE]
	at org.springframework.boot.test.context.SpringBootContextLoader.loadContext(SpringBootContextLoader.java:120) ~[spring-boot-test-2.3.0.RELEASE.jar:2.3.0.RELEASE]
	at org.springframework.test.context.cache.DefaultCacheAwareContextLoaderDelegate.loadContextInternal(DefaultCacheAwareContextLoaderDelegate.java:99) ~[spring-test-5.2.6.RELEASE.jar:5.2.6.RELEASE]
	at org.springframework.test.context.cache.DefaultCacheAwareContextLoaderDelegate.loadContext(DefaultCacheAwareContextLoaderDelegate.java:124) ~[spring-test-5.2.6.RELEASE.jar:5.2.6.RELEASE]
	at org.springframework.test.context.support.DefaultTestContext.getApplicationContext(DefaultTestContext.java:123) ~[spring-test-5.2.6.RELEASE.jar:5.2.6.RELEASE]
	at org.springframework.test.context.web.ServletTestExecutionListener.setUpRequestContextIfNecessary(ServletTestExecutionListener.java:190) ~[spring-test-5.2.6.RELEASE.jar:5.2.6.RELEASE]
	at org.springframework.test.context.web.ServletTestExecutionListener.prepareTestInstance(ServletTestExecutionListener.java:132) ~[spring-test-5.2.6.RELEASE.jar:5.2.6.RELEASE]
	at org.springframework.test.context.TestContextManager.prepareTestInstance(TestContextManager.java:244) ~[spring-test-5.2.6.RELEASE.jar:5.2.6.RELEASE]
	at org.springframework.test.context.junit.jupiter.SpringExtension.postProcessTestInstance(SpringExtension.java:98) ~[spring-test-5.2.6.RELEASE.jar:5.2.6.RELEASE]
	at org.junit.jupiter.engine.descriptor.ClassBasedTestDescriptor.lambda$invokeTestInstancePostProcessors$5(ClassBasedTestDescriptor.java:341) ~[junit-jupiter-engine-5.6.2.jar:5.6.2]
	at org.junit.jupiter.engine.descriptor.ClassBasedTestDescriptor.executeAndMaskThrowable(ClassBasedTestDescriptor.java:346) ~[junit-jupiter-engine-5.6.2.jar:5.6.2]
	at org.junit.jupiter.engine.descriptor.ClassBasedTestDescriptor.lambda$invokeTestInstancePostProcessors$6(ClassBasedTestDescriptor.java:341) ~[junit-jupiter-engine-5.6.2.jar:5.6.2]
	at java.base/java.util.stream.ReferencePipeline$3$1.accept(ReferencePipeline.java:197) ~[na:na]
	at java.base/java.util.stream.ReferencePipeline$2$1.accept(ReferencePipeline.java:179) ~[na:na]
	at java.base/java.util.ArrayList$ArrayListSpliterator.forEachRemaining(ArrayList.java:1625) ~[na:na]
	at java.base/java.util.stream.AbstractPipeline.copyInto(AbstractPipeline.java:509) ~[na:na]
	at java.base/java.util.stream.AbstractPipeline.wrapAndCopyInto(AbstractPipeline.java:499) ~[na:na]
	at java.base/java.util.stream.StreamSpliterators$WrappingSpliterator.forEachRemaining(StreamSpliterators.java:310) ~[na:na]
	at java.base/java.util.stream.Streams$ConcatSpliterator.forEachRemaining(Streams.java:735) ~[na:na]
	at java.base/java.util.stream.Streams$ConcatSpliterator.forEachRemaining(Streams.java:734) ~[na:na]
	at java.base/java.util.stream.ReferencePipeline$Head.forEach(ReferencePipeline.java:762) ~[na:na]
	at org.junit.jupiter.engine.descriptor.ClassBasedTestDescriptor.invokeTestInstancePostProcessors(ClassBasedTestDescriptor.java:340) ~[junit-jupiter-engine-5.6.2.jar:5.6.2]
	at org.junit.jupiter.engine.descriptor.ClassBasedTestDescriptor.instantiateAndPostProcessTestInstance(ClassBasedTestDescriptor.java:263) ~[junit-jupiter-engine-5.6.2.jar:5.6.2]
	at org.junit.jupiter.engine.descriptor.ClassBasedTestDescriptor.lambda$testInstancesProvider$2(ClassBasedTestDescriptor.java:256) ~[junit-jupiter-engine-5.6.2.jar:5.6.2]
	at java.base/java.util.Optional.orElseGet(Optional.java:364) ~[na:na]
	at org.junit.jupiter.engine.descriptor.ClassBasedTestDescriptor.lambda$testInstancesProvider$3(ClassBasedTestDescriptor.java:255) ~[junit-jupiter-engine-5.6.2.jar:5.6.2]
	at org.junit.jupiter.engine.execution.TestInstancesProvider.getTestInstances(TestInstancesProvider.java:29) ~[junit-jupiter-engine-5.6.2.jar:5.6.2]
	at org.junit.jupiter.engine.descriptor.TestMethodTestDescriptor.lambda$prepare$0(TestMethodTestDescriptor.java:108) ~[junit-jupiter-engine-5.6.2.jar:5.6.2]
	at org.junit.platform.engine.support.hierarchical.ThrowableCollector.execute(ThrowableCollector.java:73) ~[junit-platform-engine-1.6.2.jar:1.6.2]
	at org.junit.jupiter.engine.descriptor.TestMethodTestDescriptor.prepare(TestMethodTestDescriptor.java:107) ~[junit-jupiter-engine-5.6.2.jar:5.6.2]
	at org.junit.jupiter.engine.descriptor.TestMethodTestDescriptor.prepare(TestMethodTestDescriptor.java:71) ~[junit-jupiter-engine-5.6.2.jar:5.6.2]
	at org.junit.platform.engine.support.hierarchical.NodeTestTask.lambda$prepare$1(NodeTestTask.java:107) ~[junit-platform-engine-1.6.2.jar:1.6.2]
	at org.junit.platform.engine.support.hierarchical.ThrowableCollector.execute(ThrowableCollector.java:73) ~[junit-platform-engine-1.6.2.jar:1.6.2]
	at org.junit.platform.engine.support.hierarchical.NodeTestTask.prepare(NodeTestTask.java:107) ~[junit-platform-engine-1.6.2.jar:1.6.2]
	at org.junit.platform.engine.support.hierarchical.NodeTestTask.execute(NodeTestTask.java:75) ~[junit-platform-engine-1.6.2.jar:1.6.2]
	at java.base/java.util.ArrayList.forEach(ArrayList.java:1511) ~[na:na]
	at org.junit.platform.engine.support.hierarchical.SameThreadHierarchicalTestExecutorService.invokeAll(SameThreadHierarchicalTestExecutorService.java:38) ~[junit-platform-engine-1.6.2.jar:1.6.2]
	at org.junit.platform.engine.support.hierarchical.NodeTestTask.lambda$executeRecursively$5(NodeTestTask.java:139) ~[junit-platform-engine-1.6.2.jar:1.6.2]
	at org.junit.platform.engine.support.hierarchical.ThrowableCollector.execute(ThrowableCollector.java:73) ~[junit-platform-engine-1.6.2.jar:1.6.2]
	at org.junit.platform.engine.support.hierarchical.NodeTestTask.lambda$executeRecursively$7(NodeTestTask.java:125) ~[junit-platform-engine-1.6.2.jar:1.6.2]
	at org.junit.platform.engine.support.hierarchical.Node.around(Node.java:135) ~[junit-platform-engine-1.6.2.jar:1.6.2]
	at org.junit.platform.engine.support.hierarchical.NodeTestTask.lambda$executeRecursively$8(NodeTestTask.java:123) ~[junit-platform-engine-1.6.2.jar:1.6.2]
	at org.junit.platform.engine.support.hierarchical.ThrowableCollector.execute(ThrowableCollector.java:73) ~[junit-platform-engine-1.6.2.jar:1.6.2]
	at org.junit.platform.engine.support.hierarchical.NodeTestTask.executeRecursively(NodeTestTask.java:122) ~[junit-platform-engine-1.6.2.jar:1.6.2]
	at org.junit.platform.engine.support.hierarchical.NodeTestTask.execute(NodeTestTask.java:80) ~[junit-platform-engine-1.6.2.jar:1.6.2]
	at java.base/java.util.ArrayList.forEach(ArrayList.java:1511) ~[na:na]
	at org.junit.platform.engine.support.hierarchical.SameThreadHierarchicalTestExecutorService.invokeAll(SameThreadHierarchicalTestExecutorService.java:38) ~[junit-platform-engine-1.6.2.jar:1.6.2]
	at org.junit.platform.engine.support.hierarchical.NodeTestTask.lambda$executeRecursively$5(NodeTestTask.java:139) ~[junit-platform-engine-1.6.2.jar:1.6.2]
	at org.junit.platform.engine.support.hierarchical.ThrowableCollector.execute(ThrowableCollector.java:73) ~[junit-platform-engine-1.6.2.jar:1.6.2]
	at org.junit.platform.engine.support.hierarchical.NodeTestTask.lambda$executeRecursively$7(NodeTestTask.java:125) ~[junit-platform-engine-1.6.2.jar:1.6.2]
	at org.junit.platform.engine.support.hierarchical.Node.around(Node.java:135) ~[junit-platform-engine-1.6.2.jar:1.6.2]
	at org.junit.platform.engine.support.hierarchical.NodeTestTask.lambda$executeRecursively$8(NodeTestTask.java:123) ~[junit-platform-engine-1.6.2.jar:1.6.2]
	at org.junit.platform.engine.support.hierarchical.ThrowableCollector.execute(ThrowableCollector.java:73) ~[junit-platform-engine-1.6.2.jar:1.6.2]
	at org.junit.platform.engine.support.hierarchical.NodeTestTask.executeRecursively(NodeTestTask.java:122) ~[junit-platform-engine-1.6.2.jar:1.6.2]
	at org.junit.platform.engine.support.hierarchical.NodeTestTask.execute(NodeTestTask.java:80) ~[junit-platform-engine-1.6.2.jar:1.6.2]
	at org.junit.platform.engine.support.hierarchical.SameThreadHierarchicalTestExecutorService.submit(SameThreadHierarchicalTestExecutorService.java:32) ~[junit-platform-engine-1.6.2.jar:1.6.2]
	at org.junit.platform.engine.support.hierarchical.HierarchicalTestExecutor.execute(HierarchicalTestExecutor.java:57) ~[junit-platform-engine-1.6.2.jar:1.6.2]
	at org.junit.platform.engine.support.hierarchical.HierarchicalTestEngine.execute(HierarchicalTestEngine.java:51) ~[junit-platform-engine-1.6.2.jar:1.6.2]
	at org.junit.platform.launcher.core.DefaultLauncher.execute(DefaultLauncher.java:248) ~[junit-platform-launcher-1.6.2.jar:1.6.2]
	at org.junit.platform.launcher.core.DefaultLauncher.lambda$execute$5(DefaultLauncher.java:211) ~[junit-platform-launcher-1.6.2.jar:1.6.2]
	at org.junit.platform.launcher.core.DefaultLauncher.withInterceptedStreams(DefaultLauncher.java:226) ~[junit-platform-launcher-1.6.2.jar:1.6.2]
	at org.junit.platform.launcher.core.DefaultLauncher.execute(DefaultLauncher.java:199) ~[junit-platform-launcher-1.6.2.jar:1.6.2]
	at org.junit.platform.launcher.core.DefaultLauncher.execute(DefaultLauncher.java:132) ~[junit-platform-launcher-1.6.2.jar:1.6.2]
	at com.intellij.junit5.JUnit5IdeaTestRunner.startRunnerWithArgs(JUnit5IdeaTestRunner.java:57) ~[junit5-rt.jar:na]
	at com.intellij.rt.junit.IdeaTestRunner$Repeater$1.execute(IdeaTestRunner.java:38) ~[junit-rt.jar:na]
	at com.intellij.rt.execution.junit.TestsRepeater.repeat(TestsRepeater.java:11) ~[idea_rt.jar:na]
	at com.intellij.rt.junit.IdeaTestRunner$Repeater.startRunnerWithArgs(IdeaTestRunner.java:35) ~[junit-rt.jar:na]
	at com.intellij.rt.junit.JUnitStarter.prepareStreamsAndStart(JUnitStarter.java:232) ~[junit-rt.jar:na]
	at com.intellij.rt.junit.JUnitStarter.main(JUnitStarter.java:55) ~[junit-rt.jar:na]
Caused by: org.springframework.beans.factory.BeanCreationException: Error creating bean with name 'dataSource' defined in class path resource [org/springframework/boot/autoconfigure/jdbc/DataSourceConfiguration$Hikari.class]: Bean instantiation via factory method failed; nested exception is org.springframework.beans.BeanInstantiationException: Failed to instantiate [com.zaxxer.hikari.HikariDataSource]: Factory method 'dataSource' threw exception; nested exception is java.lang.IllegalArgumentException: URL must start with 'jdbc'
	at org.springframework.beans.factory.support.ConstructorResolver.instantiate(ConstructorResolver.java:656) ~[spring-beans-5.2.6.RELEASE.jar:5.2.6.RELEASE]
	at org.springframework.beans.factory.support.ConstructorResolver.instantiateUsingFactoryMethod(ConstructorResolver.java:636) ~[spring-beans-5.2.6.RELEASE.jar:5.2.6.RELEASE]
	at org.springframework.beans.factory.support.AbstractAutowireCapableBeanFactory.instantiateUsingFactoryMethod(AbstractAutowireCapableBeanFactory.java:1338) ~[spring-beans-5.2.6.RELEASE.jar:5.2.6.RELEASE]
	at org.springframework.beans.factory.support.AbstractAutowireCapableBeanFactory.createBeanInstance(AbstractAutowireCapableBeanFactory.java:1177) ~[spring-beans-5.2.6.RELEASE.jar:5.2.6.RELEASE]
	at org.springframework.beans.factory.support.AbstractAutowireCapableBeanFactory.doCreateBean(AbstractAutowireCapableBeanFactory.java:557) ~[spring-beans-5.2.6.RELEASE.jar:5.2.6.RELEASE]
	at org.springframework.beans.factory.support.AbstractAutowireCapableBeanFactory.createBean(AbstractAutowireCapableBeanFactory.java:517) ~[spring-beans-5.2.6.RELEASE.jar:5.2.6.RELEASE]
	at org.springframework.beans.factory.support.AbstractBeanFactory.lambda$doGetBean$0(AbstractBeanFactory.java:323) ~[spring-beans-5.2.6.RELEASE.jar:5.2.6.RELEASE]
	at org.springframework.beans.factory.support.DefaultSingletonBeanRegistry.getSingleton(DefaultSingletonBeanRegistry.java:226) ~[spring-beans-5.2.6.RELEASE.jar:5.2.6.RELEASE]
	at org.springframework.beans.factory.support.AbstractBeanFactory.doGetBean(AbstractBeanFactory.java:321) ~[spring-beans-5.2.6.RELEASE.jar:5.2.6.RELEASE]
	at org.springframework.beans.factory.support.AbstractBeanFactory.getBean(AbstractBeanFactory.java:202) ~[spring-beans-5.2.6.RELEASE.jar:5.2.6.RELEASE]
	at org.springframework.beans.factory.config.DependencyDescriptor.resolveCandidate(DependencyDescriptor.java:276) ~[spring-beans-5.2.6.RELEASE.jar:5.2.6.RELEASE]
	at org.springframework.beans.factory.support.DefaultListableBeanFactory.doResolveDependency(DefaultListableBeanFactory.java:1306) ~[spring-beans-5.2.6.RELEASE.jar:5.2.6.RELEASE]
	at org.springframework.beans.factory.support.DefaultListableBeanFactory.resolveDependency(DefaultListableBeanFactory.java:1226) ~[spring-beans-5.2.6.RELEASE.jar:5.2.6.RELEASE]
	at org.springframework.beans.factory.support.ConstructorResolver.resolveAutowiredArgument(ConstructorResolver.java:885) ~[spring-beans-5.2.6.RELEASE.jar:5.2.6.RELEASE]
	at org.springframework.beans.factory.support.ConstructorResolver.createArgumentArray(ConstructorResolver.java:789) ~[spring-beans-5.2.6.RELEASE.jar:5.2.6.RELEASE]
	... 93 common frames omitted
Caused by: org.springframework.beans.BeanInstantiationException: Failed to instantiate [com.zaxxer.hikari.HikariDataSource]: Factory method 'dataSource' threw exception; nested exception is java.lang.IllegalArgumentException: URL must start with 'jdbc'
	at org.springframework.beans.factory.support.SimpleInstantiationStrategy.instantiate(SimpleInstantiationStrategy.java:185) ~[spring-beans-5.2.6.RELEASE.jar:5.2.6.RELEASE]
	at org.springframework.beans.factory.support.ConstructorResolver.instantiate(ConstructorResolver.java:651) ~[spring-beans-5.2.6.RELEASE.jar:5.2.6.RELEASE]
	... 107 common frames omitted
Caused by: java.lang.IllegalArgumentException: URL must start with 'jdbc'
	at org.springframework.util.Assert.isTrue(Assert.java:118) ~[spring-core-5.2.6.RELEASE.jar:5.2.6.RELEASE]
	at org.springframework.boot.jdbc.DatabaseDriver.fromJdbcUrl(DatabaseDriver.java:283) ~[spring-boot-2.3.0.RELEASE.jar:2.3.0.RELEASE]
	at org.springframework.boot.autoconfigure.jdbc.DataSourceProperties.determineDriverClassName(DataSourceProperties.java:228) ~[spring-boot-autoconfigure-2.3.0.RELEASE.jar:2.3.0.RELEASE]
	at org.springframework.boot.autoconfigure.jdbc.DataSourceProperties.initializeDataSourceBuilder(DataSourceProperties.java:175) ~[spring-boot-autoconfigure-2.3.0.RELEASE.jar:2.3.0.RELEASE]
	at org.springframework.boot.autoconfigure.jdbc.DataSourceConfiguration.createDataSource(DataSourceConfiguration.java:43) ~[spring-boot-autoconfigure-2.3.0.RELEASE.jar:2.3.0.RELEASE]
	at org.springframework.boot.autoconfigure.jdbc.DataSourceConfiguration$Hikari.dataSource(DataSourceConfiguration.java:85) ~[spring-boot-autoconfigure-2.3.0.RELEASE.jar:2.3.0.RELEASE]
	at java.base/jdk.internal.reflect.NativeMethodAccessorImpl.invoke0(Native Method) ~[na:na]
	at java.base/jdk.internal.reflect.NativeMethodAccessorImpl.invoke(NativeMethodAccessorImpl.java:77) ~[na:na]
	at java.base/jdk.internal.reflect.DelegatingMethodAccessorImpl.invoke(DelegatingMethodAccessorImpl.java:43) ~[na:na]
	at java.base/java.lang.reflect.Method.invoke(Method.java:569) ~[na:na]
	at org.springframework.beans.factory.support.SimpleInstantiationStrategy.instantiate(SimpleInstantiationStrategy.java:154) ~[spring-beans-5.2.6.RELEASE.jar:5.2.6.RELEASE]
	... 108 common frames omitted

2025-09-11 21:38:16.611 ERROR 10887 --- [main] o.s.test.context.TestContextManager      : Caught exception while allowing TestExecutionListener [org.springframework.test.context.web.ServletTestExecutionListener@1bab8268] to prepare test instance [net.javaguides.springboot.RegistrationLoginSpringBootSecurityThymeleafApplicationTests@42fb8c87]

java.lang.IllegalStateException: Failed to load ApplicationContext
	at org.springframework.test.context.cache.DefaultCacheAwareContextLoaderDelegate.loadContext(DefaultCacheAwareContextLoaderDelegate.java:132) ~[spring-test-5.2.6.RELEASE.jar:5.2.6.RELEASE]
	at org.springframework.test.context.support.DefaultTestContext.getApplicationContext(DefaultTestContext.java:123) ~[spring-test-5.2.6.RELEASE.jar:5.2.6.RELEASE]
	at org.springframework.test.context.web.ServletTestExecutionListener.setUpRequestContextIfNecessary(ServletTestExecutionListener.java:190) ~[spring-test-5.2.6.RELEASE.jar:5.2.6.RELEASE]
	at org.springframework.test.context.web.ServletTestExecutionListener.prepareTestInstance(ServletTestExecutionListener.java:132) ~[spring-test-5.2.6.RELEASE.jar:5.2.6.RELEASE]
	at org.springframework.test.context.TestContextManager.prepareTestInstance(TestContextManager.java:244) ~[spring-test-5.2.6.RELEASE.jar:5.2.6.RELEASE]
	at org.springframework.test.context.junit.jupiter.SpringExtension.postProcessTestInstance(SpringExtension.java:98) ~[spring-test-5.2.6.RELEASE.jar:5.2.6.RELEASE]
	at org.junit.jupiter.engine.descriptor.ClassBasedTestDescriptor.lambda$invokeTestInstancePostProcessors$5(ClassBasedTestDescriptor.java:341) ~[junit-jupiter-engine-5.6.2.jar:5.6.2]
	at org.junit.jupiter.engine.descriptor.ClassBasedTestDescriptor.executeAndMaskThrowable(ClassBasedTestDescriptor.java:346) ~[junit-jupiter-engine-5.6.2.jar:5.6.2]
	at org.junit.jupiter.engine.descriptor.ClassBasedTestDescriptor.lambda$invokeTestInstancePostProcessors$6(ClassBasedTestDescriptor.java:341) ~[junit-jupiter-engine-5.6.2.jar:5.6.2]
	at java.base/java.util.stream.ReferencePipeline$3$1.accept(ReferencePipeline.java:197) ~[na:na]
	at java.base/java.util.stream.ReferencePipeline$2$1.accept(ReferencePipeline.java:179) ~[na:na]
	at java.base/java.util.ArrayList$ArrayListSpliterator.forEachRemaining(ArrayList.java:1625) ~[na:na]
	at java.base/java.util.stream.AbstractPipeline.copyInto(AbstractPipeline.java:509) ~[na:na]
	at java.base/java.util.stream.AbstractPipeline.wrapAndCopyInto(AbstractPipeline.java:499) ~[na:na]
	at java.base/java.util.stream.StreamSpliterators$WrappingSpliterator.forEachRemaining(StreamSpliterators.java:310) ~[na:na]
	at java.base/java.util.stream.Streams$ConcatSpliterator.forEachRemaining(Streams.java:735) ~[na:na]
	at java.base/java.util.stream.Streams$ConcatSpliterator.forEachRemaining(Streams.java:734) ~[na:na]
	at java.base/java.util.stream.ReferencePipeline$Head.forEach(ReferencePipeline.java:762) ~[na:na]
	at org.junit.jupiter.engine.descriptor.ClassBasedTestDescriptor.invokeTestInstancePostProcessors(ClassBasedTestDescriptor.java:340) ~[junit-jupiter-engine-5.6.2.jar:5.6.2]
	at org.junit.jupiter.engine.descriptor.ClassBasedTestDescriptor.instantiateAndPostProcessTestInstance(ClassBasedTestDescriptor.java:263) ~[junit-jupiter-engine-5.6.2.jar:5.6.2]
	at org.junit.jupiter.engine.descriptor.ClassBasedTestDescriptor.lambda$testInstancesProvider$2(ClassBasedTestDescriptor.java:256) ~[junit-jupiter-engine-5.6.2.jar:5.6.2]
	at java.base/java.util.Optional.orElseGet(Optional.java:364) ~[na:na]
	at org.junit.jupiter.engine.descriptor.ClassBasedTestDescriptor.lambda$testInstancesProvider$3(ClassBasedTestDescriptor.java:255) ~[junit-jupiter-engine-5.6.2.jar:5.6.2]
	at org.junit.jupiter.engine.execution.TestInstancesProvider.getTestInstances(TestInstancesProvider.java:29) ~[junit-jupiter-engine-5.6.2.jar:5.6.2]
	at org.junit.jupiter.engine.descriptor.TestMethodTestDescriptor.lambda$prepare$0(TestMethodTestDescriptor.java:108) ~[junit-jupiter-engine-5.6.2.jar:5.6.2]
	at org.junit.platform.engine.support.hierarchical.ThrowableCollector.execute(ThrowableCollector.java:73) ~[junit-platform-engine-1.6.2.jar:1.6.2]
	at org.junit.jupiter.engine.descriptor.TestMethodTestDescriptor.prepare(TestMethodTestDescriptor.java:107) ~[junit-jupiter-engine-5.6.2.jar:5.6.2]
	at org.junit.jupiter.engine.descriptor.TestMethodTestDescriptor.prepare(TestMethodTestDescriptor.java:71) ~[junit-jupiter-engine-5.6.2.jar:5.6.2]
	at org.junit.platform.engine.support.hierarchical.NodeTestTask.lambda$prepare$1(NodeTestTask.java:107) ~[junit-platform-engine-1.6.2.jar:1.6.2]
	at org.junit.platform.engine.support.hierarchical.ThrowableCollector.execute(ThrowableCollector.java:73) ~[junit-platform-engine-1.6.2.jar:1.6.2]
	at org.junit.platform.engine.support.hierarchical.NodeTestTask.prepare(NodeTestTask.java:107) ~[junit-platform-engine-1.6.2.jar:1.6.2]
	at org.junit.platform.engine.support.hierarchical.NodeTestTask.execute(NodeTestTask.java:75) ~[junit-platform-engine-1.6.2.jar:1.6.2]
	at java.base/java.util.ArrayList.forEach(ArrayList.java:1511) ~[na:na]
	at org.junit.platform.engine.support.hierarchical.SameThreadHierarchicalTestExecutorService.invokeAll(SameThreadHierarchicalTestExecutorService.java:38) ~[junit-platform-engine-1.6.2.jar:1.6.2]
	at org.junit.platform.engine.support.hierarchical.NodeTestTask.lambda$executeRecursively$5(NodeTestTask.java:139) ~[junit-platform-engine-1.6.2.jar:1.6.2]
	at org.junit.platform.engine.support.hierarchical.ThrowableCollector.execute(ThrowableCollector.java:73) ~[junit-platform-engine-1.6.2.jar:1.6.2]
	at org.junit.platform.engine.support.hierarchical.NodeTestTask.lambda$executeRecursively$7(NodeTestTask.java:125) ~[junit-platform-engine-1.6.2.jar:1.6.2]
	at org.junit.platform.engine.support.hierarchical.Node.around(Node.java:135) ~[junit-platform-engine-1.6.2.jar:1.6.2]
	at org.junit.platform.engine.support.hierarchical.NodeTestTask.lambda$executeRecursively$8(NodeTestTask.java:123) ~[junit-platform-engine-1.6.2.jar:1.6.2]
	at org.junit.platform.engine.support.hierarchical.ThrowableCollector.execute(ThrowableCollector.java:73) ~[junit-platform-engine-1.6.2.jar:1.6.2]
	at org.junit.platform.engine.support.hierarchical.NodeTestTask.executeRecursively(NodeTestTask.java:122) ~[junit-platform-engine-1.6.2.jar:1.6.2]
	at org.junit.platform.engine.support.hierarchical.NodeTestTask.execute(NodeTestTask.java:80) ~[junit-platform-engine-1.6.2.jar:1.6.2]
	at java.base/java.util.ArrayList.forEach(ArrayList.java:1511) ~[na:na]
	at org.junit.platform.engine.support.hierarchical.SameThreadHierarchicalTestExecutorService.invokeAll(SameThreadHierarchicalTestExecutorService.java:38) ~[junit-platform-engine-1.6.2.jar:1.6.2]
	at org.junit.platform.engine.support.hierarchical.NodeTestTask.lambda$executeRecursively$5(NodeTestTask.java:139) ~[junit-platform-engine-1.6.2.jar:1.6.2]
	at org.junit.platform.engine.support.hierarchical.ThrowableCollector.execute(ThrowableCollector.java:73) ~[junit-platform-engine-1.6.2.jar:1.6.2]
	at org.junit.platform.engine.support.hierarchical.NodeTestTask.lambda$executeRecursively$7(NodeTestTask.java:125) ~[junit-platform-engine-1.6.2.jar:1.6.2]
	at org.junit.platform.engine.support.hierarchical.Node.around(Node.java:135) ~[junit-platform-engine-1.6.2.jar:1.6.2]
	at org.junit.platform.engine.support.hierarchical.NodeTestTask.lambda$executeRecursively$8(NodeTestTask.java:123) ~[junit-platform-engine-1.6.2.jar:1.6.2]
	at org.junit.platform.engine.support.hierarchical.ThrowableCollector.execute(ThrowableCollector.java:73) ~[junit-platform-engine-1.6.2.jar:1.6.2]
	at org.junit.platform.engine.support.hierarchical.NodeTestTask.executeRecursively(NodeTestTask.java:122) ~[junit-platform-engine-1.6.2.jar:1.6.2]
	at org.junit.platform.engine.support.hierarchical.NodeTestTask.execute(NodeTestTask.java:80) ~[junit-platform-engine-1.6.2.jar:1.6.2]
	at org.junit.platform.engine.support.hierarchical.SameThreadHierarchicalTestExecutorService.submit(SameThreadHierarchicalTestExecutorService.java:32) ~[junit-platform-engine-1.6.2.jar:1.6.2]
	at org.junit.platform.engine.support.hierarchical.HierarchicalTestExecutor.execute(HierarchicalTestExecutor.java:57) ~[junit-platform-engine-1.6.2.jar:1.6.2]
	at org.junit.platform.engine.support.hierarchical.HierarchicalTestEngine.execute(HierarchicalTestEngine.java:51) ~[junit-platform-engine-1.6.2.jar:1.6.2]
	at org.junit.platform.launcher.core.DefaultLauncher.execute(DefaultLauncher.java:248) ~[junit-platform-launcher-1.6.2.jar:1.6.2]
	at org.junit.platform.launcher.core.DefaultLauncher.lambda$execute$5(DefaultLauncher.java:211) ~[junit-platform-launcher-1.6.2.jar:1.6.2]
	at org.junit.platform.launcher.core.DefaultLauncher.withInterceptedStreams(DefaultLauncher.java:226) ~[junit-platform-launcher-1.6.2.jar:1.6.2]
	at org.junit.platform.launcher.core.DefaultLauncher.execute(DefaultLauncher.java:199) ~[junit-platform-launcher-1.6.2.jar:1.6.2]
	at org.junit.platform.launcher.core.DefaultLauncher.execute(DefaultLauncher.java:132) ~[junit-platform-launcher-1.6.2.jar:1.6.2]
	at com.intellij.junit5.JUnit5IdeaTestRunner.startRunnerWithArgs(JUnit5IdeaTestRunner.java:57) ~[junit5-rt.jar:na]
	at com.intellij.rt.junit.IdeaTestRunner$Repeater$1.execute(IdeaTestRunner.java:38) ~[junit-rt.jar:na]
	at com.intellij.rt.execution.junit.TestsRepeater.repeat(TestsRepeater.java:11) ~[idea_rt.jar:na]
	at com.intellij.rt.junit.IdeaTestRunner$Repeater.startRunnerWithArgs(IdeaTestRunner.java:35) ~[junit-rt.jar:na]
	at com.intellij.rt.junit.JUnitStarter.prepareStreamsAndStart(JUnitStarter.java:232) ~[junit-rt.jar:na]
	at com.intellij.rt.junit.JUnitStarter.main(JUnitStarter.java:55) ~[junit-rt.jar:na]
Caused by: org.springframework.beans.factory.UnsatisfiedDependencyException: Error creating bean with name 'org.springframework.boot.autoconfigure.orm.jpa.HibernateJpaConfiguration': Unsatisfied dependency expressed through constructor parameter 0; nested exception is org.springframework.beans.factory.BeanCreationException: Error creating bean with name 'dataSource' defined in class path resource [org/springframework/boot/autoconfigure/jdbc/DataSourceConfiguration$Hikari.class]: Bean instantiation via factory method failed; nested exception is org.springframework.beans.BeanInstantiationException: Failed to instantiate [com.zaxxer.hikari.HikariDataSource]: Factory method 'dataSource' threw exception; nested exception is java.lang.IllegalArgumentException: URL must start with 'jdbc'
	at org.springframework.beans.factory.support.ConstructorResolver.createArgumentArray(ConstructorResolver.java:798) ~[spring-beans-5.2.6.RELEASE.jar:5.2.6.RELEASE]
	at org.springframework.beans.factory.support.ConstructorResolver.autowireConstructor(ConstructorResolver.java:228) ~[spring-beans-5.2.6.RELEASE.jar:5.2.6.RELEASE]
	at org.springframework.beans.factory.support.AbstractAutowireCapableBeanFactory.autowireConstructor(AbstractAutowireCapableBeanFactory.java:1358) ~[spring-beans-5.2.6.RELEASE.jar:5.2.6.RELEASE]
	at org.springframework.beans.factory.support.AbstractAutowireCapableBeanFactory.createBeanInstance(AbstractAutowireCapableBeanFactory.java:1204) ~[spring-beans-5.2.6.RELEASE.jar:5.2.6.RELEASE]
	at org.springframework.beans.factory.support.AbstractAutowireCapableBeanFactory.doCreateBean(AbstractAutowireCapableBeanFactory.java:557) ~[spring-beans-5.2.6.RELEASE.jar:5.2.6.RELEASE]
	at org.springframework.beans.factory.support.AbstractAutowireCapableBeanFactory.createBean(AbstractAutowireCapableBeanFactory.java:517) ~[spring-beans-5.2.6.RELEASE.jar:5.2.6.RELEASE]
	at org.springframework.beans.factory.support.AbstractBeanFactory.lambda$doGetBean$0(AbstractBeanFactory.java:323) ~[spring-beans-5.2.6.RELEASE.jar:5.2.6.RELEASE]
	at org.springframework.beans.factory.support.DefaultSingletonBeanRegistry.getSingleton(DefaultSingletonBeanRegistry.java:226) ~[spring-beans-5.2.6.RELEASE.jar:5.2.6.RELEASE]
	at org.springframework.beans.factory.support.AbstractBeanFactory.doGetBean(AbstractBeanFactory.java:321) ~[spring-beans-5.2.6.RELEASE.jar:5.2.6.RELEASE]
	at org.springframework.beans.factory.support.AbstractBeanFactory.getBean(AbstractBeanFactory.java:202) ~[spring-beans-5.2.6.RELEASE.jar:5.2.6.RELEASE]
	at org.springframework.beans.factory.support.ConstructorResolver.instantiateUsingFactoryMethod(ConstructorResolver.java:409) ~[spring-beans-5.2.6.RELEASE.jar:5.2.6.RELEASE]
	at org.springframework.beans.factory.support.AbstractAutowireCapableBeanFactory.instantiateUsingFactoryMethod(AbstractAutowireCapableBeanFactory.java:1338) ~[spring-beans-5.2.6.RELEASE.jar:5.2.6.RELEASE]
	at org.springframework.beans.factory.support.AbstractAutowireCapableBeanFactory.createBeanInstance(AbstractAutowireCapableBeanFactory.java:1177) ~[spring-beans-5.2.6.RELEASE.jar:5.2.6.RELEASE]
	at org.springframework.beans.factory.support.AbstractAutowireCapableBeanFactory.doCreateBean(AbstractAutowireCapableBeanFactory.java:557) ~[spring-beans-5.2.6.RELEASE.jar:5.2.6.RELEASE]
	at org.springframework.beans.factory.support.AbstractAutowireCapableBeanFactory.createBean(AbstractAutowireCapableBeanFactory.java:517) ~[spring-beans-5.2.6.RELEASE.jar:5.2.6.RELEASE]
	at org.springframework.beans.factory.support.AbstractBeanFactory.lambda$doGetBean$0(AbstractBeanFactory.java:323) ~[spring-beans-5.2.6.RELEASE.jar:5.2.6.RELEASE]
	at org.springframework.beans.factory.support.DefaultSingletonBeanRegistry.getSingleton(DefaultSingletonBeanRegistry.java:226) ~[spring-beans-5.2.6.RELEASE.jar:5.2.6.RELEASE]
	at org.springframework.beans.factory.support.AbstractBeanFactory.doGetBean(AbstractBeanFactory.java:321) ~[spring-beans-5.2.6.RELEASE.jar:5.2.6.RELEASE]
	at org.springframework.beans.factory.support.AbstractBeanFactory.getBean(AbstractBeanFactory.java:202) ~[spring-beans-5.2.6.RELEASE.jar:5.2.6.RELEASE]
	at org.springframework.context.support.AbstractApplicationContext.getBean(AbstractApplicationContext.java:1108) ~[spring-context-5.2.6.RELEASE.jar:5.2.6.RELEASE]
	at org.springframework.context.support.AbstractApplicationContext.finishBeanFactoryInitialization(AbstractApplicationContext.java:868) ~[spring-context-5.2.6.RELEASE.jar:5.2.6.RELEASE]
	at org.springframework.context.support.AbstractApplicationContext.refresh(AbstractApplicationContext.java:550) ~[spring-context-5.2.6.RELEASE.jar:5.2.6.RELEASE]
	at org.springframework.boot.SpringApplication.refresh(SpringApplication.java:758) ~[spring-boot-2.3.0.RELEASE.jar:2.3.0.RELEASE]
	at org.springframework.boot.SpringApplication.refresh(SpringApplication.java:750) ~[spring-boot-2.3.0.RELEASE.jar:2.3.0.RELEASE]
	at org.springframework.boot.SpringApplication.refreshContext(SpringApplication.java:397) ~[spring-boot-2.3.0.RELEASE.jar:2.3.0.RELEASE]
	at org.springframework.boot.SpringApplication.run(SpringApplication.java:315) ~[spring-boot-2.3.0.RELEASE.jar:2.3.0.RELEASE]
	at org.springframework.boot.test.context.SpringBootContextLoader.loadContext(SpringBootContextLoader.java:120) ~[spring-boot-test-2.3.0.RELEASE.jar:2.3.0.RELEASE]
	at org.springframework.test.context.cache.DefaultCacheAwareContextLoaderDelegate.loadContextInternal(DefaultCacheAwareContextLoaderDelegate.java:99) ~[spring-test-5.2.6.RELEASE.jar:5.2.6.RELEASE]
	at org.springframework.test.context.cache.DefaultCacheAwareContextLoaderDelegate.loadContext(DefaultCacheAwareContextLoaderDelegate.java:124) ~[spring-test-5.2.6.RELEASE.jar:5.2.6.RELEASE]
	... 65 common frames omitted
Caused by: org.springframework.beans.factory.BeanCreationException: Error creating bean with name 'dataSource' defined in class path resource [org/springframework/boot/autoconfigure/jdbc/DataSourceConfiguration$Hikari.class]: Bean instantiation via factory method failed; nested exception is org.springframework.beans.BeanInstantiationException: Failed to instantiate [com.zaxxer.hikari.HikariDataSource]: Factory method 'dataSource' threw exception; nested exception is java.lang.IllegalArgumentException: URL must start with 'jdbc'
	at org.springframework.beans.factory.support.ConstructorResolver.instantiate(ConstructorResolver.java:656) ~[spring-beans-5.2.6.RELEASE.jar:5.2.6.RELEASE]
	at org.springframework.beans.factory.support.ConstructorResolver.instantiateUsingFactoryMethod(ConstructorResolver.java:636) ~[spring-beans-5.2.6.RELEASE.jar:5.2.6.RELEASE]
	at org.springframework.beans.factory.support.AbstractAutowireCapableBeanFactory.instantiateUsingFactoryMethod(AbstractAutowireCapableBeanFactory.java:1338) ~[spring-beans-5.2.6.RELEASE.jar:5.2.6.RELEASE]
	at org.springframework.beans.factory.support.AbstractAutowireCapableBeanFactory.createBeanInstance(AbstractAutowireCapableBeanFactory.java:1177) ~[spring-beans-5.2.6.RELEASE.jar:5.2.6.RELEASE]
	at org.springframework.beans.factory.support.AbstractAutowireCapableBeanFactory.doCreateBean(AbstractAutowireCapableBeanFactory.java:557) ~[spring-beans-5.2.6.RELEASE.jar:5.2.6.RELEASE]
	at org.springframework.beans.factory.support.AbstractAutowireCapableBeanFactory.createBean(AbstractAutowireCapableBeanFactory.java:517) ~[spring-beans-5.2.6.RELEASE.jar:5.2.6.RELEASE]
	at org.springframework.beans.factory.support.AbstractBeanFactory.lambda$doGetBean$0(AbstractBeanFactory.java:323) ~[spring-beans-5.2.6.RELEASE.jar:5.2.6.RELEASE]
	at org.springframework.beans.factory.support.DefaultSingletonBeanRegistry.getSingleton(DefaultSingletonBeanRegistry.java:226) ~[spring-beans-5.2.6.RELEASE.jar:5.2.6.RELEASE]
	at org.springframework.beans.factory.support.AbstractBeanFactory.doGetBean(AbstractBeanFactory.java:321) ~[spring-beans-5.2.6.RELEASE.jar:5.2.6.RELEASE]
	at org.springframework.beans.factory.support.AbstractBeanFactory.getBean(AbstractBeanFactory.java:202) ~[spring-beans-5.2.6.RELEASE.jar:5.2.6.RELEASE]
	at org.springframework.beans.factory.config.DependencyDescriptor.resolveCandidate(DependencyDescriptor.java:276) ~[spring-beans-5.2.6.RELEASE.jar:5.2.6.RELEASE]
	at org.springframework.beans.factory.support.DefaultListableBeanFactory.doResolveDependency(DefaultListableBeanFactory.java:1306) ~[spring-beans-5.2.6.RELEASE.jar:5.2.6.RELEASE]
	at org.springframework.beans.factory.support.DefaultListableBeanFactory.resolveDependency(DefaultListableBeanFactory.java:1226) ~[spring-beans-5.2.6.RELEASE.jar:5.2.6.RELEASE]
	at org.springframework.beans.factory.support.ConstructorResolver.resolveAutowiredArgument(ConstructorResolver.java:885) ~[spring-beans-5.2.6.RELEASE.jar:5.2.6.RELEASE]
	at org.springframework.beans.factory.support.ConstructorResolver.createArgumentArray(ConstructorResolver.java:789) ~[spring-beans-5.2.6.RELEASE.jar:5.2.6.RELEASE]
	... 93 common frames omitted
Caused by: org.springframework.beans.BeanInstantiationException: Failed to instantiate [com.zaxxer.hikari.HikariDataSource]: Factory method 'dataSource' threw exception; nested exception is java.lang.IllegalArgumentException: URL must start with 'jdbc'
	at org.springframework.beans.factory.support.SimpleInstantiationStrategy.instantiate(SimpleInstantiationStrategy.java:185) ~[spring-beans-5.2.6.RELEASE.jar:5.2.6.RELEASE]
	at org.springframework.beans.factory.support.ConstructorResolver.instantiate(ConstructorResolver.java:651) ~[spring-beans-5.2.6.RELEASE.jar:5.2.6.RELEASE]
	... 107 common frames omitted
Caused by: java.lang.IllegalArgumentException: URL must start with 'jdbc'
	at org.springframework.util.Assert.isTrue(Assert.java:118) ~[spring-core-5.2.6.RELEASE.jar:5.2.6.RELEASE]
	at org.springframework.boot.jdbc.DatabaseDriver.fromJdbcUrl(DatabaseDriver.java:283) ~[spring-boot-2.3.0.RELEASE.jar:2.3.0.RELEASE]
	at org.springframework.boot.autoconfigure.jdbc.DataSourceProperties.determineDriverClassName(DataSourceProperties.java:228) ~[spring-boot-autoconfigure-2.3.0.RELEASE.jar:2.3.0.RELEASE]
	at org.springframework.boot.autoconfigure.jdbc.DataSourceProperties.initializeDataSourceBuilder(DataSourceProperties.java:175) ~[spring-boot-autoconfigure-2.3.0.RELEASE.jar:2.3.0.RELEASE]
	at org.springframework.boot.autoconfigure.jdbc.DataSourceConfiguration.createDataSource(DataSourceConfiguration.java:43) ~[spring-boot-autoconfigure-2.3.0.RELEASE.jar:2.3.0.RELEASE]
	at org.springframework.boot.autoconfigure.jdbc.DataSourceConfiguration$Hikari.dataSource(DataSourceConfiguration.java:85) ~[spring-boot-autoconfigure-2.3.0.RELEASE.jar:2.3.0.RELEASE]
	at java.base/jdk.internal.reflect.NativeMethodAccessorImpl.invoke0(Native Method) ~[na:na]
	at java.base/jdk.internal.reflect.NativeMethodAccessorImpl.invoke(NativeMethodAccessorImpl.java:77) ~[na:na]
	at java.base/jdk.internal.reflect.DelegatingMethodAccessorImpl.invoke(DelegatingMethodAccessorImpl.java:43) ~[na:na]
	at java.base/java.lang.reflect.Method.invoke(Method.java:569) ~[na:na]
	at org.springframework.beans.factory.support.SimpleInstantiationStrategy.instantiate(SimpleInstantiationStrategy.java:154) ~[spring-beans-5.2.6.RELEASE.jar:5.2.6.RELEASE]
	... 108 common frames omitted

2025-09-11 21:53:21.530  INFO 11457 --- [main] ingBootSecurityThymeleafApplicationTests : Starting RegistrationLoginSpringBootSecurityThymeleafApplicationTests on Jatins-MacBook-Air.local with PID 11457 (started by jatinyadav in /Users/jatinyadav/Desktop/Booking-system)
2025-09-11 21:53:21.531  INFO 11457 --- [main] ingBootSecurityThymeleafApplicationTests : No active profile set, falling back to default profiles: default
2025-09-11 21:53:21.817  INFO 11457 --- [main] .s.d.r.c.RepositoryConfigurationDelegate : Bootstrapping Spring Data JPA repositories in DEFERRED mode.
2025-09-11 21:53:21.847  INFO 11457 --- [main] .s.d.r.c.RepositoryConfigurationDelegate : Finished Spring Data repository scanning in 27ms. Found 5 JPA repository interfaces.
2025-09-11 21:53:22.064  INFO 11457 --- [main] o.s.s.concurrent.ThreadPoolTaskExecutor  : Initializing ExecutorService 'applicationTaskExecutor'
2025-09-11 21:53:22.085  INFO 11457 --- [task-1] o.hibernate.jpa.internal.util.LogHelper  : HHH000204: Processing PersistenceUnitInfo [name: default]
2025-09-11 21:53:22.108  INFO 11457 --- [task-1] org.hibernate.Version                    : HHH000412: Hibernate ORM core version 5.4.15.Final
2025-09-11 21:53:22.109  WARN 11457 --- [main] JpaBaseConfiguration$JpaWebConfiguration : spring.jpa.open-in-view is enabled by default. Therefore, database queries may be performed during view rendering. Explicitly configure spring.jpa.open-in-view to disable this warning
2025-09-11 21:53:22.166  INFO 11457 --- [task-1] o.hibernate.annotations.common.Version   : HCANN000001: Hibernate Commons Annotations {5.1.0.Final}
2025-09-11 21:53:22.184 DEBUG 11457 --- [task-1] org.hibernate.type.BasicTypeRegistry     : Adding type registration boolean -> org.hibernate.type.BooleanType@46baad43
2025-09-11 21:53:22.184 DEBUG 11457 --- [task-1] org.hibernate.type.BasicTypeRegistry     : Adding type registration boolean -> org.hibernate.type.BooleanType@46baad43
2025-09-11 21:53:22.184 DEBUG 11457 --- [task-1] org.hibernate.type.BasicTypeRegistry     : Adding type registration java.lang.Boolean -> org.hibernate.type.BooleanType@46baad43
2025-09-11 21:53:22.184 DEBUG 11457 --- [task-1] org.hibernate.type.BasicTypeRegistry     : Adding type registration numeric_boolean -> org.hibernate.type.NumericBooleanType@43321f48
2025-09-11 21:53:22.184 DEBUG 11457 --- [task-1] org.hibernate.type.BasicTypeRegistry     : Adding type registration true_false -> org.hibernate.type.TrueFalseType@5cdb2c2e
2025-09-11 21:53:22.184 DEBUG 11457 --- [task-1] org.hibernate.type.BasicTypeRegistry     : Adding type registration yes_no -> org.hibernate.type.YesNoType@19086639
2025-09-11 21:53:22.184 DEBUG 11457 --- [task-1] org.hibernate.type.BasicTypeRegistry     : Adding type registration byte -> org.hibernate.type.ByteType@8991d75
2025-09-11 21:53:22.184 DEBUG 11457 --- [task-1] org.hibernate.type.BasicTypeRegistry     : Adding type registration byte -> org.hibernate.type.ByteType@8991d75
2025-09-11 21:53:22.185 DEBUG 11457 --- [task-1] org.hibernate.type.BasicTypeRegistry     : Adding type registration java.lang.Byte -> org.hibernate.type.ByteType@8991d75
2025-09-11 21:53:22.185 DEBUG 11457 --- [task-1] org.hibernate.type.BasicTypeRegistry     : Adding type registration character -> org.hibernate.type.CharacterType@3ddc88d8
2025-09-11 21:53:22.185 DEBUG 11457 --- [task-1] org.hibernate.type.BasicTypeRegistry     : Adding type registration char -> org.hibernate.type.CharacterType@3ddc88d8
2025-09-11 21:53:22.185 DEBUG 11457 --- [task-1] org.hibernate.type.BasicTypeRegistry     : Adding type registration java.lang.Character -> org.hibernate.type.CharacterType@3ddc88d8
2025-09-11 21:53:22.185 DEBUG 11457 --- [task-1] org.hibernate.type.BasicTypeRegistry     : Adding type registration short -> org.hibernate.type.ShortType@323c6613
2025-09-11 21:53:22.185 DEBUG 11457 --- [task-1] org.hibernate.type.BasicTypeRegistry     : Adding type registration short -> org.hibernate.type.ShortType@323c6613
2025-09-11 21:53:22.185 DEBUG 11457 --- [task-1] org.hibernate.type.BasicTypeRegistry     : Adding type registration java.lang.Short -> org.hibernate.type.ShortType@323c6613
2025-09-11 21:53:22.186 DEBUG 11457 --- [task-1] org.hibernate.type.BasicTypeRegistry     : Adding type registration integer -> org.hibernate.type.IntegerType@5c1fee7e
2025-09-11 21:53:22.186 DEBUG 11457 --- [task-1] org.hibernate.type.BasicTypeRegistry     : Adding type registration int -> org.hibernate.type.IntegerType@5c1fee7e
2025-09-11 21:53:22.186 DEBUG 11457 --- [task-1] org.hibernate.type.BasicTypeRegistry     : Adding type registration java.lang.Integer -> org.hibernate.type.IntegerType@5c1fee7e
2025-09-11 21:53:22.186 DEBUG 11457 --- [task-1] org.hibernate.type.BasicTypeRegistry     : Adding type registration long -> org.hibernate.type.LongType@20ce758d
2025-09-11 21:53:22.186 DEBUG 11457 --- [task-1] org.hibernate.type.BasicTypeRegistry     : Adding type registration long -> org.hibernate.type.LongType@20ce758d
2025-09-11 21:53:22.186 DEBUG 11457 --- [task-1] org.hibernate.type.BasicTypeRegistry     : Adding type registration java.lang.Long -> org.hibernate.type.LongType@20ce758d
2025-09-11 21:53:22.187 DEBUG 11457 --- [task-1] org.hibernate.type.BasicTypeRegistry     : Adding type registration float -> org.hibernate.type.FloatType@3d385552
2025-09-11 21:53:22.187 DEBUG 11457 --- [task-1] org.hibernate.type.BasicTypeRegistry     : Adding type registration float -> org.hibernate.type.FloatType@3d385552
2025-09-11 21:53:22.187 DEBUG 11457 --- [task-1] org.hibernate.type.BasicTypeRegistry     : Adding type registration java.lang.Float -> org.hibernate.type.FloatType@3d385552
2025-09-11 21:53:22.187 DEBUG 11457 --- [task-1] org.hibernate.type.BasicTypeRegistry     : Adding type registration double -> org.hibernate.type.DoubleType@2c24c605
2025-09-11 21:53:22.187 DEBUG 11457 --- [task-1] org.hibernate.type.BasicTypeRegistry     : Adding type registration double -> org.hibernate.type.DoubleType@2c24c605
2025-09-11 21:53:22.187 DEBUG 11457 --- [task-1] org.hibernate.type.BasicTypeRegistry     : Adding type registration java.lang.Double -> org.hibernate.type.DoubleType@2c24c605
2025-09-11 21:53:22.187 DEBUG 11457 --- [task-1] org.hibernate.type.BasicTypeRegistry     : Adding type registration big_decimal -> org.hibernate.type.BigDecimalType@695db978
2025-09-11 21:53:22.188 DEBUG 11457 --- [task-1] org.hibernate.type.BasicTypeRegistry     : Adding type registration java.math.BigDecimal -> org.hibernate.type.BigDecimalType@695db978
2025-09-11 21:53:22.188 DEBUG 11457 --- [task-1] org.hibernate.type.BasicTypeRegistry     : Adding type registration big_integer -> org.hibernate.type.BigIntegerType@19ad0c7b
2025-09-11 21:53:22.188 DEBUG 11457 --- [task-1] org.hibernate.type.BasicTypeRegistry     : Adding type registration java.math.BigInteger -> org.hibernate.type.BigIntegerType@19ad0c7b
2025-09-11 21:53:22.188 DEBUG 11457 --- [task-1] org.hibernate.type.BasicTypeRegistry     : Adding type registration string -> org.hibernate.type.StringType@66e4410b
2025-09-11 21:53:22.188 DEBUG 11457 --- [task-1] org.hibernate.type.BasicTypeRegistry     : Adding type registration java.lang.String -> org.hibernate.type.StringType@66e4410b
2025-09-11 21:53:22.188 DEBUG 11457 --- [task-1] org.hibernate.type.BasicTypeRegistry     : Adding type registration nstring -> org.hibernate.type.StringNVarcharType@4ad90ea8
2025-09-11 21:53:22.188 DEBUG 11457 --- [task-1] org.hibernate.type.BasicTypeRegistry     : Adding type registration ncharacter -> org.hibernate.type.CharacterNCharType@7ed24aff
2025-09-11 21:53:22.189 DEBUG 11457 --- [task-1] org.hibernate.type.BasicTypeRegistry     : Adding type registration url -> org.hibernate.type.UrlType@57ecf48e
2025-09-11 21:53:22.189 DEBUG 11457 --- [task-1] org.hibernate.type.BasicTypeRegistry     : Adding type registration java.net.URL -> org.hibernate.type.UrlType@57ecf48e
2025-09-11 21:53:22.189 DEBUG 11457 --- [task-1] org.hibernate.type.BasicTypeRegistry     : Adding type registration Duration -> org.hibernate.type.DurationType@877312e
2025-09-11 21:53:22.189 DEBUG 11457 --- [task-1] org.hibernate.type.BasicTypeRegistry     : Adding type registration java.time.Duration -> org.hibernate.type.DurationType@877312e
2025-09-11 21:53:22.189 DEBUG 11457 --- [task-1] org.hibernate.type.BasicTypeRegistry     : Adding type registration Instant -> org.hibernate.type.InstantType@5b00ce87
2025-09-11 21:53:22.189 DEBUG 11457 --- [task-1] org.hibernate.type.BasicTypeRegistry     : Adding type registration java.time.Instant -> org.hibernate.type.InstantType@5b00ce87
2025-09-11 21:53:22.190 DEBUG 11457 --- [task-1] org.hibernate.type.BasicTypeRegistry     : Adding type registration LocalDateTime -> org.hibernate.type.LocalDateTimeType@193a5638
2025-09-11 21:53:22.190 DEBUG 11457 --- [task-1] org.hibernate.type.BasicTypeRegistry     : Adding type registration java.time.LocalDateTime -> org.hibernate.type.LocalDateTimeType@193a5638
2025-09-11 21:53:22.190 DEBUG 11457 --- [task-1] org.hibernate.type.BasicTypeRegistry     : Adding type registration LocalDate -> org.hibernate.type.LocalDateType@67857055
2025-09-11 21:53:22.190 DEBUG 11457 --- [task-1] org.hibernate.type.BasicTypeRegistry     : Adding type registration java.time.LocalDate -> org.hibernate.type.LocalDateType@67857055
2025-09-11 21:53:22.190 DEBUG 11457 --- [task-1] org.hibernate.type.BasicTypeRegistry     : Adding type registration LocalTime -> org.hibernate.type.LocalTimeType@2065454c
2025-09-11 21:53:22.190 DEBUG 11457 --- [task-1] org.hibernate.type.BasicTypeRegistry     : Adding type registration java.time.LocalTime -> org.hibernate.type.LocalTimeType@2065454c
2025-09-11 21:53:22.191 DEBUG 11457 --- [task-1] org.hibernate.type.BasicTypeRegistry     : Adding type registration OffsetDateTime -> org.hibernate.type.OffsetDateTimeType@d43fec3
2025-09-11 21:53:22.191 DEBUG 11457 --- [task-1] org.hibernate.type.BasicTypeRegistry     : Adding type registration java.time.OffsetDateTime -> org.hibernate.type.OffsetDateTimeType@d43fec3
2025-09-11 21:53:22.191 DEBUG 11457 --- [task-1] org.hibernate.type.BasicTypeRegistry     : Adding type registration OffsetTime -> org.hibernate.type.OffsetTimeType@5c0d120c
2025-09-11 21:53:22.191 DEBUG 11457 --- [task-1] org.hibernate.type.BasicTypeRegistry     : Adding type registration java.time.OffsetTime -> org.hibernate.type.OffsetTimeType@5c0d120c
2025-09-11 21:53:22.192 DEBUG 11457 --- [task-1] org.hibernate.type.BasicTypeRegistry     : Adding type registration ZonedDateTime -> org.hibernate.type.ZonedDateTimeType@2dcd7dad
2025-09-11 21:53:22.192 DEBUG 11457 --- [task-1] org.hibernate.type.BasicTypeRegistry     : Adding type registration java.time.ZonedDateTime -> org.hibernate.type.ZonedDateTimeType@2dcd7dad
2025-09-11 21:53:22.192 DEBUG 11457 --- [task-1] org.hibernate.type.BasicTypeRegistry     : Adding type registration date -> org.hibernate.type.DateType@a016d44
2025-09-11 21:53:22.192 DEBUG 11457 --- [task-1] org.hibernate.type.BasicTypeRegistry     : Adding type registration java.sql.Date -> org.hibernate.type.DateType@a016d44
2025-09-11 21:53:22.192 DEBUG 11457 --- [task-1] org.hibernate.type.BasicTypeRegistry     : Adding type registration time -> org.hibernate.type.TimeType@cb59f53
2025-09-11 21:53:22.192 DEBUG 11457 --- [task-1] org.hibernate.type.BasicTypeRegistry     : Adding type registration java.sql.Time -> org.hibernate.type.TimeType@cb59f53
2025-09-11 21:53:22.192 DEBUG 11457 --- [task-1] org.hibernate.type.BasicTypeRegistry     : Adding type registration timestamp -> org.hibernate.type.TimestampType@1497f992
2025-09-11 21:53:22.193 DEBUG 11457 --- [task-1] org.hibernate.type.BasicTypeRegistry     : Adding type registration java.sql.Timestamp -> org.hibernate.type.TimestampType@1497f992
2025-09-11 21:53:22.193 DEBUG 11457 --- [task-1] org.hibernate.type.BasicTypeRegistry     : Adding type registration java.util.Date -> org.hibernate.type.TimestampType@1497f992
2025-09-11 21:53:22.193 DEBUG 11457 --- [task-1] org.hibernate.type.BasicTypeRegistry     : Adding type registration dbtimestamp -> org.hibernate.type.DbTimestampType@1c360486
2025-09-11 21:53:22.193 DEBUG 11457 --- [task-1] org.hibernate.type.BasicTypeRegistry     : Adding type registration calendar -> org.hibernate.type.CalendarType@5bcb69d1
2025-09-11 21:53:22.193 DEBUG 11457 --- [task-1] org.hibernate.type.BasicTypeRegistry     : Adding type registration java.util.Calendar -> org.hibernate.type.CalendarType@5bcb69d1
2025-09-11 21:53:22.193 DEBUG 11457 --- [task-1] org.hibernate.type.BasicTypeRegistry     : Adding type registration java.util.GregorianCalendar -> org.hibernate.type.CalendarType@5bcb69d1
2025-09-11 21:53:22.193 DEBUG 11457 --- [task-1] org.hibernate.type.BasicTypeRegistry     : Adding type registration calendar_date -> org.hibernate.type.CalendarDateType@554192f2
2025-09-11 21:53:22.194 DEBUG 11457 --- [task-1] org.hibernate.type.BasicTypeRegistry     : Adding type registration calendar_time -> org.hibernate.type.CalendarTimeType@4a26e5f0
2025-09-11 21:53:22.194 DEBUG 11457 --- [task-1] org.hibernate.type.BasicTypeRegistry     : Adding type registration locale -> org.hibernate.type.LocaleType@7b4aa10
2025-09-11 21:53:22.194 DEBUG 11457 --- [task-1] org.hibernate.type.BasicTypeRegistry     : Adding type registration java.util.Locale -> org.hibernate.type.LocaleType@7b4aa10
2025-09-11 21:53:22.194 DEBUG 11457 --- [task-1] org.hibernate.type.BasicTypeRegistry     : Adding type registration currency -> org.hibernate.type.CurrencyType@5ef27869
2025-09-11 21:53:22.194 DEBUG 11457 --- [task-1] org.hibernate.type.BasicTypeRegistry     : Adding type registration java.util.Currency -> org.hibernate.type.CurrencyType@5ef27869
2025-09-11 21:53:22.194 DEBUG 11457 --- [task-1] org.hibernate.type.BasicTypeRegistry     : Adding type registration timezone -> org.hibernate.type.TimeZoneType@3ccca07a
2025-09-11 21:53:22.194 DEBUG 11457 --- [task-1] org.hibernate.type.BasicTypeRegistry     : Adding type registration java.util.TimeZone -> org.hibernate.type.TimeZoneType@3ccca07a
2025-09-11 21:53:22.194 DEBUG 11457 --- [task-1] org.hibernate.type.BasicTypeRegistry     : Adding type registration class -> org.hibernate.type.ClassType@7baa975d
2025-09-11 21:53:22.194 DEBUG 11457 --- [task-1] org.hibernate.type.BasicTypeRegistry     : Adding type registration java.lang.Class -> org.hibernate.type.ClassType@7baa975d
2025-09-11 21:53:22.195 DEBUG 11457 --- [task-1] org.hibernate.type.BasicTypeRegistry     : Adding type registration uuid-binary -> org.hibernate.type.UUIDBinaryType@23767f4f
2025-09-11 21:53:22.195 DEBUG 11457 --- [task-1] org.hibernate.type.BasicTypeRegistry     : Adding type registration java.util.UUID -> org.hibernate.type.UUIDBinaryType@23767f4f
2025-09-11 21:53:22.195 DEBUG 11457 --- [task-1] org.hibernate.type.BasicTypeRegistry     : Adding type registration uuid-char -> org.hibernate.type.UUIDCharType@24781601
2025-09-11 21:53:22.195 DEBUG 11457 --- [task-1] org.hibernate.type.BasicTypeRegistry     : Adding type registration binary -> org.hibernate.type.BinaryType@d1dbeec
2025-09-11 21:53:22.195 DEBUG 11457 --- [task-1] org.hibernate.type.BasicTypeRegistry     : Adding type registration byte[] -> org.hibernate.type.BinaryType@d1dbeec
2025-09-11 21:53:22.195 DEBUG 11457 --- [task-1] org.hibernate.type.BasicTypeRegistry     : Adding type registration [B -> org.hibernate.type.BinaryType@d1dbeec
2025-09-11 21:53:22.195 DEBUG 11457 --- [task-1] org.hibernate.type.BasicTypeRegistry     : Adding type registration wrapper-binary -> org.hibernate.type.WrapperBinaryType@472d0348
2025-09-11 21:53:22.195 DEBUG 11457 --- [task-1] org.hibernate.type.BasicTypeRegistry     : Adding type registration Byte[] -> org.hibernate.type.WrapperBinaryType@472d0348
2025-09-11 21:53:22.195 DEBUG 11457 --- [task-1] org.hibernate.type.BasicTypeRegistry     : Adding type registration [Ljava.lang.Byte; -> org.hibernate.type.WrapperBinaryType@472d0348
2025-09-11 21:53:22.196 DEBUG 11457 --- [task-1] org.hibernate.type.BasicTypeRegistry     : Adding type registration row_version -> org.hibernate.type.RowVersionType@142a9f00
2025-09-11 21:53:22.196 DEBUG 11457 --- [task-1] org.hibernate.type.BasicTypeRegistry     : Adding type registration image -> org.hibernate.type.ImageType@14fdc4a8
2025-09-11 21:53:22.196 DEBUG 11457 --- [task-1] org.hibernate.type.BasicTypeRegistry     : Adding type registration characters -> org.hibernate.type.CharArrayType@67cfa6c4
2025-09-11 21:53:22.196 DEBUG 11457 --- [task-1] org.hibernate.type.BasicTypeRegistry     : Adding type registration char[] -> org.hibernate.type.CharArrayType@67cfa6c4
2025-09-11 21:53:22.196 DEBUG 11457 --- [task-1] org.hibernate.type.BasicTypeRegistry     : Adding type registration [C -> org.hibernate.type.CharArrayType@67cfa6c4
2025-09-11 21:53:22.196 DEBUG 11457 --- [task-1] org.hibernate.type.BasicTypeRegistry     : Adding type registration wrapper-characters -> org.hibernate.type.CharacterArrayType@7b289662
2025-09-11 21:53:22.196 DEBUG 11457 --- [task-1] org.hibernate.type.BasicTypeRegistry     : Adding type registration [Ljava.lang.Character; -> org.hibernate.type.CharacterArrayType@7b289662
2025-09-11 21:53:22.197 DEBUG 11457 --- [task-1] org.hibernate.type.BasicTypeRegistry     : Adding type registration Character[] -> org.hibernate.type.CharacterArrayType@7b289662
2025-09-11 21:53:22.197 DEBUG 11457 --- [task-1] org.hibernate.type.BasicTypeRegistry     : Adding type registration text -> org.hibernate.type.TextType@632b37d8
2025-09-11 21:53:22.197 DEBUG 11457 --- [task-1] org.hibernate.type.BasicTypeRegistry     : Adding type registration ntext -> org.hibernate.type.NTextType@7cb83a4b
2025-09-11 21:53:22.197 DEBUG 11457 --- [task-1] org.hibernate.type.BasicTypeRegistry     : Adding type registration blob -> org.hibernate.type.BlobType@9e5ef11
2025-09-11 21:53:22.197 DEBUG 11457 --- [task-1] org.hibernate.type.BasicTypeRegistry     : Adding type registration java.sql.Blob -> org.hibernate.type.BlobType@9e5ef11
2025-09-11 21:53:22.197 DEBUG 11457 --- [task-1] org.hibernate.type.BasicTypeRegistry     : Adding type registration materialized_blob -> org.hibernate.type.MaterializedBlobType@502e2ad3
2025-09-11 21:53:22.197 DEBUG 11457 --- [task-1] org.hibernate.type.BasicTypeRegistry     : Adding type registration clob -> org.hibernate.type.ClobType@1b634554
2025-09-11 21:53:22.198 DEBUG 11457 --- [task-1] org.hibernate.type.BasicTypeRegistry     : Adding type registration java.sql.Clob -> org.hibernate.type.ClobType@1b634554
2025-09-11 21:53:22.198 DEBUG 11457 --- [task-1] org.hibernate.type.BasicTypeRegistry     : Adding type registration nclob -> org.hibernate.type.NClobType@59786aee
2025-09-11 21:53:22.198 DEBUG 11457 --- [task-1] org.hibernate.type.BasicTypeRegistry     : Adding type registration java.sql.NClob -> org.hibernate.type.NClobType@59786aee
2025-09-11 21:53:22.198 DEBUG 11457 --- [task-1] org.hibernate.type.BasicTypeRegistry     : Adding type registration materialized_clob -> org.hibernate.type.MaterializedClobType@536b969e
2025-09-11 21:53:22.198 DEBUG 11457 --- [task-1] org.hibernate.type.BasicTypeRegistry     : Adding type registration materialized_nclob -> org.hibernate.type.MaterializedNClobType@222b4e5e
2025-09-11 21:53:22.198 DEBUG 11457 --- [task-1] org.hibernate.type.BasicTypeRegistry     : Adding type registration serializable -> org.hibernate.type.SerializableType@3ac6e669
2025-09-11 21:53:22.199 DEBUG 11457 --- [task-1] org.hibernate.type.BasicTypeRegistry     : Adding type registration object -> org.hibernate.type.ObjectType@3408b74e
2025-09-11 21:53:22.199 DEBUG 11457 --- [task-1] org.hibernate.type.BasicTypeRegistry     : Adding type registration java.lang.Object -> org.hibernate.type.ObjectType@3408b74e
2025-09-11 21:53:22.199 DEBUG 11457 --- [task-1] org.hibernate.type.BasicTypeRegistry     : Adding type registration imm_date -> org.hibernate.type.AdaptedImmutableType@77215315
2025-09-11 21:53:22.199 DEBUG 11457 --- [task-1] org.hibernate.type.BasicTypeRegistry     : Adding type registration imm_time -> org.hibernate.type.AdaptedImmutableType@74a66af6
2025-09-11 21:53:22.199 DEBUG 11457 --- [task-1] org.hibernate.type.BasicTypeRegistry     : Adding type registration imm_timestamp -> org.hibernate.type.AdaptedImmutableType@933daef
2025-09-11 21:53:22.200 DEBUG 11457 --- [task-1] org.hibernate.type.BasicTypeRegistry     : Adding type registration imm_dbtimestamp -> org.hibernate.type.AdaptedImmutableType@1ef4bdbf
2025-09-11 21:53:22.200 DEBUG 11457 --- [task-1] org.hibernate.type.BasicTypeRegistry     : Adding type registration imm_calendar -> org.hibernate.type.AdaptedImmutableType@63b0ec8f
2025-09-11 21:53:22.200 DEBUG 11457 --- [task-1] org.hibernate.type.BasicTypeRegistry     : Adding type registration imm_calendar_date -> org.hibernate.type.AdaptedImmutableType@2486cbd5
2025-09-11 21:53:22.200 DEBUG 11457 --- [task-1] org.hibernate.type.BasicTypeRegistry     : Adding type registration imm_binary -> org.hibernate.type.AdaptedImmutableType@33f59908
2025-09-11 21:53:22.200 DEBUG 11457 --- [task-1] org.hibernate.type.BasicTypeRegistry     : Adding type registration imm_serializable -> org.hibernate.type.AdaptedImmutableType@8d7c38c
2025-09-11 21:53:22.224  INFO 11457 --- [task-1] com.zaxxer.hikari.HikariDataSource       : HikariPool-1 - Starting...
2025-09-11 21:53:22.243  INFO 11457 --- [main] o.s.s.web.DefaultSecurityFilterChain     : Creating filter chain: any request, [org.springframework.security.web.context.request.async.WebAsyncManagerIntegrationFilter@2785db06, org.springframework.security.web.context.SecurityContextPersistenceFilter@4d7a64ca, org.springframework.security.web.header.HeaderWriterFilter@3d620a1, org.springframework.security.web.csrf.CsrfFilter@2a02e34b, org.springframework.security.web.authentication.logout.LogoutFilter@373e6b9d, org.springframework.security.web.authentication.UsernamePasswordAuthenticationFilter@750f64fe, org.springframework.security.web.savedrequest.RequestCacheAwareFilter@3635099, org.springframework.security.web.servletapi.SecurityContextHolderAwareRequestFilter@6adc5b9c, org.springframework.security.web.authentication.AnonymousAuthenticationFilter@79980d8d, org.springframework.security.web.session.SessionManagementFilter@3a479fda, org.springframework.security.web.access.ExceptionTranslationFilter@14447be, org.springframework.security.web.access.intercept.FilterSecurityInterceptor@65514add]
2025-09-11 21:53:22.439  INFO 11457 --- [task-1] com.zaxxer.hikari.HikariDataSource       : HikariPool-1 - Start completed.
2025-09-11 21:53:22.446  INFO 11457 --- [task-1] org.hibernate.dialect.Dialect            : HHH000400: Using dialect: org.hibernate.dialect.MySQL5InnoDBDialect
2025-09-11 21:53:22.475 DEBUG 11457 --- [task-1] o.h.type.spi.TypeConfiguration$Scope     : Scoping TypeConfiguration [org.hibernate.type.spi.TypeConfiguration@454cfd1d] to MetadataBuildingContext [org.hibernate.boot.internal.MetadataBuildingContextRootImpl@7a37c5f5]
2025-09-11 21:53:22.532 DEBUG 11457 --- [task-1] org.hibernate.type.EnumType              : Using NAMED-based conversion for Enum net.javaguides.springboot.model.BookingStatus
2025-09-11 21:53:22.533 DEBUG 11457 --- [task-1] org.hibernate.type.EnumType              : Using NAMED-based conversion for Enum net.javaguides.springboot.model.RoleName
2025-09-11 21:53:22.533 DEBUG 11457 --- [task-1] org.hibernate.type.EnumType              : Using NAMED-based conversion for Enum net.javaguides.springboot.model.ScheduleStatus
2025-09-11 21:53:22.547 DEBUG 11457 --- [task-1] org.hibernate.type.EnumType              : Using NAMED-based conversion for Enum net.javaguides.springboot.model.BookingStatus
2025-09-11 21:53:22.547 DEBUG 11457 --- [task-1] org.hibernate.type.EnumType              : Using NAMED-based conversion for Enum net.javaguides.springboot.model.RoleName
2025-09-11 21:53:22.547 DEBUG 11457 --- [task-1] org.hibernate.type.EnumType              : Using NAMED-based conversion for Enum net.javaguides.springboot.model.ScheduleStatus
2025-09-11 21:53:22.576 DEBUG 11457 --- [task-1] o.h.type.spi.TypeConfiguration$Scope     : Scoping TypeConfiguration [org.hibernate.type.spi.TypeConfiguration@454cfd1d] to SessionFactoryImpl [org.hibernate.internal.SessionFactoryImpl@17259e45]
2025-09-11 21:53:22.591 DEBUG 11457 --- [task-1] org.hibernate.type.EnumType              : Using NAMED-based conversion for Enum net.javaguides.springboot.model.BookingStatus
2025-09-11 21:53:22.591 DEBUG 11457 --- [task-1] org.hibernate.type.EnumType              : Using NAMED-based conversion for Enum net.javaguides.springboot.model.BookingStatus
2025-09-11 21:53:22.653 DEBUG 11457 --- [task-1] org.hibernate.type.EnumType              : Using NAMED-based conversion for Enum net.javaguides.springboot.model.BookingStatus
2025-09-11 21:53:22.653 DEBUG 11457 --- [task-1] org.hibernate.type.EnumType              : Using NAMED-based conversion for Enum net.javaguides.springboot.model.BookingStatus
2025-09-11 21:53:22.657 DEBUG 11457 --- [task-1] org.hibernate.type.EnumType              : Using NAMED-based conversion for Enum net.javaguides.springboot.model.RoleName
2025-09-11 21:53:22.657 DEBUG 11457 --- [task-1] org.hibernate.type.EnumType              : Using NAMED-based conversion for Enum net.javaguides.springboot.model.RoleName
2025-09-11 21:53:22.661 DEBUG 11457 --- [task-1] org.hibernate.type.EnumType              : Using NAMED-based conversion for Enum net.javaguides.springboot.model.RoleName
2025-09-11 21:53:22.661 DEBUG 11457 --- [task-1] org.hibernate.type.EnumType              : Using NAMED-based conversion for Enum net.javaguides.springboot.model.RoleName
2025-09-11 21:53:22.661 DEBUG 11457 --- [task-1] org.hibernate.type.EnumType              : Using NAMED-based conversion for Enum net.javaguides.springboot.model.ScheduleStatus
2025-09-11 21:53:22.661 DEBUG 11457 --- [task-1] org.hibernate.type.EnumType              : Using NAMED-based conversion for Enum net.javaguides.springboot.model.ScheduleStatus
2025-09-11 21:53:22.666 DEBUG 11457 --- [task-1] org.hibernate.type.EnumType              : Using NAMED-based conversion for Enum net.javaguides.springboot.model.ScheduleStatus
2025-09-11 21:53:22.666 DEBUG 11457 --- [task-1] org.hibernate.type.EnumType              : Using NAMED-based conversion for Enum net.javaguides.springboot.model.ScheduleStatus
2025-09-11 21:53:22.713 DEBUG 11457 --- [task-1] org.hibernate.type.EnumType              : Using NAMED-based conversion for Enum net.javaguides.springboot.model.BookingStatus
2025-09-11 21:53:22.713 DEBUG 11457 --- [task-1] org.hibernate.type.EnumType              : Using NAMED-based conversion for Enum net.javaguides.springboot.model.BookingStatus
2025-09-11 21:53:22.714 DEBUG 11457 --- [task-1] org.hibernate.type.EnumType              : Using NAMED-based conversion for Enum net.javaguides.springboot.model.RoleName
2025-09-11 21:53:22.714 DEBUG 11457 --- [task-1] org.hibernate.type.EnumType              : Using NAMED-based conversion for Enum net.javaguides.springboot.model.RoleName
2025-09-11 21:53:22.714 DEBUG 11457 --- [task-1] org.hibernate.type.EnumType              : Using NAMED-based conversion for Enum net.javaguides.springboot.model.ScheduleStatus
2025-09-11 21:53:22.714 DEBUG 11457 --- [task-1] org.hibernate.type.EnumType              : Using NAMED-based conversion for Enum net.javaguides.springboot.model.ScheduleStatus
2025-09-11 21:53:22.797  INFO 11457 --- [task-1] o.h.e.t.j.p.i.JtaPlatformInitiator       : HHH000490: Using JtaPlatform implementation: [org.hibernate.engine.transaction.jta.platform.internal.NoJtaPlatform]
2025-09-11 21:53:22.799 TRACE 11457 --- [task-1] o.h.type.spi.TypeConfiguration$Scope     : Handling #sessionFactoryCreated from [org.hibernate.internal.SessionFactoryImpl@17259e45] for TypeConfiguration
2025-09-11 21:53:22.799  INFO 11457 --- [task-1] j.LocalContainerEntityManagerFactoryBean : Initialized JPA EntityManagerFactory for persistence unit 'default'
2025-09-11 21:53:22.959  INFO 11457 --- [main] o.s.b.a.w.s.WelcomePageHandlerMapping    : Adding welcome page template: index
2025-09-11 21:53:23.037  INFO 11457 --- [main] DeferredRepositoryInitializationListener : Triggering deferred initialization of Spring Data repositories…
2025-09-11 21:53:23.163  INFO 11457 --- [main] DeferredRepositoryInitializationListener : Spring Data repositories initialized!
2025-09-11 21:53:23.168  INFO 11457 --- [main] ingBootSecurityThymeleafApplicationTests : Started RegistrationLoginSpringBootSecurityThymeleafApplicationTests in 1.793 seconds (JVM running for 2.217)
2025-09-11 21:53:23.229 DEBUG 11457 --- [main] org.hibernate.SQL                        : select schedule0_.id as id1_2_, schedule0_.barber_id as barber_i5_2_, schedule0_.date as date2_2_, schedule0_.status as status3_2_, schedule0_.time as time4_2_ from schedule schedule0_ left outer join user user1_ on schedule0_.barber_id=user1_.id where user1_.id=? and schedule0_.date=?
2025-09-11 21:53:23.231 TRACE 11457 --- [main] o.h.type.descriptor.sql.BasicBinder      : binding parameter [1] as [BIGINT] - [6]
2025-09-11 21:53:23.231 TRACE 11457 --- [main] o.h.type.descriptor.sql.BasicBinder      : binding parameter [2] as [DATE] - [2025-09-11]
2025-09-11 21:53:23.242 DEBUG 11457 --- [main] org.hibernate.SQL                        : select user0_.id as id1_4_0_, user0_.email as email2_4_0_, user0_.first_name as first_na3_4_0_, user0_.last_name as last_nam4_4_0_, user0_.password as password5_4_0_, user0_.phone_number as phone_nu6_4_0_, roles1_.user_id as user_id1_5_1_, role2_.id as role_id2_5_1_, role2_.id as id1_1_2_, role2_.name as name2_1_2_ from user user0_ left outer join users_roles roles1_ on user0_.id=roles1_.user_id left outer join roles role2_ on roles1_.role_id=role2_.id where user0_.id=?
2025-09-11 21:53:23.242 TRACE 11457 --- [main] o.h.type.descriptor.sql.BasicBinder      : binding parameter [1] as [BIGINT] - [6]
2025-09-11 21:53:23.244 TRACE 11457 --- [main] o.h.type.descriptor.sql.BasicExtractor   : extracted value ([id1_1_2_] : [BIGINT]) - [2]
2025-09-11 21:53:23.246 TRACE 11457 --- [main] o.h.type.descriptor.sql.BasicExtractor   : extracted value ([email2_4_0_] : [VARCHAR]) - [naman@gmail.com]
2025-09-11 21:53:23.246 TRACE 11457 --- [main] o.h.type.descriptor.sql.BasicExtractor   : extracted value ([first_na3_4_0_] : [VARCHAR]) - [naman]
2025-09-11 21:53:23.246 TRACE 11457 --- [main] o.h.type.descriptor.sql.BasicExtractor   : extracted value ([last_nam4_4_0_] : [VARCHAR]) - [yadav]
2025-09-11 21:53:23.246 TRACE 11457 --- [main] o.h.type.descriptor.sql.BasicExtractor   : extracted value ([password5_4_0_] : [VARCHAR]) - [$2a$10$gu2HQ6Q6j4zO1XidFTWjluSdIolW8O/eiChFPLOE0Dgf.GEqMCgdO]
2025-09-11 21:53:23.246 TRACE 11457 --- [main] o.h.type.descriptor.sql.BasicExtractor   : extracted value ([phone_nu6_4_0_] : [VARCHAR]) - [1234567890]
2025-09-11 21:53:23.246 TRACE 11457 --- [main] o.h.type.descriptor.sql.BasicExtractor   : extracted value ([name2_1_2_] : [VARCHAR]) - [ROLE_BARBER]
2025-09-11 21:53:23.246 TRACE 11457 --- [main] o.h.type.descriptor.sql.BasicExtractor   : extracted value ([user_id1_5_1_] : [BIGINT]) - [6]
2025-09-11 21:53:23.248 TRACE 11457 --- [main] o.h.type.descriptor.sql.BasicExtractor   : extracted value ([role_id2_5_1_] : [BIGINT]) - [2]
2025-09-11 21:53:23.250 TRACE 11457 --- [main] org.hibernate.type.CollectionType        : Created collection wrapper: [net.javaguides.springboot.model.User.bookingsBarber#6]
2025-09-11 21:53:23.250 TRACE 11457 --- [main] org.hibernate.type.CollectionType        : Created collection wrapper: [net.javaguides.springboot.model.User.bookingsClient#6]
2025-09-11 21:53:23.250 TRACE 11457 --- [main] org.hibernate.type.CollectionType        : Created collection wrapper: [net.javaguides.springboot.model.User.schedules#6]
2025-09-11 21:53:23.260 DEBUG 11457 --- [main] org.hibernate.SQL                        : insert into schedule (barber_id, date, status, time) values (?, ?, ?, ?)
2025-09-11 21:53:23.260 TRACE 11457 --- [main] o.h.type.descriptor.sql.BasicBinder      : binding parameter [1] as [BIGINT] - [6]
2025-09-11 21:53:23.260 TRACE 11457 --- [main] o.h.type.descriptor.sql.BasicBinder      : binding parameter [2] as [DATE] - [2025-09-11]
2025-09-11 21:53:23.260 TRACE 11457 --- [main] o.h.type.descriptor.sql.BasicBinder      : binding parameter [3] as [VARCHAR] - [FREE]
2025-09-11 21:53:23.260 TRACE 11457 --- [main] o.h.type.descriptor.sql.BasicBinder      : binding parameter [4] as [TIME] - [10:00]
2025-09-11 21:53:23.268 DEBUG 11457 --- [main] org.hibernate.SQL                        : insert into schedule (barber_id, date, status, time) values (?, ?, ?, ?)
2025-09-11 21:53:23.269 TRACE 11457 --- [main] o.h.type.descriptor.sql.BasicBinder      : binding parameter [1] as [BIGINT] - [6]
2025-09-11 21:53:23.269 TRACE 11457 --- [main] o.h.type.descriptor.sql.BasicBinder      : binding parameter [2] as [DATE] - [2025-09-11]
2025-09-11 21:53:23.269 TRACE 11457 --- [main] o.h.type.descriptor.sql.BasicBinder      : binding parameter [3] as [VARCHAR] - [FREE]
2025-09-11 21:53:23.269 TRACE 11457 --- [main] o.h.type.descriptor.sql.BasicBinder      : binding parameter [4] as [TIME] - [10:30]
2025-09-11 21:53:23.270 DEBUG 11457 --- [main] org.hibernate.SQL                        : insert into schedule (barber_id, date, status, time) values (?, ?, ?, ?)
2025-09-11 21:53:23.270 TRACE 11457 --- [main] o.h.type.descriptor.sql.BasicBinder      : binding parameter [1] as [BIGINT] - [6]
2025-09-11 21:53:23.270 TRACE 11457 --- [main] o.h.type.descriptor.sql.BasicBinder      : binding parameter [2] as [DATE] - [2025-09-11]
2025-09-11 21:53:23.270 TRACE 11457 --- [main] o.h.type.descriptor.sql.BasicBinder      : binding parameter [3] as [VARCHAR] - [FREE]
2025-09-11 21:53:23.270 TRACE 11457 --- [main] o.h.type.descriptor.sql.BasicBinder      : binding parameter [4] as [TIME] - [11:00]
2025-09-11 21:53:23.271 DEBUG 11457 --- [main] org.hibernate.SQL                        : insert into schedule (barber_id, date, status, time) values (?, ?, ?, ?)
2025-09-11 21:53:23.271 TRACE 11457 --- [main] o.h.type.descriptor.sql.BasicBinder      : binding parameter [1] as [BIGINT] - [6]
2025-09-11 21:53:23.271 TRACE 11457 --- [main] o.h.type.descriptor.sql.BasicBinder      : binding parameter [2] as [DATE] - [2025-09-11]
2025-09-11 21:53:23.271 TRACE 11457 --- [main] o.h.type.descriptor.sql.BasicBinder      : binding parameter [3] as [VARCHAR] - [FREE]
2025-09-11 21:53:23.272 TRACE 11457 --- [main] o.h.type.descriptor.sql.BasicBinder      : binding parameter [4] as [TIME] - [11:30]
2025-09-11 21:53:23.272 DEBUG 11457 --- [main] org.hibernate.SQL                        : insert into schedule (barber_id, date, status, time) values (?, ?, ?, ?)
2025-09-11 21:53:23.272 TRACE 11457 --- [main] o.h.type.descriptor.sql.BasicBinder      : binding parameter [1] as [BIGINT] - [6]
2025-09-11 21:53:23.272 TRACE 11457 --- [main] o.h.type.descriptor.sql.BasicBinder      : binding parameter [2] as [DATE] - [2025-09-11]
2025-09-11 21:53:23.272 TRACE 11457 --- [main] o.h.type.descriptor.sql.BasicBinder      : binding parameter [3] as [VARCHAR] - [FREE]
2025-09-11 21:53:23.272 TRACE 11457 --- [main] o.h.type.descriptor.sql.BasicBinder      : binding parameter [4] as [TIME] - [12:00]
2025-09-11 21:53:23.273 DEBUG 11457 --- [main] org.hibernate.SQL                        : insert into schedule (barber_id, date, status, time) values (?, ?, ?, ?)
2025-09-11 21:53:23.273 TRACE 11457 --- [main] o.h.type.descriptor.sql.BasicBinder      : binding parameter [1] as [BIGINT] - [6]
2025-09-11 21:53:23.273 TRACE 11457 --- [main] o.h.type.descriptor.sql.BasicBinder      : binding parameter [2] as [DATE] - [2025-09-11]
2025-09-11 21:53:23.273 TRACE 11457 --- [main] o.h.type.descriptor.sql.BasicBinder      : binding parameter [3] as [VARCHAR] - [FREE]
2025-09-11 21:53:23.273 TRACE 11457 --- [main] o.h.type.descriptor.sql.BasicBinder      : binding parameter [4] as [TIME] - [12:30]
2025-09-11 21:53:23.274 DEBUG 11457 --- [main] org.hibernate.SQL                        : insert into schedule (barber_id, date, status, time) values (?, ?, ?, ?)
2025-09-11 21:53:23.274 TRACE 11457 --- [main] o.h.type.descriptor.sql.BasicBinder      : binding parameter [1] as [BIGINT] - [6]
2025-09-11 21:53:23.274 TRACE 11457 --- [main] o.h.type.descriptor.sql.BasicBinder      : binding parameter [2] as [DATE] - [2025-09-11]
2025-09-11 21:53:23.274 TRACE 11457 --- [main] o.h.type.descriptor.sql.BasicBinder      : binding parameter [3] as [VARCHAR] - [FREE]
2025-09-11 21:53:23.274 TRACE 11457 --- [main] o.h.type.descriptor.sql.BasicBinder      : binding parameter [4] as [TIME] - [13:00]
2025-09-11 21:53:23.275 DEBUG 11457 --- [main] org.hibernate.SQL                        : insert into schedule (barber_id, date, status, time) values (?, ?, ?, ?)
2025-09-11 21:53:23.275 TRACE 11457 --- [main] o.h.type.descriptor.sql.BasicBinder      : binding parameter [1] as [BIGINT] - [6]
2025-09-11 21:53:23.275 TRACE 11457 --- [main] o.h.type.descriptor.sql.BasicBinder      : binding parameter [2] as [DATE] - [2025-09-11]
2025-09-11 21:53:23.275 TRACE 11457 --- [main] o.h.type.descriptor.sql.BasicBinder      : binding parameter [3] as [VARCHAR] - [FREE]
2025-09-11 21:53:23.275 TRACE 11457 --- [main] o.h.type.descriptor.sql.BasicBinder      : binding parameter [4] as [TIME] - [13:30]
2025-09-11 21:53:23.275 DEBUG 11457 --- [main] org.hibernate.SQL                        : insert into schedule (barber_id, date, status, time) values (?, ?, ?, ?)
2025-09-11 21:53:23.275 TRACE 11457 --- [main] o.h.type.descriptor.sql.BasicBinder      : binding parameter [1] as [BIGINT] - [6]
2025-09-11 21:53:23.275 TRACE 11457 --- [main] o.h.type.descriptor.sql.BasicBinder      : binding parameter [2] as [DATE] - [2025-09-11]
2025-09-11 21:53:23.276 TRACE 11457 --- [main] o.h.type.descriptor.sql.BasicBinder      : binding parameter [3] as [VARCHAR] - [FREE]
2025-09-11 21:53:23.276 TRACE 11457 --- [main] o.h.type.descriptor.sql.BasicBinder      : binding parameter [4] as [TIME] - [14:00]
2025-09-11 21:53:23.276 DEBUG 11457 --- [main] org.hibernate.SQL                        : insert into schedule (barber_id, date, status, time) values (?, ?, ?, ?)
2025-09-11 21:53:23.276 TRACE 11457 --- [main] o.h.type.descriptor.sql.BasicBinder      : binding parameter [1] as [BIGINT] - [6]
2025-09-11 21:53:23.276 TRACE 11457 --- [main] o.h.type.descriptor.sql.BasicBinder      : binding parameter [2] as [DATE] - [2025-09-11]
2025-09-11 21:53:23.276 TRACE 11457 --- [main] o.h.type.descriptor.sql.BasicBinder      : binding parameter [3] as [VARCHAR] - [FREE]
2025-09-11 21:53:23.276 TRACE 11457 --- [main] o.h.type.descriptor.sql.BasicBinder      : binding parameter [4] as [TIME] - [14:30]
2025-09-11 21:53:23.277 DEBUG 11457 --- [main] org.hibernate.SQL                        : insert into schedule (barber_id, date, status, time) values (?, ?, ?, ?)
2025-09-11 21:53:23.277 TRACE 11457 --- [main] o.h.type.descriptor.sql.BasicBinder      : binding parameter [1] as [BIGINT] - [6]
2025-09-11 21:53:23.277 TRACE 11457 --- [main] o.h.type.descriptor.sql.BasicBinder      : binding parameter [2] as [DATE] - [2025-09-11]
2025-09-11 21:53:23.277 TRACE 11457 --- [main] o.h.type.descriptor.sql.BasicBinder      : binding parameter [3] as [VARCHAR] - [FREE]
2025-09-11 21:53:23.277 TRACE 11457 --- [main] o.h.type.descriptor.sql.BasicBinder      : binding parameter [4] as [TIME] - [15:00]
2025-09-11 21:53:23.277 DEBUG 11457 --- [main] org.hibernate.SQL                        : insert into schedule (barber_id, date, status, time) values (?, ?, ?, ?)
2025-09-11 21:53:23.277 TRACE 11457 --- [main] o.h.type.descriptor.sql.BasicBinder      : binding parameter [1] as [BIGINT] - [6]
2025-09-11 21:53:23.277 TRACE 11457 --- [main] o.h.type.descriptor.sql.BasicBinder      : binding parameter [2] as [DATE] - [2025-09-11]
2025-09-11 21:53:23.277 TRACE 11457 --- [main] o.h.type.descriptor.sql.BasicBinder      : binding parameter [3] as [VARCHAR] - [FREE]
2025-09-11 21:53:23.277 TRACE 11457 --- [main] o.h.type.descriptor.sql.BasicBinder      : binding parameter [4] as [TIME] - [15:30]
2025-09-11 21:53:23.278 DEBUG 11457 --- [main] org.hibernate.SQL                        : insert into schedule (barber_id, date, status, time) values (?, ?, ?, ?)
2025-09-11 21:53:23.278 TRACE 11457 --- [main] o.h.type.descriptor.sql.BasicBinder      : binding parameter [1] as [BIGINT] - [6]
2025-09-11 21:53:23.278 TRACE 11457 --- [main] o.h.type.descriptor.sql.BasicBinder      : binding parameter [2] as [DATE] - [2025-09-11]
2025-09-11 21:53:23.278 TRACE 11457 --- [main] o.h.type.descriptor.sql.BasicBinder      : binding parameter [3] as [VARCHAR] - [FREE]
2025-09-11 21:53:23.278 TRACE 11457 --- [main] o.h.type.descriptor.sql.BasicBinder      : binding parameter [4] as [TIME] - [16:00]
2025-09-11 21:53:23.278 DEBUG 11457 --- [main] org.hibernate.SQL                        : insert into schedule (barber_id, date, status, time) values (?, ?, ?, ?)
2025-09-11 21:53:23.279 TRACE 11457 --- [main] o.h.type.descriptor.sql.BasicBinder      : binding parameter [1] as [BIGINT] - [6]
2025-09-11 21:53:23.279 TRACE 11457 --- [main] o.h.type.descriptor.sql.BasicBinder      : binding parameter [2] as [DATE] - [2025-09-11]
2025-09-11 21:53:23.279 TRACE 11457 --- [main] o.h.type.descriptor.sql.BasicBinder      : binding parameter [3] as [VARCHAR] - [FREE]
2025-09-11 21:53:23.279 TRACE 11457 --- [main] o.h.type.descriptor.sql.BasicBinder      : binding parameter [4] as [TIME] - [16:30]
2025-09-11 21:53:23.279 DEBUG 11457 --- [main] org.hibernate.SQL                        : insert into schedule (barber_id, date, status, time) values (?, ?, ?, ?)
2025-09-11 21:53:23.279 TRACE 11457 --- [main] o.h.type.descriptor.sql.BasicBinder      : binding parameter [1] as [BIGINT] - [6]
2025-09-11 21:53:23.279 TRACE 11457 --- [main] o.h.type.descriptor.sql.BasicBinder      : binding parameter [2] as [DATE] - [2025-09-11]
2025-09-11 21:53:23.279 TRACE 11457 --- [main] o.h.type.descriptor.sql.BasicBinder      : binding parameter [3] as [VARCHAR] - [FREE]
2025-09-11 21:53:23.279 TRACE 11457 --- [main] o.h.type.descriptor.sql.BasicBinder      : binding parameter [4] as [TIME] - [17:00]
2025-09-11 21:53:23.280 DEBUG 11457 --- [main] org.hibernate.SQL                        : insert into schedule (barber_id, date, status, time) values (?, ?, ?, ?)
2025-09-11 21:53:23.280 TRACE 11457 --- [main] o.h.type.descriptor.sql.BasicBinder      : binding parameter [1] as [BIGINT] - [6]
2025-09-11 21:53:23.280 TRACE 11457 --- [main] o.h.type.descriptor.sql.BasicBinder      : binding parameter [2] as [DATE] - [2025-09-11]
2025-09-11 21:53:23.280 TRACE 11457 --- [main] o.h.type.descriptor.sql.BasicBinder      : binding parameter [3] as [VARCHAR] - [FREE]
2025-09-11 21:53:23.280 TRACE 11457 --- [main] o.h.type.descriptor.sql.BasicBinder      : binding parameter [4] as [TIME] - [17:30]
2025-09-11 21:53:23.293  INFO 11457 --- [SpringContextShutdownHook] j.LocalContainerEntityManagerFactoryBean : Closing JPA EntityManagerFactory for persistence unit 'default'
2025-09-11 21:53:23.293 TRACE 11457 --- [SpringContextShutdownHook] o.h.type.spi.TypeConfiguration$Scope     : Handling #sessionFactoryClosed from [org.hibernate.internal.SessionFactoryImpl@17259e45] for TypeConfiguration
2025-09-11 21:53:23.294 DEBUG 11457 --- [SpringContextShutdownHook] o.h.type.spi.TypeConfiguration$Scope     : Un-scoping TypeConfiguration [org.hibernate.type.spi.TypeConfiguration$Scope@179795a4] from SessionFactory [org.hibernate.internal.SessionFactoryImpl@17259e45]
2025-09-11 21:53:23.294  INFO 11457 --- [SpringContextShutdownHook] o.s.s.concurrent.ThreadPoolTaskExecutor  : Shutting down ExecutorService 'applicationTaskExecutor'
2025-09-11 21:53:23.294  INFO 11457 --- [SpringContextShutdownHook] com.zaxxer.hikari.HikariDataSource       : HikariPool-1 - Shutdown initiated...
2025-09-11 21:53:23.298  INFO 11457 --- [SpringContextShutdownHook] com.zaxxer.hikari.HikariDataSource       : HikariPool-1 - Shutdown completed.
2025-09-11 21:53:56.833  INFO 11487 --- [restartedMain] inSpringBootSecurityThymeleafApplication : Starting RegistrationLoginSpringBootSecurityThymeleafApplication on Jatins-MacBook-Air.local with PID 11487 (/Users/jatinyadav/Desktop/Booking-system/target/classes started by jatinyadav in /Users/jatinyadav/Desktop/Booking-system)
2025-09-11 21:53:56.835  INFO 11487 --- [restartedMain] inSpringBootSecurityThymeleafApplication : No active profile set, falling back to default profiles: default
2025-09-11 21:53:56.855  INFO 11487 --- [restartedMain] .e.DevToolsPropertyDefaultsPostProcessor : Devtools property defaults active! Set 'spring.devtools.add-properties' to 'false' to disable
2025-09-11 21:53:56.855  INFO 11487 --- [restartedMain] .e.DevToolsPropertyDefaultsPostProcessor : For additional web related logging consider setting the 'logging.level.web' property to 'DEBUG'
2025-09-11 21:53:57.142  INFO 11487 --- [restartedMain] .s.d.r.c.RepositoryConfigurationDelegate : Bootstrapping Spring Data JPA repositories in DEFERRED mode.
2025-09-11 21:53:57.170  INFO 11487 --- [restartedMain] .s.d.r.c.RepositoryConfigurationDelegate : Finished Spring Data repository scanning in 25ms. Found 5 JPA repository interfaces.
2025-09-11 21:53:57.446  INFO 11487 --- [restartedMain] o.s.b.w.embedded.tomcat.TomcatWebServer  : Tomcat initialized with port(s): 8080 (http)
2025-09-11 21:53:57.450  INFO 11487 --- [restartedMain] o.apache.catalina.core.StandardService   : Starting service [Tomcat]
2025-09-11 21:53:57.450  INFO 11487 --- [restartedMain] org.apache.catalina.core.StandardEngine  : Starting Servlet engine: [Apache Tomcat/9.0.35]
2025-09-11 21:53:57.479  INFO 11487 --- [restartedMain] o.a.c.c.C.[Tomcat].[localhost].[/]       : Initializing Spring embedded WebApplicationContext
2025-09-11 21:53:57.479  INFO 11487 --- [restartedMain] o.s.web.context.ContextLoader            : Root WebApplicationContext: initialization completed in 624 ms
2025-09-11 21:53:57.530  INFO 11487 --- [restartedMain] o.s.s.concurrent.ThreadPoolTaskExecutor  : Initializing ExecutorService 'applicationTaskExecutor'
2025-09-11 21:53:57.551  INFO 11487 --- [task-1] o.hibernate.jpa.internal.util.LogHelper  : HHH000204: Processing PersistenceUnitInfo [name: default]
2025-09-11 21:53:57.574  WARN 11487 --- [restartedMain] JpaBaseConfiguration$JpaWebConfiguration : spring.jpa.open-in-view is enabled by default. Therefore, database queries may be performed during view rendering. Explicitly configure spring.jpa.open-in-view to disable this warning
2025-09-11 21:53:57.576  INFO 11487 --- [task-1] org.hibernate.Version                    : HHH000412: Hibernate ORM core version 5.4.15.Final
2025-09-11 21:53:57.633  INFO 11487 --- [task-1] o.hibernate.annotations.common.Version   : HCANN000001: Hibernate Commons Annotations {5.1.0.Final}
2025-09-11 21:53:57.641 DEBUG 11487 --- [task-1] org.hibernate.type.BasicTypeRegistry     : Adding type registration boolean -> org.hibernate.type.BooleanType@23b1f062
2025-09-11 21:53:57.641 DEBUG 11487 --- [task-1] org.hibernate.type.BasicTypeRegistry     : Adding type registration boolean -> org.hibernate.type.BooleanType@23b1f062
2025-09-11 21:53:57.641 DEBUG 11487 --- [task-1] org.hibernate.type.BasicTypeRegistry     : Adding type registration java.lang.Boolean -> org.hibernate.type.BooleanType@23b1f062
2025-09-11 21:53:57.642 DEBUG 11487 --- [task-1] org.hibernate.type.BasicTypeRegistry     : Adding type registration numeric_boolean -> org.hibernate.type.NumericBooleanType@c8fc902
2025-09-11 21:53:57.642 DEBUG 11487 --- [task-1] org.hibernate.type.BasicTypeRegistry     : Adding type registration true_false -> org.hibernate.type.TrueFalseType@698c3cbb
2025-09-11 21:53:57.642 DEBUG 11487 --- [task-1] org.hibernate.type.BasicTypeRegistry     : Adding type registration yes_no -> org.hibernate.type.YesNoType@77cdf078
2025-09-11 21:53:57.642 DEBUG 11487 --- [task-1] org.hibernate.type.BasicTypeRegistry     : Adding type registration byte -> org.hibernate.type.ByteType@5501dcaa
2025-09-11 21:53:57.642 DEBUG 11487 --- [task-1] org.hibernate.type.BasicTypeRegistry     : Adding type registration byte -> org.hibernate.type.ByteType@5501dcaa
2025-09-11 21:53:57.642 DEBUG 11487 --- [task-1] org.hibernate.type.BasicTypeRegistry     : Adding type registration java.lang.Byte -> org.hibernate.type.ByteType@5501dcaa
2025-09-11 21:53:57.643 DEBUG 11487 --- [task-1] org.hibernate.type.BasicTypeRegistry     : Adding type registration character -> org.hibernate.type.CharacterType@6bf2974c
2025-09-11 21:53:57.643 DEBUG 11487 --- [task-1] org.hibernate.type.BasicTypeRegistry     : Adding type registration char -> org.hibernate.type.CharacterType@6bf2974c
2025-09-11 21:53:57.643 DEBUG 11487 --- [task-1] org.hibernate.type.BasicTypeRegistry     : Adding type registration java.lang.Character -> org.hibernate.type.CharacterType@6bf2974c
2025-09-11 21:53:57.643 DEBUG 11487 --- [task-1] org.hibernate.type.BasicTypeRegistry     : Adding type registration short -> org.hibernate.type.ShortType@5c41c4e5
2025-09-11 21:53:57.643 DEBUG 11487 --- [task-1] org.hibernate.type.BasicTypeRegistry     : Adding type registration short -> org.hibernate.type.ShortType@5c41c4e5
2025-09-11 21:53:57.643 DEBUG 11487 --- [task-1] org.hibernate.type.BasicTypeRegistry     : Adding type registration java.lang.Short -> org.hibernate.type.ShortType@5c41c4e5
2025-09-11 21:53:57.643 DEBUG 11487 --- [task-1] org.hibernate.type.BasicTypeRegistry     : Adding type registration integer -> org.hibernate.type.IntegerType@6d3f13a9
2025-09-11 21:53:57.643 DEBUG 11487 --- [task-1] org.hibernate.type.BasicTypeRegistry     : Adding type registration int -> org.hibernate.type.IntegerType@6d3f13a9
2025-09-11 21:53:57.644 DEBUG 11487 --- [task-1] org.hibernate.type.BasicTypeRegistry     : Adding type registration java.lang.Integer -> org.hibernate.type.IntegerType@6d3f13a9
2025-09-11 21:53:57.644 DEBUG 11487 --- [task-1] org.hibernate.type.BasicTypeRegistry     : Adding type registration long -> org.hibernate.type.LongType@1cb815e8
2025-09-11 21:53:57.644 DEBUG 11487 --- [task-1] org.hibernate.type.BasicTypeRegistry     : Adding type registration long -> org.hibernate.type.LongType@1cb815e8
2025-09-11 21:53:57.644 DEBUG 11487 --- [task-1] org.hibernate.type.BasicTypeRegistry     : Adding type registration java.lang.Long -> org.hibernate.type.LongType@1cb815e8
2025-09-11 21:53:57.644 DEBUG 11487 --- [task-1] org.hibernate.type.BasicTypeRegistry     : Adding type registration float -> org.hibernate.type.FloatType@211cd4ed
2025-09-11 21:53:57.644 DEBUG 11487 --- [task-1] org.hibernate.type.BasicTypeRegistry     : Adding type registration float -> org.hibernate.type.FloatType@211cd4ed
2025-09-11 21:53:57.644 DEBUG 11487 --- [task-1] org.hibernate.type.BasicTypeRegistry     : Adding type registration java.lang.Float -> org.hibernate.type.FloatType@211cd4ed
2025-09-11 21:53:57.644 DEBUG 11487 --- [task-1] org.hibernate.type.BasicTypeRegistry     : Adding type registration double -> org.hibernate.type.DoubleType@4147429b
2025-09-11 21:53:57.644 DEBUG 11487 --- [task-1] org.hibernate.type.BasicTypeRegistry     : Adding type registration double -> org.hibernate.type.DoubleType@4147429b
2025-09-11 21:53:57.644 DEBUG 11487 --- [task-1] org.hibernate.type.BasicTypeRegistry     : Adding type registration java.lang.Double -> org.hibernate.type.DoubleType@4147429b
2025-09-11 21:53:57.645 DEBUG 11487 --- [task-1] org.hibernate.type.BasicTypeRegistry     : Adding type registration big_decimal -> org.hibernate.type.BigDecimalType@6aeee2
2025-09-11 21:53:57.645 DEBUG 11487 --- [task-1] org.hibernate.type.BasicTypeRegistry     : Adding type registration java.math.BigDecimal -> org.hibernate.type.BigDecimalType@6aeee2
2025-09-11 21:53:57.645 DEBUG 11487 --- [task-1] org.hibernate.type.BasicTypeRegistry     : Adding type registration big_integer -> org.hibernate.type.BigIntegerType@2ea2f59d
2025-09-11 21:53:57.645 DEBUG 11487 --- [task-1] org.hibernate.type.BasicTypeRegistry     : Adding type registration java.math.BigInteger -> org.hibernate.type.BigIntegerType@2ea2f59d
2025-09-11 21:53:57.645 DEBUG 11487 --- [task-1] org.hibernate.type.BasicTypeRegistry     : Adding type registration string -> org.hibernate.type.StringType@3555e806
2025-09-11 21:53:57.645 DEBUG 11487 --- [task-1] org.hibernate.type.BasicTypeRegistry     : Adding type registration java.lang.String -> org.hibernate.type.StringType@3555e806
2025-09-11 21:53:57.645 DEBUG 11487 --- [task-1] org.hibernate.type.BasicTypeRegistry     : Adding type registration nstring -> org.hibernate.type.StringNVarcharType@23fb2795
2025-09-11 21:53:57.645 DEBUG 11487 --- [task-1] org.hibernate.type.BasicTypeRegistry     : Adding type registration ncharacter -> org.hibernate.type.CharacterNCharType@53b45d24
2025-09-11 21:53:57.646 DEBUG 11487 --- [task-1] org.hibernate.type.BasicTypeRegistry     : Adding type registration url -> org.hibernate.type.UrlType@367e1a6
2025-09-11 21:53:57.646 DEBUG 11487 --- [task-1] org.hibernate.type.BasicTypeRegistry     : Adding type registration java.net.URL -> org.hibernate.type.UrlType@367e1a6
2025-09-11 21:53:57.646 DEBUG 11487 --- [task-1] org.hibernate.type.BasicTypeRegistry     : Adding type registration Duration -> org.hibernate.type.DurationType@f445d45
2025-09-11 21:53:57.646 DEBUG 11487 --- [task-1] org.hibernate.type.BasicTypeRegistry     : Adding type registration java.time.Duration -> org.hibernate.type.DurationType@f445d45
2025-09-11 21:53:57.646 DEBUG 11487 --- [task-1] org.hibernate.type.BasicTypeRegistry     : Adding type registration Instant -> org.hibernate.type.InstantType@6c42e117
2025-09-11 21:53:57.646 DEBUG 11487 --- [task-1] org.hibernate.type.BasicTypeRegistry     : Adding type registration java.time.Instant -> org.hibernate.type.InstantType@6c42e117
2025-09-11 21:53:57.646 DEBUG 11487 --- [task-1] org.hibernate.type.BasicTypeRegistry     : Adding type registration LocalDateTime -> org.hibernate.type.LocalDateTimeType@1861c413
2025-09-11 21:53:57.646 DEBUG 11487 --- [task-1] org.hibernate.type.BasicTypeRegistry     : Adding type registration java.time.LocalDateTime -> org.hibernate.type.LocalDateTimeType@1861c413
2025-09-11 21:53:57.647 DEBUG 11487 --- [task-1] org.hibernate.type.BasicTypeRegistry     : Adding type registration LocalDate -> org.hibernate.type.LocalDateType@5ff916aa
2025-09-11 21:53:57.647 DEBUG 11487 --- [task-1] org.hibernate.type.BasicTypeRegistry     : Adding type registration java.time.LocalDate -> org.hibernate.type.LocalDateType@5ff916aa
2025-09-11 21:53:57.647 DEBUG 11487 --- [task-1] org.hibernate.type.BasicTypeRegistry     : Adding type registration LocalTime -> org.hibernate.type.LocalTimeType@6f588989
2025-09-11 21:53:57.647 DEBUG 11487 --- [task-1] org.hibernate.type.BasicTypeRegistry     : Adding type registration java.time.LocalTime -> org.hibernate.type.LocalTimeType@6f588989
2025-09-11 21:53:57.648 DEBUG 11487 --- [task-1] org.hibernate.type.BasicTypeRegistry     : Adding type registration OffsetDateTime -> org.hibernate.type.OffsetDateTimeType@402816e7
2025-09-11 21:53:57.648 DEBUG 11487 --- [task-1] org.hibernate.type.BasicTypeRegistry     : Adding type registration java.time.OffsetDateTime -> org.hibernate.type.OffsetDateTimeType@402816e7
2025-09-11 21:53:57.648 DEBUG 11487 --- [task-1] org.hibernate.type.BasicTypeRegistry     : Adding type registration OffsetTime -> org.hibernate.type.OffsetTimeType@51c4634
2025-09-11 21:53:57.648 DEBUG 11487 --- [task-1] org.hibernate.type.BasicTypeRegistry     : Adding type registration java.time.OffsetTime -> org.hibernate.type.OffsetTimeType@51c4634
2025-09-11 21:53:57.648 DEBUG 11487 --- [task-1] org.hibernate.type.BasicTypeRegistry     : Adding type registration ZonedDateTime -> org.hibernate.type.ZonedDateTimeType@21ec0f14
2025-09-11 21:53:57.648 DEBUG 11487 --- [task-1] org.hibernate.type.BasicTypeRegistry     : Adding type registration java.time.ZonedDateTime -> org.hibernate.type.ZonedDateTimeType@21ec0f14
2025-09-11 21:53:57.649 DEBUG 11487 --- [task-1] org.hibernate.type.BasicTypeRegistry     : Adding type registration date -> org.hibernate.type.DateType@32a9fea8
2025-09-11 21:53:57.649 DEBUG 11487 --- [task-1] org.hibernate.type.BasicTypeRegistry     : Adding type registration java.sql.Date -> org.hibernate.type.DateType@32a9fea8
2025-09-11 21:53:57.649 DEBUG 11487 --- [task-1] org.hibernate.type.BasicTypeRegistry     : Adding type registration time -> org.hibernate.type.TimeType@647568d9
2025-09-11 21:53:57.649 DEBUG 11487 --- [task-1] org.hibernate.type.BasicTypeRegistry     : Adding type registration java.sql.Time -> org.hibernate.type.TimeType@647568d9
2025-09-11 21:53:57.649 DEBUG 11487 --- [task-1] org.hibernate.type.BasicTypeRegistry     : Adding type registration timestamp -> org.hibernate.type.TimestampType@be40441
2025-09-11 21:53:57.649 DEBUG 11487 --- [task-1] org.hibernate.type.BasicTypeRegistry     : Adding type registration java.sql.Timestamp -> org.hibernate.type.TimestampType@be40441
2025-09-11 21:53:57.650 DEBUG 11487 --- [task-1] org.hibernate.type.BasicTypeRegistry     : Adding type registration java.util.Date -> org.hibernate.type.TimestampType@be40441
2025-09-11 21:53:57.650 DEBUG 11487 --- [task-1] org.hibernate.type.BasicTypeRegistry     : Adding type registration dbtimestamp -> org.hibernate.type.DbTimestampType@23ef10f1
2025-09-11 21:53:57.650 DEBUG 11487 --- [task-1] org.hibernate.type.BasicTypeRegistry     : Adding type registration calendar -> org.hibernate.type.CalendarType@15bef119
2025-09-11 21:53:57.650 DEBUG 11487 --- [task-1] org.hibernate.type.BasicTypeRegistry     : Adding type registration java.util.Calendar -> org.hibernate.type.CalendarType@15bef119
2025-09-11 21:53:57.650 DEBUG 11487 --- [task-1] org.hibernate.type.BasicTypeRegistry     : Adding type registration java.util.GregorianCalendar -> org.hibernate.type.CalendarType@15bef119
2025-09-11 21:53:57.650 DEBUG 11487 --- [task-1] org.hibernate.type.BasicTypeRegistry     : Adding type registration calendar_date -> org.hibernate.type.CalendarDateType@2a3b167a
2025-09-11 21:53:57.650 DEBUG 11487 --- [task-1] org.hibernate.type.BasicTypeRegistry     : Adding type registration calendar_time -> org.hibernate.type.CalendarTimeType@1f77d23d
2025-09-11 21:53:57.651 DEBUG 11487 --- [task-1] org.hibernate.type.BasicTypeRegistry     : Adding type registration locale -> org.hibernate.type.LocaleType@58d4db85
2025-09-11 21:53:57.651 DEBUG 11487 --- [task-1] org.hibernate.type.BasicTypeRegistry     : Adding type registration java.util.Locale -> org.hibernate.type.LocaleType@58d4db85
2025-09-11 21:53:57.651 DEBUG 11487 --- [task-1] org.hibernate.type.BasicTypeRegistry     : Adding type registration currency -> org.hibernate.type.CurrencyType@3b09d087
2025-09-11 21:53:57.651 DEBUG 11487 --- [task-1] org.hibernate.type.BasicTypeRegistry     : Adding type registration java.util.Currency -> org.hibernate.type.CurrencyType@3b09d087
2025-09-11 21:53:57.651 DEBUG 11487 --- [task-1] org.hibernate.type.BasicTypeRegistry     : Adding type registration timezone -> org.hibernate.type.TimeZoneType@7352ed3b
2025-09-11 21:53:57.651 DEBUG 11487 --- [task-1] org.hibernate.type.BasicTypeRegistry     : Adding type registration java.util.TimeZone -> org.hibernate.type.TimeZoneType@7352ed3b
2025-09-11 21:53:57.651 DEBUG 11487 --- [task-1] org.hibernate.type.BasicTypeRegistry     : Adding type registration class -> org.hibernate.type.ClassType@4905a497
2025-09-11 21:53:57.651 DEBUG 11487 --- [task-1] org.hibernate.type.BasicTypeRegistry     : Adding type registration java.lang.Class -> org.hibernate.type.ClassType@4905a497
2025-09-11 21:53:57.652 DEBUG 11487 --- [task-1] org.hibernate.type.BasicTypeRegistry     : Adding type registration uuid-binary -> org.hibernate.type.UUIDBinaryType@52ab24fc
2025-09-11 21:53:57.652 DEBUG 11487 --- [task-1] org.hibernate.type.BasicTypeRegistry     : Adding type registration java.util.UUID -> org.hibernate.type.UUIDBinaryType@52ab24fc
2025-09-11 21:53:57.652 DEBUG 11487 --- [task-1] org.hibernate.type.BasicTypeRegistry     : Adding type registration uuid-char -> org.hibernate.type.UUIDCharType@65d3abe1
2025-09-11 21:53:57.652 DEBUG 11487 --- [task-1] org.hibernate.type.BasicTypeRegistry     : Adding type registration binary -> org.hibernate.type.BinaryType@1dd50daa
2025-09-11 21:53:57.652 DEBUG 11487 --- [task-1] org.hibernate.type.BasicTypeRegistry     : Adding type registration byte[] -> org.hibernate.type.BinaryType@1dd50daa
2025-09-11 21:53:57.652 DEBUG 11487 --- [task-1] org.hibernate.type.BasicTypeRegistry     : Adding type registration [B -> org.hibernate.type.BinaryType@1dd50daa
2025-09-11 21:53:57.652 DEBUG 11487 --- [task-1] org.hibernate.type.BasicTypeRegistry     : Adding type registration wrapper-binary -> org.hibernate.type.WrapperBinaryType@2549bb7f
2025-09-11 21:53:57.652 DEBUG 11487 --- [task-1] org.hibernate.type.BasicTypeRegistry     : Adding type registration Byte[] -> org.hibernate.type.WrapperBinaryType@2549bb7f
2025-09-11 21:53:57.653 DEBUG 11487 --- [task-1] org.hibernate.type.BasicTypeRegistry     : Adding type registration [Ljava.lang.Byte; -> org.hibernate.type.WrapperBinaryType@2549bb7f
2025-09-11 21:53:57.653 DEBUG 11487 --- [task-1] org.hibernate.type.BasicTypeRegistry     : Adding type registration row_version -> org.hibernate.type.RowVersionType@5356c84b
2025-09-11 21:53:57.653 DEBUG 11487 --- [task-1] org.hibernate.type.BasicTypeRegistry     : Adding type registration image -> org.hibernate.type.ImageType@62850de6
2025-09-11 21:53:57.653 DEBUG 11487 --- [task-1] org.hibernate.type.BasicTypeRegistry     : Adding type registration characters -> org.hibernate.type.CharArrayType@4f6f3faa
2025-09-11 21:53:57.653 DEBUG 11487 --- [task-1] org.hibernate.type.BasicTypeRegistry     : Adding type registration char[] -> org.hibernate.type.CharArrayType@4f6f3faa
2025-09-11 21:53:57.653 DEBUG 11487 --- [task-1] org.hibernate.type.BasicTypeRegistry     : Adding type registration [C -> org.hibernate.type.CharArrayType@4f6f3faa
2025-09-11 21:53:57.653 DEBUG 11487 --- [task-1] org.hibernate.type.BasicTypeRegistry     : Adding type registration wrapper-characters -> org.hibernate.type.CharacterArrayType@3e4a0e89
2025-09-11 21:53:57.653 DEBUG 11487 --- [task-1] org.hibernate.type.BasicTypeRegistry     : Adding type registration [Ljava.lang.Character; -> org.hibernate.type.CharacterArrayType@3e4a0e89
2025-09-11 21:53:57.653 DEBUG 11487 --- [task-1] org.hibernate.type.BasicTypeRegistry     : Adding type registration Character[] -> org.hibernate.type.CharacterArrayType@3e4a0e89
2025-09-11 21:53:57.654 DEBUG 11487 --- [task-1] org.hibernate.type.BasicTypeRegistry     : Adding type registration text -> org.hibernate.type.TextType@180ed878
2025-09-11 21:53:57.654 DEBUG 11487 --- [task-1] org.hibernate.type.BasicTypeRegistry     : Adding type registration ntext -> org.hibernate.type.NTextType@78b3840e
2025-09-11 21:53:57.654 DEBUG 11487 --- [task-1] org.hibernate.type.BasicTypeRegistry     : Adding type registration blob -> org.hibernate.type.BlobType@4ea47d77
2025-09-11 21:53:57.654 DEBUG 11487 --- [task-1] org.hibernate.type.BasicTypeRegistry     : Adding type registration java.sql.Blob -> org.hibernate.type.BlobType@4ea47d77
2025-09-11 21:53:57.654 DEBUG 11487 --- [task-1] org.hibernate.type.BasicTypeRegistry     : Adding type registration materialized_blob -> org.hibernate.type.MaterializedBlobType@dbde562
2025-09-11 21:53:57.655 DEBUG 11487 --- [task-1] org.hibernate.type.BasicTypeRegistry     : Adding type registration clob -> org.hibernate.type.ClobType@737d2b0
2025-09-11 21:53:57.655 DEBUG 11487 --- [task-1] org.hibernate.type.BasicTypeRegistry     : Adding type registration java.sql.Clob -> org.hibernate.type.ClobType@737d2b0
2025-09-11 21:53:57.655 DEBUG 11487 --- [task-1] org.hibernate.type.BasicTypeRegistry     : Adding type registration nclob -> org.hibernate.type.NClobType@2f4ffe00
2025-09-11 21:53:57.655 DEBUG 11487 --- [task-1] org.hibernate.type.BasicTypeRegistry     : Adding type registration java.sql.NClob -> org.hibernate.type.NClobType@2f4ffe00
2025-09-11 21:53:57.655 DEBUG 11487 --- [task-1] org.hibernate.type.BasicTypeRegistry     : Adding type registration materialized_clob -> org.hibernate.type.MaterializedClobType@cd166a0
2025-09-11 21:53:57.655  INFO 11487 --- [restartedMain] o.s.s.web.DefaultSecurityFilterChain     : Creating filter chain: any request, [org.springframework.security.web.context.request.async.WebAsyncManagerIntegrationFilter@6ef4ddd6, org.springframework.security.web.context.SecurityContextPersistenceFilter@3205f130, org.springframework.security.web.header.HeaderWriterFilter@35885d8b, org.springframework.security.web.csrf.CsrfFilter@6cbaa0fa, org.springframework.security.web.authentication.logout.LogoutFilter@7fdba4d5, org.springframework.security.web.authentication.UsernamePasswordAuthenticationFilter@1b9ccb27, org.springframework.security.web.savedrequest.RequestCacheAwareFilter@6dd96587, org.springframework.security.web.servletapi.SecurityContextHolderAwareRequestFilter@d5f75a6, org.springframework.security.web.authentication.AnonymousAuthenticationFilter@2b5365d5, org.springframework.security.web.session.SessionManagementFilter@1ff05b4e, org.springframework.security.web.access.ExceptionTranslationFilter@556dfd79, org.springframework.security.web.access.intercept.FilterSecurityInterceptor@7d6cc1c]
2025-09-11 21:53:57.655 DEBUG 11487 --- [task-1] org.hibernate.type.BasicTypeRegistry     : Adding type registration materialized_nclob -> org.hibernate.type.MaterializedNClobType@23894101
2025-09-11 21:53:57.656 DEBUG 11487 --- [task-1] org.hibernate.type.BasicTypeRegistry     : Adding type registration serializable -> org.hibernate.type.SerializableType@79a22180
2025-09-11 21:53:57.658 DEBUG 11487 --- [task-1] org.hibernate.type.BasicTypeRegistry     : Adding type registration object -> org.hibernate.type.ObjectType@5d1ab0ee
2025-09-11 21:53:57.658 DEBUG 11487 --- [task-1] org.hibernate.type.BasicTypeRegistry     : Adding type registration java.lang.Object -> org.hibernate.type.ObjectType@5d1ab0ee
2025-09-11 21:53:57.658 DEBUG 11487 --- [task-1] org.hibernate.type.BasicTypeRegistry     : Adding type registration imm_date -> org.hibernate.type.AdaptedImmutableType@15a801ed
2025-09-11 21:53:57.658 DEBUG 11487 --- [task-1] org.hibernate.type.BasicTypeRegistry     : Adding type registration imm_time -> org.hibernate.type.AdaptedImmutableType@170f0c9c
2025-09-11 21:53:57.658 DEBUG 11487 --- [task-1] org.hibernate.type.BasicTypeRegistry     : Adding type registration imm_timestamp -> org.hibernate.type.AdaptedImmutableType@8ed9dc0
2025-09-11 21:53:57.658 DEBUG 11487 --- [task-1] org.hibernate.type.BasicTypeRegistry     : Adding type registration imm_dbtimestamp -> org.hibernate.type.AdaptedImmutableType@7fdcb5d6
2025-09-11 21:53:57.658 DEBUG 11487 --- [task-1] org.hibernate.type.BasicTypeRegistry     : Adding type registration imm_calendar -> org.hibernate.type.AdaptedImmutableType@2aae74a9
2025-09-11 21:53:57.658 DEBUG 11487 --- [task-1] org.hibernate.type.BasicTypeRegistry     : Adding type registration imm_calendar_date -> org.hibernate.type.AdaptedImmutableType@45aae68c
2025-09-11 21:53:57.658 DEBUG 11487 --- [task-1] org.hibernate.type.BasicTypeRegistry     : Adding type registration imm_binary -> org.hibernate.type.AdaptedImmutableType@21cd6064
2025-09-11 21:53:57.658 DEBUG 11487 --- [task-1] org.hibernate.type.BasicTypeRegistry     : Adding type registration imm_serializable -> org.hibernate.type.AdaptedImmutableType@3b25038e
2025-09-11 21:53:57.678  INFO 11487 --- [task-1] com.zaxxer.hikari.HikariDataSource       : HikariPool-1 - Starting...
2025-09-11 21:53:57.838  INFO 11487 --- [task-1] com.zaxxer.hikari.HikariDataSource       : HikariPool-1 - Start completed.
2025-09-11 21:53:57.855  INFO 11487 --- [task-1] org.hibernate.dialect.Dialect            : HHH000400: Using dialect: org.hibernate.dialect.MySQL5InnoDBDialect
2025-09-11 21:53:57.891 DEBUG 11487 --- [task-1] o.h.type.spi.TypeConfiguration$Scope     : Scoping TypeConfiguration [org.hibernate.type.spi.TypeConfiguration@7aa266ee] to MetadataBuildingContext [org.hibernate.boot.internal.MetadataBuildingContextRootImpl@722fafab]
2025-09-11 21:53:58.003 DEBUG 11487 --- [task-1] org.hibernate.type.EnumType              : Using NAMED-based conversion for Enum net.javaguides.springboot.model.BookingStatus
2025-09-11 21:53:58.003 DEBUG 11487 --- [task-1] org.hibernate.type.EnumType              : Using NAMED-based conversion for Enum net.javaguides.springboot.model.RoleName
2025-09-11 21:53:58.003 DEBUG 11487 --- [task-1] org.hibernate.type.EnumType              : Using NAMED-based conversion for Enum net.javaguides.springboot.model.ScheduleStatus
2025-09-11 21:53:58.034 DEBUG 11487 --- [task-1] org.hibernate.type.EnumType              : Using NAMED-based conversion for Enum net.javaguides.springboot.model.BookingStatus
2025-09-11 21:53:58.034 DEBUG 11487 --- [task-1] org.hibernate.type.EnumType              : Using NAMED-based conversion for Enum net.javaguides.springboot.model.RoleName
2025-09-11 21:53:58.034 DEBUG 11487 --- [task-1] org.hibernate.type.EnumType              : Using NAMED-based conversion for Enum net.javaguides.springboot.model.ScheduleStatus
2025-09-11 21:53:58.077 DEBUG 11487 --- [task-1] o.h.type.spi.TypeConfiguration$Scope     : Scoping TypeConfiguration [org.hibernate.type.spi.TypeConfiguration@7aa266ee] to SessionFactoryImpl [org.hibernate.internal.SessionFactoryImpl@1db3e2a8]
2025-09-11 21:53:58.113 DEBUG 11487 --- [task-1] org.hibernate.type.EnumType              : Using NAMED-based conversion for Enum net.javaguides.springboot.model.BookingStatus
2025-09-11 21:53:58.113 DEBUG 11487 --- [task-1] org.hibernate.type.EnumType              : Using NAMED-based conversion for Enum net.javaguides.springboot.model.BookingStatus
2025-09-11 21:53:58.211 DEBUG 11487 --- [task-1] org.hibernate.type.EnumType              : Using NAMED-based conversion for Enum net.javaguides.springboot.model.BookingStatus
2025-09-11 21:53:58.212 DEBUG 11487 --- [task-1] org.hibernate.type.EnumType              : Using NAMED-based conversion for Enum net.javaguides.springboot.model.BookingStatus
2025-09-11 21:53:58.217 DEBUG 11487 --- [task-1] org.hibernate.type.EnumType              : Using NAMED-based conversion for Enum net.javaguides.springboot.model.RoleName
2025-09-11 21:53:58.217 DEBUG 11487 --- [task-1] org.hibernate.type.EnumType              : Using NAMED-based conversion for Enum net.javaguides.springboot.model.RoleName
2025-09-11 21:53:58.221 DEBUG 11487 --- [task-1] org.hibernate.type.EnumType              : Using NAMED-based conversion for Enum net.javaguides.springboot.model.RoleName
2025-09-11 21:53:58.221 DEBUG 11487 --- [task-1] org.hibernate.type.EnumType              : Using NAMED-based conversion for Enum net.javaguides.springboot.model.RoleName
2025-09-11 21:53:58.221 DEBUG 11487 --- [task-1] org.hibernate.type.EnumType              : Using NAMED-based conversion for Enum net.javaguides.springboot.model.ScheduleStatus
2025-09-11 21:53:58.221 DEBUG 11487 --- [task-1] org.hibernate.type.EnumType              : Using NAMED-based conversion for Enum net.javaguides.springboot.model.ScheduleStatus
2025-09-11 21:53:58.225 DEBUG 11487 --- [task-1] org.hibernate.type.EnumType              : Using NAMED-based conversion for Enum net.javaguides.springboot.model.ScheduleStatus
2025-09-11 21:53:58.225 DEBUG 11487 --- [task-1] org.hibernate.type.EnumType              : Using NAMED-based conversion for Enum net.javaguides.springboot.model.ScheduleStatus
2025-09-11 21:53:58.267 DEBUG 11487 --- [task-1] org.hibernate.type.EnumType              : Using NAMED-based conversion for Enum net.javaguides.springboot.model.BookingStatus
2025-09-11 21:53:58.268 DEBUG 11487 --- [task-1] org.hibernate.type.EnumType              : Using NAMED-based conversion for Enum net.javaguides.springboot.model.BookingStatus
2025-09-11 21:53:58.268 DEBUG 11487 --- [task-1] org.hibernate.type.EnumType              : Using NAMED-based conversion for Enum net.javaguides.springboot.model.RoleName
2025-09-11 21:53:58.268 DEBUG 11487 --- [task-1] org.hibernate.type.EnumType              : Using NAMED-based conversion for Enum net.javaguides.springboot.model.RoleName
2025-09-11 21:53:58.268 DEBUG 11487 --- [task-1] org.hibernate.type.EnumType              : Using NAMED-based conversion for Enum net.javaguides.springboot.model.ScheduleStatus
2025-09-11 21:53:58.268 DEBUG 11487 --- [task-1] org.hibernate.type.EnumType              : Using NAMED-based conversion for Enum net.javaguides.springboot.model.ScheduleStatus
2025-09-11 21:53:58.352  INFO 11487 --- [task-1] o.h.e.t.j.p.i.JtaPlatformInitiator       : HHH000490: Using JtaPlatform implementation: [org.hibernate.engine.transaction.jta.platform.internal.NoJtaPlatform]
2025-09-11 21:53:58.355 TRACE 11487 --- [task-1] o.h.type.spi.TypeConfiguration$Scope     : Handling #sessionFactoryCreated from [org.hibernate.internal.SessionFactoryImpl@1db3e2a8] for TypeConfiguration
2025-09-11 21:53:58.356  INFO 11487 --- [task-1] j.LocalContainerEntityManagerFactoryBean : Initialized JPA EntityManagerFactory for persistence unit 'default'
2025-09-11 21:53:58.462  INFO 11487 --- [task-2] o.s.b.d.a.OptionalLiveReloadServer       : LiveReload server is running on port 35729
2025-09-11 21:53:58.478  INFO 11487 --- [restartedMain] o.s.b.a.w.s.WelcomePageHandlerMapping    : Adding welcome page template: index
2025-09-11 21:53:58.546  INFO 11487 --- [restartedMain] o.s.b.w.embedded.tomcat.TomcatWebServer  : Tomcat started on port(s): 8080 (http) with context path ''
2025-09-11 21:53:58.546  INFO 11487 --- [restartedMain] DeferredRepositoryInitializationListener : Triggering deferred initialization of Spring Data repositories…
2025-09-11 21:53:58.680  INFO 11487 --- [restartedMain] DeferredRepositoryInitializationListener : Spring Data repositories initialized!
2025-09-11 21:53:58.684  INFO 11487 --- [restartedMain] inSpringBootSecurityThymeleafApplication : Started RegistrationLoginSpringBootSecurityThymeleafApplication in 2.032 seconds (JVM running for 2.31)
2025-09-11 21:54:05.582  INFO 11487 --- [http-nio-8080-exec-1] o.a.c.c.C.[Tomcat].[localhost].[/]       : Initializing Spring DispatcherServlet 'dispatcherServlet'
2025-09-11 21:54:05.583  INFO 11487 --- [http-nio-8080-exec-1] o.s.web.servlet.DispatcherServlet        : Initializing Servlet 'dispatcherServlet'
2025-09-11 21:54:05.591  INFO 11487 --- [http-nio-8080-exec-1] o.s.web.servlet.DispatcherServlet        : Completed initialization in 8 ms
2025-09-11 21:54:17.803 DEBUG 11487 --- [http-nio-8080-exec-9] org.hibernate.SQL                        : select user0_.id as id1_4_, user0_.email as email2_4_, user0_.first_name as first_na3_4_, user0_.last_name as last_nam4_4_, user0_.password as password5_4_, user0_.phone_number as phone_nu6_4_ from user user0_ where user0_.email=?
2025-09-11 21:54:17.808 TRACE 11487 --- [http-nio-8080-exec-9] o.h.type.descriptor.sql.BasicBinder      : binding parameter [1] as [VARCHAR] - [jatin@2gmail.com]
2025-09-11 21:54:17.813 TRACE 11487 --- [http-nio-8080-exec-9] o.h.type.descriptor.sql.BasicExtractor   : extracted value ([id1_4_] : [BIGINT]) - [1]
2025-09-11 21:54:17.815 TRACE 11487 --- [http-nio-8080-exec-9] o.h.type.descriptor.sql.BasicExtractor   : extracted value ([email2_4_] : [VARCHAR]) - [jatin@2gmail.com]
2025-09-11 21:54:17.815 TRACE 11487 --- [http-nio-8080-exec-9] o.h.type.descriptor.sql.BasicExtractor   : extracted value ([first_na3_4_] : [VARCHAR]) - [jatin]
2025-09-11 21:54:17.815 TRACE 11487 --- [http-nio-8080-exec-9] o.h.type.descriptor.sql.BasicExtractor   : extracted value ([last_nam4_4_] : [VARCHAR]) - [yadav]
2025-09-11 21:54:17.815 TRACE 11487 --- [http-nio-8080-exec-9] o.h.type.descriptor.sql.BasicExtractor   : extracted value ([password5_4_] : [VARCHAR]) - [$2a$10$UMYVUObsi6WU/tenNDnPhu5YYSF5a9/u9UYQV35.Uv0ZJQE3nTPku]
2025-09-11 21:54:17.815 TRACE 11487 --- [http-nio-8080-exec-9] o.h.type.descriptor.sql.BasicExtractor   : extracted value ([phone_nu6_4_] : [VARCHAR]) - [0711111111]
2025-09-11 21:54:17.819 TRACE 11487 --- [http-nio-8080-exec-9] org.hibernate.type.CollectionType        : Created collection wrapper: [net.javaguides.springboot.model.User.bookingsBarber#1]
2025-09-11 21:54:17.819 TRACE 11487 --- [http-nio-8080-exec-9] org.hibernate.type.CollectionType        : Created collection wrapper: [net.javaguides.springboot.model.User.bookingsClient#1]
2025-09-11 21:54:17.819 TRACE 11487 --- [http-nio-8080-exec-9] org.hibernate.type.CollectionType        : Created collection wrapper: [net.javaguides.springboot.model.User.roles#1]
2025-09-11 21:54:17.819 TRACE 11487 --- [http-nio-8080-exec-9] org.hibernate.type.CollectionType        : Created collection wrapper: [net.javaguides.springboot.model.User.schedules#1]
2025-09-11 21:54:17.820 DEBUG 11487 --- [http-nio-8080-exec-9] org.hibernate.SQL                        : select roles0_.user_id as user_id1_5_0_, roles0_.role_id as role_id2_5_0_, role1_.id as id1_1_1_, role1_.name as name2_1_1_ from users_roles roles0_ inner join roles role1_ on roles0_.role_id=role1_.id where roles0_.user_id=?
2025-09-11 21:54:17.820 TRACE 11487 --- [http-nio-8080-exec-9] o.h.type.descriptor.sql.BasicBinder      : binding parameter [1] as [BIGINT] - [1]
2025-09-11 21:54:17.822 TRACE 11487 --- [http-nio-8080-exec-9] o.h.type.descriptor.sql.BasicExtractor   : extracted value ([id1_1_1_] : [BIGINT]) - [3]
2025-09-11 21:54:17.823 TRACE 11487 --- [http-nio-8080-exec-9] o.h.type.descriptor.sql.BasicExtractor   : extracted value ([name2_1_1_] : [VARCHAR]) - [ROLE_USER]
2025-09-11 21:54:17.823 TRACE 11487 --- [http-nio-8080-exec-9] o.h.type.descriptor.sql.BasicExtractor   : extracted value ([user_id1_5_0_] : [BIGINT]) - [1]
2025-09-11 21:54:17.823 TRACE 11487 --- [http-nio-8080-exec-9] o.h.type.descriptor.sql.BasicExtractor   : extracted value ([role_id2_5_0_] : [BIGINT]) - [3]
2025-09-11 21:54:30.417 DEBUG 11487 --- [http-nio-8080-exec-6] org.hibernate.SQL                        : select barberserv0_.id as id1_3_, barberserv0_.description as descript2_3_, barberserv0_.name as name3_3_ from service barberserv0_
2025-09-11 21:54:30.432 TRACE 11487 --- [http-nio-8080-exec-6] o.h.type.descriptor.sql.BasicExtractor   : extracted value ([id1_3_] : [BIGINT]) - [1]
2025-09-11 21:54:30.432 TRACE 11487 --- [http-nio-8080-exec-6] o.h.type.descriptor.sql.BasicExtractor   : extracted value ([descript2_3_] : [VARCHAR]) - [Normal Hair Cutting]
2025-09-11 21:54:30.432 TRACE 11487 --- [http-nio-8080-exec-6] o.h.type.descriptor.sql.BasicExtractor   : extracted value ([name3_3_] : [VARCHAR]) - [Basic Hair Cutting]
2025-09-11 21:54:30.432 TRACE 11487 --- [http-nio-8080-exec-6] o.h.type.descriptor.sql.BasicExtractor   : extracted value ([id1_3_] : [BIGINT]) - [2]
2025-09-11 21:54:30.433 TRACE 11487 --- [http-nio-8080-exec-6] o.h.type.descriptor.sql.BasicExtractor   : extracted value ([descript2_3_] : [VARCHAR]) - [Basic trimming]
2025-09-11 21:54:30.433 TRACE 11487 --- [http-nio-8080-exec-6] o.h.type.descriptor.sql.BasicExtractor   : extracted value ([name3_3_] : [VARCHAR]) - [Beard Trim]
2025-09-11 21:54:30.433 TRACE 11487 --- [http-nio-8080-exec-6] org.hibernate.type.CollectionType        : Created collection wrapper: [net.javaguides.springboot.model.BarberServiceModel.bookings#1]
2025-09-11 21:54:30.433 TRACE 11487 --- [http-nio-8080-exec-6] org.hibernate.type.CollectionType        : Created collection wrapper: [net.javaguides.springboot.model.BarberServiceModel.bookings#2]
2025-09-11 21:54:35.157 DEBUG 11487 --- [http-nio-8080-exec-3] org.hibernate.SQL                        : select role0_.id as id1_1_, role0_.name as name2_1_ from roles role0_ where role0_.name=?
2025-09-11 21:54:35.159 TRACE 11487 --- [http-nio-8080-exec-3] o.h.type.descriptor.sql.BasicBinder      : binding parameter [1] as [VARCHAR] - [ROLE_BARBER]
2025-09-11 21:54:35.161 TRACE 11487 --- [http-nio-8080-exec-3] o.h.type.descriptor.sql.BasicExtractor   : extracted value ([id1_1_] : [BIGINT]) - [2]
2025-09-11 21:54:35.162 TRACE 11487 --- [http-nio-8080-exec-3] o.h.type.descriptor.sql.BasicExtractor   : extracted value ([name2_1_] : [VARCHAR]) - [ROLE_BARBER]
2025-09-11 21:54:35.176 DEBUG 11487 --- [http-nio-8080-exec-3] org.hibernate.SQL                        : select user0_.id as id1_4_, user0_.email as email2_4_, user0_.first_name as first_na3_4_, user0_.last_name as last_nam4_4_, user0_.password as password5_4_, user0_.phone_number as phone_nu6_4_ from user user0_ left outer join users_roles roles1_ on user0_.id=roles1_.user_id left outer join roles role2_ on roles1_.role_id=role2_.id where role2_.id=?
2025-09-11 21:54:35.177 TRACE 11487 --- [http-nio-8080-exec-3] o.h.type.descriptor.sql.BasicBinder      : binding parameter [1] as [BIGINT] - [2]
2025-09-11 21:54:35.180 TRACE 11487 --- [http-nio-8080-exec-3] o.h.type.descriptor.sql.BasicExtractor   : extracted value ([id1_4_] : [BIGINT]) - [2]
2025-09-11 21:54:35.180 TRACE 11487 --- [http-nio-8080-exec-3] o.h.type.descriptor.sql.BasicExtractor   : extracted value ([email2_4_] : [VARCHAR]) - [demo@gmail.com]
2025-09-11 21:54:35.180 TRACE 11487 --- [http-nio-8080-exec-3] o.h.type.descriptor.sql.BasicExtractor   : extracted value ([first_na3_4_] : [VARCHAR]) - [demo]
2025-09-11 21:54:35.180 TRACE 11487 --- [http-nio-8080-exec-3] o.h.type.descriptor.sql.BasicExtractor   : extracted value ([last_nam4_4_] : [VARCHAR]) - [charan]
2025-09-11 21:54:35.180 TRACE 11487 --- [http-nio-8080-exec-3] o.h.type.descriptor.sql.BasicExtractor   : extracted value ([password5_4_] : [VARCHAR]) - [$2a$10$H8ZG4e6c3j2vVVoLgpwKjOoAL6s0nFlnPAIlEN5XdZsX7ex6h8jv.]
2025-09-11 21:54:35.180 TRACE 11487 --- [http-nio-8080-exec-3] o.h.type.descriptor.sql.BasicExtractor   : extracted value ([phone_nu6_4_] : [VARCHAR]) - [1234567890]
2025-09-11 21:54:35.180 TRACE 11487 --- [http-nio-8080-exec-3] o.h.type.descriptor.sql.BasicExtractor   : extracted value ([id1_4_] : [BIGINT]) - [6]
2025-09-11 21:54:35.180 TRACE 11487 --- [http-nio-8080-exec-3] o.h.type.descriptor.sql.BasicExtractor   : extracted value ([email2_4_] : [VARCHAR]) - [naman@gmail.com]
2025-09-11 21:54:35.180 TRACE 11487 --- [http-nio-8080-exec-3] o.h.type.descriptor.sql.BasicExtractor   : extracted value ([first_na3_4_] : [VARCHAR]) - [naman]
2025-09-11 21:54:35.181 TRACE 11487 --- [http-nio-8080-exec-3] o.h.type.descriptor.sql.BasicExtractor   : extracted value ([last_nam4_4_] : [VARCHAR]) - [yadav]
2025-09-11 21:54:35.181 TRACE 11487 --- [http-nio-8080-exec-3] o.h.type.descriptor.sql.BasicExtractor   : extracted value ([password5_4_] : [VARCHAR]) - [$2a$10$gu2HQ6Q6j4zO1XidFTWjluSdIolW8O/eiChFPLOE0Dgf.GEqMCgdO]
2025-09-11 21:54:35.181 TRACE 11487 --- [http-nio-8080-exec-3] o.h.type.descriptor.sql.BasicExtractor   : extracted value ([phone_nu6_4_] : [VARCHAR]) - [1234567890]
2025-09-11 21:54:35.181 TRACE 11487 --- [http-nio-8080-exec-3] org.hibernate.type.CollectionType        : Created collection wrapper: [net.javaguides.springboot.model.User.bookingsBarber#2]
2025-09-11 21:54:35.181 TRACE 11487 --- [http-nio-8080-exec-3] org.hibernate.type.CollectionType        : Created collection wrapper: [net.javaguides.springboot.model.User.bookingsClient#2]
2025-09-11 21:54:35.181 TRACE 11487 --- [http-nio-8080-exec-3] org.hibernate.type.CollectionType        : Created collection wrapper: [net.javaguides.springboot.model.User.roles#2]
2025-09-11 21:54:35.181 TRACE 11487 --- [http-nio-8080-exec-3] org.hibernate.type.CollectionType        : Created collection wrapper: [net.javaguides.springboot.model.User.schedules#2]
2025-09-11 21:54:35.181 TRACE 11487 --- [http-nio-8080-exec-3] org.hibernate.type.CollectionType        : Created collection wrapper: [net.javaguides.springboot.model.User.bookingsBarber#6]
2025-09-11 21:54:35.181 TRACE 11487 --- [http-nio-8080-exec-3] org.hibernate.type.CollectionType        : Created collection wrapper: [net.javaguides.springboot.model.User.bookingsClient#6]
2025-09-11 21:54:35.181 TRACE 11487 --- [http-nio-8080-exec-3] org.hibernate.type.CollectionType        : Created collection wrapper: [net.javaguides.springboot.model.User.roles#6]
2025-09-11 21:54:35.181 TRACE 11487 --- [http-nio-8080-exec-3] org.hibernate.type.CollectionType        : Created collection wrapper: [net.javaguides.springboot.model.User.schedules#6]
2025-09-11 21:54:35.181 DEBUG 11487 --- [http-nio-8080-exec-3] org.hibernate.SQL                        : select roles0_.user_id as user_id1_5_0_, roles0_.role_id as role_id2_5_0_, role1_.id as id1_1_1_, role1_.name as name2_1_1_ from users_roles roles0_ inner join roles role1_ on roles0_.role_id=role1_.id where roles0_.user_id=?
2025-09-11 21:54:35.182 TRACE 11487 --- [http-nio-8080-exec-3] o.h.type.descriptor.sql.BasicBinder      : binding parameter [1] as [BIGINT] - [6]
2025-09-11 21:54:35.183 TRACE 11487 --- [http-nio-8080-exec-3] o.h.type.descriptor.sql.BasicExtractor   : extracted value ([id1_1_1_] : [BIGINT]) - [2]
2025-09-11 21:54:35.183 TRACE 11487 --- [http-nio-8080-exec-3] o.h.type.descriptor.sql.BasicExtractor   : extracted value ([user_id1_5_0_] : [BIGINT]) - [6]
2025-09-11 21:54:35.183 TRACE 11487 --- [http-nio-8080-exec-3] o.h.type.descriptor.sql.BasicExtractor   : extracted value ([role_id2_5_0_] : [BIGINT]) - [2]
2025-09-11 21:54:35.183 DEBUG 11487 --- [http-nio-8080-exec-3] org.hibernate.SQL                        : select roles0_.user_id as user_id1_5_0_, roles0_.role_id as role_id2_5_0_, role1_.id as id1_1_1_, role1_.name as name2_1_1_ from users_roles roles0_ inner join roles role1_ on roles0_.role_id=role1_.id where roles0_.user_id=?
2025-09-11 21:54:35.183 TRACE 11487 --- [http-nio-8080-exec-3] o.h.type.descriptor.sql.BasicBinder      : binding parameter [1] as [BIGINT] - [2]
2025-09-11 21:54:35.184 TRACE 11487 --- [http-nio-8080-exec-3] o.h.type.descriptor.sql.BasicExtractor   : extracted value ([id1_1_1_] : [BIGINT]) - [2]
2025-09-11 21:54:35.184 TRACE 11487 --- [http-nio-8080-exec-3] o.h.type.descriptor.sql.BasicExtractor   : extracted value ([user_id1_5_0_] : [BIGINT]) - [2]
2025-09-11 21:54:35.184 TRACE 11487 --- [http-nio-8080-exec-3] o.h.type.descriptor.sql.BasicExtractor   : extracted value ([role_id2_5_0_] : [BIGINT]) - [2]
2025-09-11 21:54:35.186 DEBUG 11487 --- [http-nio-8080-exec-3] org.hibernate.SQL                        : select barberserv0_.id as id1_3_, barberserv0_.description as descript2_3_, barberserv0_.name as name3_3_ from service barberserv0_
2025-09-11 21:54:35.186 TRACE 11487 --- [http-nio-8080-exec-3] o.h.type.descriptor.sql.BasicExtractor   : extracted value ([id1_3_] : [BIGINT]) - [1]
2025-09-11 21:54:35.187 TRACE 11487 --- [http-nio-8080-exec-3] o.h.type.descriptor.sql.BasicExtractor   : extracted value ([descript2_3_] : [VARCHAR]) - [Normal Hair Cutting]
2025-09-11 21:54:35.187 TRACE 11487 --- [http-nio-8080-exec-3] o.h.type.descriptor.sql.BasicExtractor   : extracted value ([name3_3_] : [VARCHAR]) - [Basic Hair Cutting]
2025-09-11 21:54:35.187 TRACE 11487 --- [http-nio-8080-exec-3] o.h.type.descriptor.sql.BasicExtractor   : extracted value ([id1_3_] : [BIGINT]) - [2]
2025-09-11 21:54:35.187 TRACE 11487 --- [http-nio-8080-exec-3] o.h.type.descriptor.sql.BasicExtractor   : extracted value ([descript2_3_] : [VARCHAR]) - [Basic trimming]
2025-09-11 21:54:35.187 TRACE 11487 --- [http-nio-8080-exec-3] o.h.type.descriptor.sql.BasicExtractor   : extracted value ([name3_3_] : [VARCHAR]) - [Beard Trim]
2025-09-11 21:54:35.187 TRACE 11487 --- [http-nio-8080-exec-3] org.hibernate.type.CollectionType        : Created collection wrapper: [net.javaguides.springboot.model.BarberServiceModel.bookings#1]
2025-09-11 21:54:35.187 TRACE 11487 --- [http-nio-8080-exec-3] org.hibernate.type.CollectionType        : Created collection wrapper: [net.javaguides.springboot.model.BarberServiceModel.bookings#2]
2025-09-11 21:54:35.190 DEBUG 11487 --- [http-nio-8080-exec-3] org.hibernate.SQL                        : select distinct schedule0_.date as col_0_0_ from schedule schedule0_ where schedule0_.status='FREE'
2025-09-11 21:54:35.193 TRACE 11487 --- [http-nio-8080-exec-3] o.h.type.descriptor.sql.BasicExtractor   : extracted value ([col_0_0_] : [DATE]) - [2025-09-11]
2025-09-11 21:54:35.194 DEBUG 11487 --- [http-nio-8080-exec-3] org.hibernate.SQL                        : select distinct schedule0_.time as col_0_0_ from schedule schedule0_ where schedule0_.status='FREE'
2025-09-11 21:54:35.196 TRACE 11487 --- [http-nio-8080-exec-3] o.h.type.descriptor.sql.BasicExtractor   : extracted value ([col_0_0_] : [TIME]) - [10:00]
2025-09-11 21:54:35.196 TRACE 11487 --- [http-nio-8080-exec-3] o.h.type.descriptor.sql.BasicExtractor   : extracted value ([col_0_0_] : [TIME]) - [10:30]
2025-09-11 21:54:35.196 TRACE 11487 --- [http-nio-8080-exec-3] o.h.type.descriptor.sql.BasicExtractor   : extracted value ([col_0_0_] : [TIME]) - [11:00]
2025-09-11 21:54:35.197 TRACE 11487 --- [http-nio-8080-exec-3] o.h.type.descriptor.sql.BasicExtractor   : extracted value ([col_0_0_] : [TIME]) - [11:30]
2025-09-11 21:54:35.197 TRACE 11487 --- [http-nio-8080-exec-3] o.h.type.descriptor.sql.BasicExtractor   : extracted value ([col_0_0_] : [TIME]) - [12:00]
2025-09-11 21:54:35.197 TRACE 11487 --- [http-nio-8080-exec-3] o.h.type.descriptor.sql.BasicExtractor   : extracted value ([col_0_0_] : [TIME]) - [12:30]
2025-09-11 21:54:35.197 TRACE 11487 --- [http-nio-8080-exec-3] o.h.type.descriptor.sql.BasicExtractor   : extracted value ([col_0_0_] : [TIME]) - [13:00]
2025-09-11 21:54:35.197 TRACE 11487 --- [http-nio-8080-exec-3] o.h.type.descriptor.sql.BasicExtractor   : extracted value ([col_0_0_] : [TIME]) - [13:30]
2025-09-11 21:54:35.197 TRACE 11487 --- [http-nio-8080-exec-3] o.h.type.descriptor.sql.BasicExtractor   : extracted value ([col_0_0_] : [TIME]) - [14:00]
2025-09-11 21:54:35.197 TRACE 11487 --- [http-nio-8080-exec-3] o.h.type.descriptor.sql.BasicExtractor   : extracted value ([col_0_0_] : [TIME]) - [14:30]
2025-09-11 21:54:35.197 TRACE 11487 --- [http-nio-8080-exec-3] o.h.type.descriptor.sql.BasicExtractor   : extracted value ([col_0_0_] : [TIME]) - [15:00]
2025-09-11 21:54:35.197 TRACE 11487 --- [http-nio-8080-exec-3] o.h.type.descriptor.sql.BasicExtractor   : extracted value ([col_0_0_] : [TIME]) - [15:30]
2025-09-11 21:54:35.198 TRACE 11487 --- [http-nio-8080-exec-3] o.h.type.descriptor.sql.BasicExtractor   : extracted value ([col_0_0_] : [TIME]) - [16:00]
2025-09-11 21:54:35.198 TRACE 11487 --- [http-nio-8080-exec-3] o.h.type.descriptor.sql.BasicExtractor   : extracted value ([col_0_0_] : [TIME]) - [16:30]
2025-09-11 21:54:35.198 TRACE 11487 --- [http-nio-8080-exec-3] o.h.type.descriptor.sql.BasicExtractor   : extracted value ([col_0_0_] : [TIME]) - [17:00]
2025-09-11 21:54:35.198 TRACE 11487 --- [http-nio-8080-exec-3] o.h.type.descriptor.sql.BasicExtractor   : extracted value ([col_0_0_] : [TIME]) - [17:30]
2025-09-11 21:54:39.381 DEBUG 11487 --- [http-nio-8080-exec-5] org.hibernate.SQL                        : select role0_.id as id1_1_, role0_.name as name2_1_ from roles role0_ where role0_.name=?
2025-09-11 21:54:39.384 TRACE 11487 --- [http-nio-8080-exec-5] o.h.type.descriptor.sql.BasicBinder      : binding parameter [1] as [VARCHAR] - [ROLE_BARBER]
2025-09-11 21:54:39.385 TRACE 11487 --- [http-nio-8080-exec-5] o.h.type.descriptor.sql.BasicExtractor   : extracted value ([id1_1_] : [BIGINT]) - [2]
2025-09-11 21:54:39.386 TRACE 11487 --- [http-nio-8080-exec-5] o.h.type.descriptor.sql.BasicExtractor   : extracted value ([name2_1_] : [VARCHAR]) - [ROLE_BARBER]
2025-09-11 21:54:39.387 DEBUG 11487 --- [http-nio-8080-exec-5] org.hibernate.SQL                        : select user0_.id as id1_4_, user0_.email as email2_4_, user0_.first_name as first_na3_4_, user0_.last_name as last_nam4_4_, user0_.password as password5_4_, user0_.phone_number as phone_nu6_4_ from user user0_ left outer join users_roles roles1_ on user0_.id=roles1_.user_id left outer join roles role2_ on roles1_.role_id=role2_.id where role2_.id=?
2025-09-11 21:54:39.387 TRACE 11487 --- [http-nio-8080-exec-5] o.h.type.descriptor.sql.BasicBinder      : binding parameter [1] as [BIGINT] - [2]
2025-09-11 21:54:39.389 TRACE 11487 --- [http-nio-8080-exec-5] o.h.type.descriptor.sql.BasicExtractor   : extracted value ([id1_4_] : [BIGINT]) - [2]
2025-09-11 21:54:39.389 TRACE 11487 --- [http-nio-8080-exec-5] o.h.type.descriptor.sql.BasicExtractor   : extracted value ([email2_4_] : [VARCHAR]) - [demo@gmail.com]
2025-09-11 21:54:39.389 TRACE 11487 --- [http-nio-8080-exec-5] o.h.type.descriptor.sql.BasicExtractor   : extracted value ([first_na3_4_] : [VARCHAR]) - [demo]
2025-09-11 21:54:39.389 TRACE 11487 --- [http-nio-8080-exec-5] o.h.type.descriptor.sql.BasicExtractor   : extracted value ([last_nam4_4_] : [VARCHAR]) - [charan]
2025-09-11 21:54:39.389 TRACE 11487 --- [http-nio-8080-exec-5] o.h.type.descriptor.sql.BasicExtractor   : extracted value ([password5_4_] : [VARCHAR]) - [$2a$10$H8ZG4e6c3j2vVVoLgpwKjOoAL6s0nFlnPAIlEN5XdZsX7ex6h8jv.]
2025-09-11 21:54:39.389 TRACE 11487 --- [http-nio-8080-exec-5] o.h.type.descriptor.sql.BasicExtractor   : extracted value ([phone_nu6_4_] : [VARCHAR]) - [1234567890]
2025-09-11 21:54:39.389 TRACE 11487 --- [http-nio-8080-exec-5] o.h.type.descriptor.sql.BasicExtractor   : extracted value ([id1_4_] : [BIGINT]) - [6]
2025-09-11 21:54:39.389 TRACE 11487 --- [http-nio-8080-exec-5] o.h.type.descriptor.sql.BasicExtractor   : extracted value ([email2_4_] : [VARCHAR]) - [naman@gmail.com]
2025-09-11 21:54:39.389 TRACE 11487 --- [http-nio-8080-exec-5] o.h.type.descriptor.sql.BasicExtractor   : extracted value ([first_na3_4_] : [VARCHAR]) - [naman]
2025-09-11 21:54:39.389 TRACE 11487 --- [http-nio-8080-exec-5] o.h.type.descriptor.sql.BasicExtractor   : extracted value ([last_nam4_4_] : [VARCHAR]) - [yadav]
2025-09-11 21:54:39.389 TRACE 11487 --- [http-nio-8080-exec-5] o.h.type.descriptor.sql.BasicExtractor   : extracted value ([password5_4_] : [VARCHAR]) - [$2a$10$gu2HQ6Q6j4zO1XidFTWjluSdIolW8O/eiChFPLOE0Dgf.GEqMCgdO]
2025-09-11 21:54:39.390 TRACE 11487 --- [http-nio-8080-exec-5] o.h.type.descriptor.sql.BasicExtractor   : extracted value ([phone_nu6_4_] : [VARCHAR]) - [1234567890]
2025-09-11 21:54:39.390 TRACE 11487 --- [http-nio-8080-exec-5] org.hibernate.type.CollectionType        : Created collection wrapper: [net.javaguides.springboot.model.User.bookingsBarber#2]
2025-09-11 21:54:39.390 TRACE 11487 --- [http-nio-8080-exec-5] org.hibernate.type.CollectionType        : Created collection wrapper: [net.javaguides.springboot.model.User.bookingsClient#2]
2025-09-11 21:54:39.390 TRACE 11487 --- [http-nio-8080-exec-5] org.hibernate.type.CollectionType        : Created collection wrapper: [net.javaguides.springboot.model.User.roles#2]
2025-09-11 21:54:39.390 TRACE 11487 --- [http-nio-8080-exec-5] org.hibernate.type.CollectionType        : Created collection wrapper: [net.javaguides.springboot.model.User.schedules#2]
2025-09-11 21:54:39.390 TRACE 11487 --- [http-nio-8080-exec-5] org.hibernate.type.CollectionType        : Created collection wrapper: [net.javaguides.springboot.model.User.bookingsBarber#6]
2025-09-11 21:54:39.390 TRACE 11487 --- [http-nio-8080-exec-5] org.hibernate.type.CollectionType        : Created collection wrapper: [net.javaguides.springboot.model.User.bookingsClient#6]
2025-09-11 21:54:39.391 TRACE 11487 --- [http-nio-8080-exec-5] org.hibernate.type.CollectionType        : Created collection wrapper: [net.javaguides.springboot.model.User.roles#6]
2025-09-11 21:54:39.391 TRACE 11487 --- [http-nio-8080-exec-5] org.hibernate.type.CollectionType        : Created collection wrapper: [net.javaguides.springboot.model.User.schedules#6]
2025-09-11 21:54:39.391 DEBUG 11487 --- [http-nio-8080-exec-5] org.hibernate.SQL                        : select roles0_.user_id as user_id1_5_0_, roles0_.role_id as role_id2_5_0_, role1_.id as id1_1_1_, role1_.name as name2_1_1_ from users_roles roles0_ inner join roles role1_ on roles0_.role_id=role1_.id where roles0_.user_id=?
2025-09-11 21:54:39.391 TRACE 11487 --- [http-nio-8080-exec-5] o.h.type.descriptor.sql.BasicBinder      : binding parameter [1] as [BIGINT] - [6]
2025-09-11 21:54:39.392 TRACE 11487 --- [http-nio-8080-exec-5] o.h.type.descriptor.sql.BasicExtractor   : extracted value ([id1_1_1_] : [BIGINT]) - [2]
2025-09-11 21:54:39.392 TRACE 11487 --- [http-nio-8080-exec-5] o.h.type.descriptor.sql.BasicExtractor   : extracted value ([user_id1_5_0_] : [BIGINT]) - [6]
2025-09-11 21:54:39.392 TRACE 11487 --- [http-nio-8080-exec-5] o.h.type.descriptor.sql.BasicExtractor   : extracted value ([role_id2_5_0_] : [BIGINT]) - [2]
2025-09-11 21:54:39.393 DEBUG 11487 --- [http-nio-8080-exec-5] org.hibernate.SQL                        : select roles0_.user_id as user_id1_5_0_, roles0_.role_id as role_id2_5_0_, role1_.id as id1_1_1_, role1_.name as name2_1_1_ from users_roles roles0_ inner join roles role1_ on roles0_.role_id=role1_.id where roles0_.user_id=?
2025-09-11 21:54:39.393 TRACE 11487 --- [http-nio-8080-exec-5] o.h.type.descriptor.sql.BasicBinder      : binding parameter [1] as [BIGINT] - [2]
2025-09-11 21:54:39.394 TRACE 11487 --- [http-nio-8080-exec-5] o.h.type.descriptor.sql.BasicExtractor   : extracted value ([id1_1_1_] : [BIGINT]) - [2]
2025-09-11 21:54:39.394 TRACE 11487 --- [http-nio-8080-exec-5] o.h.type.descriptor.sql.BasicExtractor   : extracted value ([user_id1_5_0_] : [BIGINT]) - [2]
2025-09-11 21:54:39.394 TRACE 11487 --- [http-nio-8080-exec-5] o.h.type.descriptor.sql.BasicExtractor   : extracted value ([role_id2_5_0_] : [BIGINT]) - [2]
2025-09-11 21:54:39.397 DEBUG 11487 --- [http-nio-8080-exec-5] org.hibernate.SQL                        : select barberserv0_.id as id1_3_, barberserv0_.description as descript2_3_, barberserv0_.name as name3_3_ from service barberserv0_
2025-09-11 21:54:39.398 TRACE 11487 --- [http-nio-8080-exec-5] o.h.type.descriptor.sql.BasicExtractor   : extracted value ([id1_3_] : [BIGINT]) - [1]
2025-09-11 21:54:39.398 TRACE 11487 --- [http-nio-8080-exec-5] o.h.type.descriptor.sql.BasicExtractor   : extracted value ([descript2_3_] : [VARCHAR]) - [Normal Hair Cutting]
2025-09-11 21:54:39.398 TRACE 11487 --- [http-nio-8080-exec-5] o.h.type.descriptor.sql.BasicExtractor   : extracted value ([name3_3_] : [VARCHAR]) - [Basic Hair Cutting]
2025-09-11 21:54:39.398 TRACE 11487 --- [http-nio-8080-exec-5] o.h.type.descriptor.sql.BasicExtractor   : extracted value ([id1_3_] : [BIGINT]) - [2]
2025-09-11 21:54:39.398 TRACE 11487 --- [http-nio-8080-exec-5] o.h.type.descriptor.sql.BasicExtractor   : extracted value ([descript2_3_] : [VARCHAR]) - [Basic trimming]
2025-09-11 21:54:39.399 TRACE 11487 --- [http-nio-8080-exec-5] o.h.type.descriptor.sql.BasicExtractor   : extracted value ([name3_3_] : [VARCHAR]) - [Beard Trim]
2025-09-11 21:54:39.399 TRACE 11487 --- [http-nio-8080-exec-5] org.hibernate.type.CollectionType        : Created collection wrapper: [net.javaguides.springboot.model.BarberServiceModel.bookings#1]
2025-09-11 21:54:39.399 TRACE 11487 --- [http-nio-8080-exec-5] org.hibernate.type.CollectionType        : Created collection wrapper: [net.javaguides.springboot.model.BarberServiceModel.bookings#2]
2025-09-11 21:54:39.401 DEBUG 11487 --- [http-nio-8080-exec-5] org.hibernate.SQL                        : select distinct schedule0_.date as col_0_0_ from schedule schedule0_ where schedule0_.status='FREE'
2025-09-11 21:54:39.403 TRACE 11487 --- [http-nio-8080-exec-5] o.h.type.descriptor.sql.BasicExtractor   : extracted value ([col_0_0_] : [DATE]) - [2025-09-11]
2025-09-11 21:54:39.403 DEBUG 11487 --- [http-nio-8080-exec-5] org.hibernate.SQL                        : select distinct schedule0_.time as col_0_0_ from schedule schedule0_ where schedule0_.status='FREE'
2025-09-11 21:54:39.404 TRACE 11487 --- [http-nio-8080-exec-5] o.h.type.descriptor.sql.BasicExtractor   : extracted value ([col_0_0_] : [TIME]) - [10:00]
2025-09-11 21:54:39.404 TRACE 11487 --- [http-nio-8080-exec-5] o.h.type.descriptor.sql.BasicExtractor   : extracted value ([col_0_0_] : [TIME]) - [10:30]
2025-09-11 21:54:39.404 TRACE 11487 --- [http-nio-8080-exec-5] o.h.type.descriptor.sql.BasicExtractor   : extracted value ([col_0_0_] : [TIME]) - [11:00]
2025-09-11 21:54:39.404 TRACE 11487 --- [http-nio-8080-exec-5] o.h.type.descriptor.sql.BasicExtractor   : extracted value ([col_0_0_] : [TIME]) - [11:30]
2025-09-11 21:54:39.404 TRACE 11487 --- [http-nio-8080-exec-5] o.h.type.descriptor.sql.BasicExtractor   : extracted value ([col_0_0_] : [TIME]) - [12:00]
2025-09-11 21:54:39.405 TRACE 11487 --- [http-nio-8080-exec-5] o.h.type.descriptor.sql.BasicExtractor   : extracted value ([col_0_0_] : [TIME]) - [12:30]
2025-09-11 21:54:39.405 TRACE 11487 --- [http-nio-8080-exec-5] o.h.type.descriptor.sql.BasicExtractor   : extracted value ([col_0_0_] : [TIME]) - [13:00]
2025-09-11 21:54:39.405 TRACE 11487 --- [http-nio-8080-exec-5] o.h.type.descriptor.sql.BasicExtractor   : extracted value ([col_0_0_] : [TIME]) - [13:30]
2025-09-11 21:54:39.405 TRACE 11487 --- [http-nio-8080-exec-5] o.h.type.descriptor.sql.BasicExtractor   : extracted value ([col_0_0_] : [TIME]) - [14:00]
2025-09-11 21:54:39.405 TRACE 11487 --- [http-nio-8080-exec-5] o.h.type.descriptor.sql.BasicExtractor   : extracted value ([col_0_0_] : [TIME]) - [14:30]
2025-09-11 21:54:39.405 TRACE 11487 --- [http-nio-8080-exec-5] o.h.type.descriptor.sql.BasicExtractor   : extracted value ([col_0_0_] : [TIME]) - [15:00]
2025-09-11 21:54:39.405 TRACE 11487 --- [http-nio-8080-exec-5] o.h.type.descriptor.sql.BasicExtractor   : extracted value ([col_0_0_] : [TIME]) - [15:30]
2025-09-11 21:54:39.405 TRACE 11487 --- [http-nio-8080-exec-5] o.h.type.descriptor.sql.BasicExtractor   : extracted value ([col_0_0_] : [TIME]) - [16:00]
2025-09-11 21:54:39.405 TRACE 11487 --- [http-nio-8080-exec-5] o.h.type.descriptor.sql.BasicExtractor   : extracted value ([col_0_0_] : [TIME]) - [16:30]
2025-09-11 21:54:39.406 TRACE 11487 --- [http-nio-8080-exec-5] o.h.type.descriptor.sql.BasicExtractor   : extracted value ([col_0_0_] : [TIME]) - [17:00]
2025-09-11 21:54:39.406 TRACE 11487 --- [http-nio-8080-exec-5] o.h.type.descriptor.sql.BasicExtractor   : extracted value ([col_0_0_] : [TIME]) - [17:30]
2025-09-11 21:54:39.418 DEBUG 11487 --- [http-nio-8080-exec-6] org.hibernate.SQL                        : select role0_.id as id1_1_, role0_.name as name2_1_ from roles role0_ where role0_.name=?
2025-09-11 21:54:39.419 TRACE 11487 --- [http-nio-8080-exec-6] o.h.type.descriptor.sql.BasicBinder      : binding parameter [1] as [VARCHAR] - [ROLE_BARBER]
2025-09-11 21:54:39.420 TRACE 11487 --- [http-nio-8080-exec-6] o.h.type.descriptor.sql.BasicExtractor   : extracted value ([id1_1_] : [BIGINT]) - [2]
2025-09-11 21:54:39.420 TRACE 11487 --- [http-nio-8080-exec-6] o.h.type.descriptor.sql.BasicExtractor   : extracted value ([name2_1_] : [VARCHAR]) - [ROLE_BARBER]
2025-09-11 21:54:39.420 DEBUG 11487 --- [http-nio-8080-exec-6] org.hibernate.SQL                        : select user0_.id as id1_4_, user0_.email as email2_4_, user0_.first_name as first_na3_4_, user0_.last_name as last_nam4_4_, user0_.password as password5_4_, user0_.phone_number as phone_nu6_4_ from user user0_ left outer join users_roles roles1_ on user0_.id=roles1_.user_id left outer join roles role2_ on roles1_.role_id=role2_.id where role2_.id=?
2025-09-11 21:54:39.421 TRACE 11487 --- [http-nio-8080-exec-6] o.h.type.descriptor.sql.BasicBinder      : binding parameter [1] as [BIGINT] - [2]
2025-09-11 21:54:39.422 TRACE 11487 --- [http-nio-8080-exec-6] o.h.type.descriptor.sql.BasicExtractor   : extracted value ([id1_4_] : [BIGINT]) - [2]
2025-09-11 21:54:39.422 TRACE 11487 --- [http-nio-8080-exec-6] o.h.type.descriptor.sql.BasicExtractor   : extracted value ([email2_4_] : [VARCHAR]) - [demo@gmail.com]
2025-09-11 21:54:39.422 TRACE 11487 --- [http-nio-8080-exec-6] o.h.type.descriptor.sql.BasicExtractor   : extracted value ([first_na3_4_] : [VARCHAR]) - [demo]
2025-09-11 21:54:39.422 TRACE 11487 --- [http-nio-8080-exec-6] o.h.type.descriptor.sql.BasicExtractor   : extracted value ([last_nam4_4_] : [VARCHAR]) - [charan]
2025-09-11 21:54:39.422 TRACE 11487 --- [http-nio-8080-exec-6] o.h.type.descriptor.sql.BasicExtractor   : extracted value ([password5_4_] : [VARCHAR]) - [$2a$10$H8ZG4e6c3j2vVVoLgpwKjOoAL6s0nFlnPAIlEN5XdZsX7ex6h8jv.]
2025-09-11 21:54:39.423 TRACE 11487 --- [http-nio-8080-exec-6] o.h.type.descriptor.sql.BasicExtractor   : extracted value ([phone_nu6_4_] : [VARCHAR]) - [1234567890]
2025-09-11 21:54:39.423 TRACE 11487 --- [http-nio-8080-exec-6] o.h.type.descriptor.sql.BasicExtractor   : extracted value ([id1_4_] : [BIGINT]) - [6]
2025-09-11 21:54:39.423 TRACE 11487 --- [http-nio-8080-exec-6] o.h.type.descriptor.sql.BasicExtractor   : extracted value ([email2_4_] : [VARCHAR]) - [naman@gmail.com]
2025-09-11 21:54:39.423 TRACE 11487 --- [http-nio-8080-exec-6] o.h.type.descriptor.sql.BasicExtractor   : extracted value ([first_na3_4_] : [VARCHAR]) - [naman]
2025-09-11 21:54:39.423 TRACE 11487 --- [http-nio-8080-exec-6] o.h.type.descriptor.sql.BasicExtractor   : extracted value ([last_nam4_4_] : [VARCHAR]) - [yadav]
2025-09-11 21:54:39.423 TRACE 11487 --- [http-nio-8080-exec-6] o.h.type.descriptor.sql.BasicExtractor   : extracted value ([password5_4_] : [VARCHAR]) - [$2a$10$gu2HQ6Q6j4zO1XidFTWjluSdIolW8O/eiChFPLOE0Dgf.GEqMCgdO]
2025-09-11 21:54:39.423 TRACE 11487 --- [http-nio-8080-exec-6] o.h.type.descriptor.sql.BasicExtractor   : extracted value ([phone_nu6_4_] : [VARCHAR]) - [1234567890]
2025-09-11 21:54:39.423 TRACE 11487 --- [http-nio-8080-exec-6] org.hibernate.type.CollectionType        : Created collection wrapper: [net.javaguides.springboot.model.User.bookingsBarber#2]
2025-09-11 21:54:39.423 TRACE 11487 --- [http-nio-8080-exec-6] org.hibernate.type.CollectionType        : Created collection wrapper: [net.javaguides.springboot.model.User.bookingsClient#2]
2025-09-11 21:54:39.423 TRACE 11487 --- [http-nio-8080-exec-6] org.hibernate.type.CollectionType        : Created collection wrapper: [net.javaguides.springboot.model.User.roles#2]
2025-09-11 21:54:39.423 TRACE 11487 --- [http-nio-8080-exec-6] org.hibernate.type.CollectionType        : Created collection wrapper: [net.javaguides.springboot.model.User.schedules#2]
2025-09-11 21:54:39.423 TRACE 11487 --- [http-nio-8080-exec-6] org.hibernate.type.CollectionType        : Created collection wrapper: [net.javaguides.springboot.model.User.bookingsBarber#6]
2025-09-11 21:54:39.423 TRACE 11487 --- [http-nio-8080-exec-6] org.hibernate.type.CollectionType        : Created collection wrapper: [net.javaguides.springboot.model.User.bookingsClient#6]
2025-09-11 21:54:39.423 TRACE 11487 --- [http-nio-8080-exec-6] org.hibernate.type.CollectionType        : Created collection wrapper: [net.javaguides.springboot.model.User.roles#6]
2025-09-11 21:54:39.423 TRACE 11487 --- [http-nio-8080-exec-6] org.hibernate.type.CollectionType        : Created collection wrapper: [net.javaguides.springboot.model.User.schedules#6]
2025-09-11 21:54:39.423 DEBUG 11487 --- [http-nio-8080-exec-6] org.hibernate.SQL                        : select roles0_.user_id as user_id1_5_0_, roles0_.role_id as role_id2_5_0_, role1_.id as id1_1_1_, role1_.name as name2_1_1_ from users_roles roles0_ inner join roles role1_ on roles0_.role_id=role1_.id where roles0_.user_id=?
2025-09-11 21:54:39.424 TRACE 11487 --- [http-nio-8080-exec-6] o.h.type.descriptor.sql.BasicBinder      : binding parameter [1] as [BIGINT] - [6]
2025-09-11 21:54:39.424 TRACE 11487 --- [http-nio-8080-exec-6] o.h.type.descriptor.sql.BasicExtractor   : extracted value ([id1_1_1_] : [BIGINT]) - [2]
2025-09-11 21:54:39.425 TRACE 11487 --- [http-nio-8080-exec-6] o.h.type.descriptor.sql.BasicExtractor   : extracted value ([user_id1_5_0_] : [BIGINT]) - [6]
2025-09-11 21:54:39.425 TRACE 11487 --- [http-nio-8080-exec-6] o.h.type.descriptor.sql.BasicExtractor   : extracted value ([role_id2_5_0_] : [BIGINT]) - [2]
2025-09-11 21:54:39.425 DEBUG 11487 --- [http-nio-8080-exec-6] org.hibernate.SQL                        : select roles0_.user_id as user_id1_5_0_, roles0_.role_id as role_id2_5_0_, role1_.id as id1_1_1_, role1_.name as name2_1_1_ from users_roles roles0_ inner join roles role1_ on roles0_.role_id=role1_.id where roles0_.user_id=?
2025-09-11 21:54:39.425 TRACE 11487 --- [http-nio-8080-exec-6] o.h.type.descriptor.sql.BasicBinder      : binding parameter [1] as [BIGINT] - [2]
2025-09-11 21:54:39.425 TRACE 11487 --- [http-nio-8080-exec-6] o.h.type.descriptor.sql.BasicExtractor   : extracted value ([id1_1_1_] : [BIGINT]) - [2]
2025-09-11 21:54:39.425 TRACE 11487 --- [http-nio-8080-exec-6] o.h.type.descriptor.sql.BasicExtractor   : extracted value ([user_id1_5_0_] : [BIGINT]) - [2]
2025-09-11 21:54:39.426 TRACE 11487 --- [http-nio-8080-exec-6] o.h.type.descriptor.sql.BasicExtractor   : extracted value ([role_id2_5_0_] : [BIGINT]) - [2]
2025-09-11 21:54:39.427 DEBUG 11487 --- [http-nio-8080-exec-6] org.hibernate.SQL                        : select barberserv0_.id as id1_3_, barberserv0_.description as descript2_3_, barberserv0_.name as name3_3_ from service barberserv0_
2025-09-11 21:54:39.427 TRACE 11487 --- [http-nio-8080-exec-6] o.h.type.descriptor.sql.BasicExtractor   : extracted value ([id1_3_] : [BIGINT]) - [1]
2025-09-11 21:54:39.427 TRACE 11487 --- [http-nio-8080-exec-6] o.h.type.descriptor.sql.BasicExtractor   : extracted value ([descript2_3_] : [VARCHAR]) - [Normal Hair Cutting]
2025-09-11 21:54:39.427 TRACE 11487 --- [http-nio-8080-exec-6] o.h.type.descriptor.sql.BasicExtractor   : extracted value ([name3_3_] : [VARCHAR]) - [Basic Hair Cutting]
2025-09-11 21:54:39.427 TRACE 11487 --- [http-nio-8080-exec-6] o.h.type.descriptor.sql.BasicExtractor   : extracted value ([id1_3_] : [BIGINT]) - [2]
2025-09-11 21:54:39.427 TRACE 11487 --- [http-nio-8080-exec-6] o.h.type.descriptor.sql.BasicExtractor   : extracted value ([descript2_3_] : [VARCHAR]) - [Basic trimming]
2025-09-11 21:54:39.427 TRACE 11487 --- [http-nio-8080-exec-6] o.h.type.descriptor.sql.BasicExtractor   : extracted value ([name3_3_] : [VARCHAR]) - [Beard Trim]
2025-09-11 21:54:39.427 TRACE 11487 --- [http-nio-8080-exec-6] org.hibernate.type.CollectionType        : Created collection wrapper: [net.javaguides.springboot.model.BarberServiceModel.bookings#1]
2025-09-11 21:54:39.427 TRACE 11487 --- [http-nio-8080-exec-6] org.hibernate.type.CollectionType        : Created collection wrapper: [net.javaguides.springboot.model.BarberServiceModel.bookings#2]
2025-09-11 21:54:39.428 DEBUG 11487 --- [http-nio-8080-exec-6] org.hibernate.SQL                        : select distinct schedule0_.date as col_0_0_ from schedule schedule0_ where schedule0_.status='FREE'
2025-09-11 21:54:39.429 TRACE 11487 --- [http-nio-8080-exec-6] o.h.type.descriptor.sql.BasicExtractor   : extracted value ([col_0_0_] : [DATE]) - [2025-09-11]
2025-09-11 21:54:39.429 DEBUG 11487 --- [http-nio-8080-exec-6] org.hibernate.SQL                        : select distinct schedule0_.time as col_0_0_ from schedule schedule0_ where schedule0_.status='FREE'
2025-09-11 21:54:39.430 TRACE 11487 --- [http-nio-8080-exec-6] o.h.type.descriptor.sql.BasicExtractor   : extracted value ([col_0_0_] : [TIME]) - [10:00]
2025-09-11 21:54:39.430 TRACE 11487 --- [http-nio-8080-exec-6] o.h.type.descriptor.sql.BasicExtractor   : extracted value ([col_0_0_] : [TIME]) - [10:30]
2025-09-11 21:54:39.430 TRACE 11487 --- [http-nio-8080-exec-6] o.h.type.descriptor.sql.BasicExtractor   : extracted value ([col_0_0_] : [TIME]) - [11:00]
2025-09-11 21:54:39.430 TRACE 11487 --- [http-nio-8080-exec-6] o.h.type.descriptor.sql.BasicExtractor   : extracted value ([col_0_0_] : [TIME]) - [11:30]
2025-09-11 21:54:39.430 TRACE 11487 --- [http-nio-8080-exec-6] o.h.type.descriptor.sql.BasicExtractor   : extracted value ([col_0_0_] : [TIME]) - [12:00]
2025-09-11 21:54:39.430 TRACE 11487 --- [http-nio-8080-exec-6] o.h.type.descriptor.sql.BasicExtractor   : extracted value ([col_0_0_] : [TIME]) - [12:30]
2025-09-11 21:54:39.430 TRACE 11487 --- [http-nio-8080-exec-6] o.h.type.descriptor.sql.BasicExtractor   : extracted value ([col_0_0_] : [TIME]) - [13:00]
2025-09-11 21:54:39.430 TRACE 11487 --- [http-nio-8080-exec-6] o.h.type.descriptor.sql.BasicExtractor   : extracted value ([col_0_0_] : [TIME]) - [13:30]
2025-09-11 21:54:39.430 TRACE 11487 --- [http-nio-8080-exec-6] o.h.type.descriptor.sql.BasicExtractor   : extracted value ([col_0_0_] : [TIME]) - [14:00]
2025-09-11 21:54:39.430 TRACE 11487 --- [http-nio-8080-exec-6] o.h.type.descriptor.sql.BasicExtractor   : extracted value ([col_0_0_] : [TIME]) - [14:30]
2025-09-11 21:54:39.430 TRACE 11487 --- [http-nio-8080-exec-6] o.h.type.descriptor.sql.BasicExtractor   : extracted value ([col_0_0_] : [TIME]) - [15:00]
2025-09-11 21:54:39.430 TRACE 11487 --- [http-nio-8080-exec-6] o.h.type.descriptor.sql.BasicExtractor   : extracted value ([col_0_0_] : [TIME]) - [15:30]
2025-09-11 21:54:39.431 TRACE 11487 --- [http-nio-8080-exec-6] o.h.type.descriptor.sql.BasicExtractor   : extracted value ([col_0_0_] : [TIME]) - [16:00]
2025-09-11 21:54:39.431 TRACE 11487 --- [http-nio-8080-exec-6] o.h.type.descriptor.sql.BasicExtractor   : extracted value ([col_0_0_] : [TIME]) - [16:30]
2025-09-11 21:54:39.431 TRACE 11487 --- [http-nio-8080-exec-6] o.h.type.descriptor.sql.BasicExtractor   : extracted value ([col_0_0_] : [TIME]) - [17:00]
2025-09-11 21:54:39.431 TRACE 11487 --- [http-nio-8080-exec-6] o.h.type.descriptor.sql.BasicExtractor   : extracted value ([col_0_0_] : [TIME]) - [17:30]
2025-09-11 21:54:39.435 DEBUG 11487 --- [http-nio-8080-exec-6] org.hibernate.SQL                        : select distinct schedule0_.date as col_0_0_ from schedule schedule0_ where schedule0_.barber_id=? and schedule0_.status=?
2025-09-11 21:54:39.435 TRACE 11487 --- [http-nio-8080-exec-6] o.h.type.descriptor.sql.BasicBinder      : binding parameter [1] as [BIGINT] - [6]
2025-09-11 21:54:39.435 TRACE 11487 --- [http-nio-8080-exec-6] o.h.type.descriptor.sql.BasicBinder      : binding parameter [2] as [VARCHAR] - [FREE]
2025-09-11 21:54:39.436 TRACE 11487 --- [http-nio-8080-exec-6] o.h.type.descriptor.sql.BasicExtractor   : extracted value ([col_0_0_] : [DATE]) - [2025-09-11]
2025-09-11 21:54:42.962 DEBUG 11487 --- [http-nio-8080-exec-5] org.hibernate.SQL                        : select role0_.id as id1_1_, role0_.name as name2_1_ from roles role0_ where role0_.name=?
2025-09-11 21:54:42.963 TRACE 11487 --- [http-nio-8080-exec-5] o.h.type.descriptor.sql.BasicBinder      : binding parameter [1] as [VARCHAR] - [ROLE_BARBER]
2025-09-11 21:54:42.965 TRACE 11487 --- [http-nio-8080-exec-5] o.h.type.descriptor.sql.BasicExtractor   : extracted value ([id1_1_] : [BIGINT]) - [2]
2025-09-11 21:54:42.966 TRACE 11487 --- [http-nio-8080-exec-5] o.h.type.descriptor.sql.BasicExtractor   : extracted value ([name2_1_] : [VARCHAR]) - [ROLE_BARBER]
2025-09-11 21:54:42.967 DEBUG 11487 --- [http-nio-8080-exec-5] org.hibernate.SQL                        : select user0_.id as id1_4_, user0_.email as email2_4_, user0_.first_name as first_na3_4_, user0_.last_name as last_nam4_4_, user0_.password as password5_4_, user0_.phone_number as phone_nu6_4_ from user user0_ left outer join users_roles roles1_ on user0_.id=roles1_.user_id left outer join roles role2_ on roles1_.role_id=role2_.id where role2_.id=?
2025-09-11 21:54:42.967 TRACE 11487 --- [http-nio-8080-exec-5] o.h.type.descriptor.sql.BasicBinder      : binding parameter [1] as [BIGINT] - [2]
2025-09-11 21:54:42.969 TRACE 11487 --- [http-nio-8080-exec-5] o.h.type.descriptor.sql.BasicExtractor   : extracted value ([id1_4_] : [BIGINT]) - [2]
2025-09-11 21:54:42.969 TRACE 11487 --- [http-nio-8080-exec-5] o.h.type.descriptor.sql.BasicExtractor   : extracted value ([email2_4_] : [VARCHAR]) - [demo@gmail.com]
2025-09-11 21:54:42.970 TRACE 11487 --- [http-nio-8080-exec-5] o.h.type.descriptor.sql.BasicExtractor   : extracted value ([first_na3_4_] : [VARCHAR]) - [demo]
2025-09-11 21:54:42.970 TRACE 11487 --- [http-nio-8080-exec-5] o.h.type.descriptor.sql.BasicExtractor   : extracted value ([last_nam4_4_] : [VARCHAR]) - [charan]
2025-09-11 21:54:42.970 TRACE 11487 --- [http-nio-8080-exec-5] o.h.type.descriptor.sql.BasicExtractor   : extracted value ([password5_4_] : [VARCHAR]) - [$2a$10$H8ZG4e6c3j2vVVoLgpwKjOoAL6s0nFlnPAIlEN5XdZsX7ex6h8jv.]
2025-09-11 21:54:42.970 TRACE 11487 --- [http-nio-8080-exec-5] o.h.type.descriptor.sql.BasicExtractor   : extracted value ([phone_nu6_4_] : [VARCHAR]) - [1234567890]
2025-09-11 21:54:42.970 TRACE 11487 --- [http-nio-8080-exec-5] o.h.type.descriptor.sql.BasicExtractor   : extracted value ([id1_4_] : [BIGINT]) - [6]
2025-09-11 21:54:42.970 TRACE 11487 --- [http-nio-8080-exec-5] o.h.type.descriptor.sql.BasicExtractor   : extracted value ([email2_4_] : [VARCHAR]) - [naman@gmail.com]
2025-09-11 21:54:42.970 TRACE 11487 --- [http-nio-8080-exec-5] o.h.type.descriptor.sql.BasicExtractor   : extracted value ([first_na3_4_] : [VARCHAR]) - [naman]
2025-09-11 21:54:42.970 TRACE 11487 --- [http-nio-8080-exec-5] o.h.type.descriptor.sql.BasicExtractor   : extracted value ([last_nam4_4_] : [VARCHAR]) - [yadav]
2025-09-11 21:54:42.970 TRACE 11487 --- [http-nio-8080-exec-5] o.h.type.descriptor.sql.BasicExtractor   : extracted value ([password5_4_] : [VARCHAR]) - [$2a$10$gu2HQ6Q6j4zO1XidFTWjluSdIolW8O/eiChFPLOE0Dgf.GEqMCgdO]
2025-09-11 21:54:42.970 TRACE 11487 --- [http-nio-8080-exec-5] o.h.type.descriptor.sql.BasicExtractor   : extracted value ([phone_nu6_4_] : [VARCHAR]) - [1234567890]
2025-09-11 21:54:42.970 TRACE 11487 --- [http-nio-8080-exec-5] org.hibernate.type.CollectionType        : Created collection wrapper: [net.javaguides.springboot.model.User.bookingsBarber#2]
2025-09-11 21:54:42.970 TRACE 11487 --- [http-nio-8080-exec-5] org.hibernate.type.CollectionType        : Created collection wrapper: [net.javaguides.springboot.model.User.bookingsClient#2]
2025-09-11 21:54:42.970 TRACE 11487 --- [http-nio-8080-exec-5] org.hibernate.type.CollectionType        : Created collection wrapper: [net.javaguides.springboot.model.User.roles#2]
2025-09-11 21:54:42.970 TRACE 11487 --- [http-nio-8080-exec-5] org.hibernate.type.CollectionType        : Created collection wrapper: [net.javaguides.springboot.model.User.schedules#2]
2025-09-11 21:54:42.971 TRACE 11487 --- [http-nio-8080-exec-5] org.hibernate.type.CollectionType        : Created collection wrapper: [net.javaguides.springboot.model.User.bookingsBarber#6]
2025-09-11 21:54:42.971 TRACE 11487 --- [http-nio-8080-exec-5] org.hibernate.type.CollectionType        : Created collection wrapper: [net.javaguides.springboot.model.User.bookingsClient#6]
2025-09-11 21:54:42.971 TRACE 11487 --- [http-nio-8080-exec-5] org.hibernate.type.CollectionType        : Created collection wrapper: [net.javaguides.springboot.model.User.roles#6]
2025-09-11 21:54:42.971 TRACE 11487 --- [http-nio-8080-exec-5] org.hibernate.type.CollectionType        : Created collection wrapper: [net.javaguides.springboot.model.User.schedules#6]
2025-09-11 21:54:42.971 DEBUG 11487 --- [http-nio-8080-exec-5] org.hibernate.SQL                        : select roles0_.user_id as user_id1_5_0_, roles0_.role_id as role_id2_5_0_, role1_.id as id1_1_1_, role1_.name as name2_1_1_ from users_roles roles0_ inner join roles role1_ on roles0_.role_id=role1_.id where roles0_.user_id=?
2025-09-11 21:54:42.971 TRACE 11487 --- [http-nio-8080-exec-5] o.h.type.descriptor.sql.BasicBinder      : binding parameter [1] as [BIGINT] - [6]
2025-09-11 21:54:42.973 TRACE 11487 --- [http-nio-8080-exec-5] o.h.type.descriptor.sql.BasicExtractor   : extracted value ([id1_1_1_] : [BIGINT]) - [2]
2025-09-11 21:54:42.973 TRACE 11487 --- [http-nio-8080-exec-5] o.h.type.descriptor.sql.BasicExtractor   : extracted value ([user_id1_5_0_] : [BIGINT]) - [6]
2025-09-11 21:54:42.973 TRACE 11487 --- [http-nio-8080-exec-5] o.h.type.descriptor.sql.BasicExtractor   : extracted value ([role_id2_5_0_] : [BIGINT]) - [2]
2025-09-11 21:54:42.973 DEBUG 11487 --- [http-nio-8080-exec-5] org.hibernate.SQL                        : select roles0_.user_id as user_id1_5_0_, roles0_.role_id as role_id2_5_0_, role1_.id as id1_1_1_, role1_.name as name2_1_1_ from users_roles roles0_ inner join roles role1_ on roles0_.role_id=role1_.id where roles0_.user_id=?
2025-09-11 21:54:42.973 TRACE 11487 --- [http-nio-8080-exec-5] o.h.type.descriptor.sql.BasicBinder      : binding parameter [1] as [BIGINT] - [2]
2025-09-11 21:54:42.974 TRACE 11487 --- [http-nio-8080-exec-5] o.h.type.descriptor.sql.BasicExtractor   : extracted value ([id1_1_1_] : [BIGINT]) - [2]
2025-09-11 21:54:42.975 TRACE 11487 --- [http-nio-8080-exec-5] o.h.type.descriptor.sql.BasicExtractor   : extracted value ([user_id1_5_0_] : [BIGINT]) - [2]
2025-09-11 21:54:42.975 TRACE 11487 --- [http-nio-8080-exec-5] o.h.type.descriptor.sql.BasicExtractor   : extracted value ([role_id2_5_0_] : [BIGINT]) - [2]
2025-09-11 21:54:42.978 DEBUG 11487 --- [http-nio-8080-exec-5] org.hibernate.SQL                        : select barberserv0_.id as id1_3_, barberserv0_.description as descript2_3_, barberserv0_.name as name3_3_ from service barberserv0_
2025-09-11 21:54:42.980 TRACE 11487 --- [http-nio-8080-exec-5] o.h.type.descriptor.sql.BasicExtractor   : extracted value ([id1_3_] : [BIGINT]) - [1]
2025-09-11 21:54:42.980 TRACE 11487 --- [http-nio-8080-exec-5] o.h.type.descriptor.sql.BasicExtractor   : extracted value ([descript2_3_] : [VARCHAR]) - [Normal Hair Cutting]
2025-09-11 21:54:42.980 TRACE 11487 --- [http-nio-8080-exec-5] o.h.type.descriptor.sql.BasicExtractor   : extracted value ([name3_3_] : [VARCHAR]) - [Basic Hair Cutting]
2025-09-11 21:54:42.980 TRACE 11487 --- [http-nio-8080-exec-5] o.h.type.descriptor.sql.BasicExtractor   : extracted value ([id1_3_] : [BIGINT]) - [2]
2025-09-11 21:54:42.980 TRACE 11487 --- [http-nio-8080-exec-5] o.h.type.descriptor.sql.BasicExtractor   : extracted value ([descript2_3_] : [VARCHAR]) - [Basic trimming]
2025-09-11 21:54:42.980 TRACE 11487 --- [http-nio-8080-exec-5] o.h.type.descriptor.sql.BasicExtractor   : extracted value ([name3_3_] : [VARCHAR]) - [Beard Trim]
2025-09-11 21:54:42.981 TRACE 11487 --- [http-nio-8080-exec-5] org.hibernate.type.CollectionType        : Created collection wrapper: [net.javaguides.springboot.model.BarberServiceModel.bookings#1]
2025-09-11 21:54:42.981 TRACE 11487 --- [http-nio-8080-exec-5] org.hibernate.type.CollectionType        : Created collection wrapper: [net.javaguides.springboot.model.BarberServiceModel.bookings#2]
2025-09-11 21:54:42.983 DEBUG 11487 --- [http-nio-8080-exec-5] org.hibernate.SQL                        : select distinct schedule0_.date as col_0_0_ from schedule schedule0_ where schedule0_.status='FREE'
2025-09-11 21:54:42.985 TRACE 11487 --- [http-nio-8080-exec-5] o.h.type.descriptor.sql.BasicExtractor   : extracted value ([col_0_0_] : [DATE]) - [2025-09-11]
2025-09-11 21:54:42.986 DEBUG 11487 --- [http-nio-8080-exec-5] org.hibernate.SQL                        : select distinct schedule0_.time as col_0_0_ from schedule schedule0_ where schedule0_.status='FREE'
2025-09-11 21:54:42.987 TRACE 11487 --- [http-nio-8080-exec-5] o.h.type.descriptor.sql.BasicExtractor   : extracted value ([col_0_0_] : [TIME]) - [10:00]
2025-09-11 21:54:42.987 TRACE 11487 --- [http-nio-8080-exec-5] o.h.type.descriptor.sql.BasicExtractor   : extracted value ([col_0_0_] : [TIME]) - [10:30]
2025-09-11 21:54:42.987 TRACE 11487 --- [http-nio-8080-exec-5] o.h.type.descriptor.sql.BasicExtractor   : extracted value ([col_0_0_] : [TIME]) - [11:00]
2025-09-11 21:54:42.988 TRACE 11487 --- [http-nio-8080-exec-5] o.h.type.descriptor.sql.BasicExtractor   : extracted value ([col_0_0_] : [TIME]) - [11:30]
2025-09-11 21:54:42.988 TRACE 11487 --- [http-nio-8080-exec-5] o.h.type.descriptor.sql.BasicExtractor   : extracted value ([col_0_0_] : [TIME]) - [12:00]
2025-09-11 21:54:42.988 TRACE 11487 --- [http-nio-8080-exec-5] o.h.type.descriptor.sql.BasicExtractor   : extracted value ([col_0_0_] : [TIME]) - [12:30]
2025-09-11 21:54:42.988 TRACE 11487 --- [http-nio-8080-exec-5] o.h.type.descriptor.sql.BasicExtractor   : extracted value ([col_0_0_] : [TIME]) - [13:00]
2025-09-11 21:54:42.988 TRACE 11487 --- [http-nio-8080-exec-5] o.h.type.descriptor.sql.BasicExtractor   : extracted value ([col_0_0_] : [TIME]) - [13:30]
2025-09-11 21:54:42.988 TRACE 11487 --- [http-nio-8080-exec-5] o.h.type.descriptor.sql.BasicExtractor   : extracted value ([col_0_0_] : [TIME]) - [14:00]
2025-09-11 21:54:42.988 TRACE 11487 --- [http-nio-8080-exec-5] o.h.type.descriptor.sql.BasicExtractor   : extracted value ([col_0_0_] : [TIME]) - [14:30]
2025-09-11 21:54:42.988 TRACE 11487 --- [http-nio-8080-exec-5] o.h.type.descriptor.sql.BasicExtractor   : extracted value ([col_0_0_] : [TIME]) - [15:00]
2025-09-11 21:54:42.988 TRACE 11487 --- [http-nio-8080-exec-5] o.h.type.descriptor.sql.BasicExtractor   : extracted value ([col_0_0_] : [TIME]) - [15:30]
2025-09-11 21:54:42.988 TRACE 11487 --- [http-nio-8080-exec-5] o.h.type.descriptor.sql.BasicExtractor   : extracted value ([col_0_0_] : [TIME]) - [16:00]
2025-09-11 21:54:42.988 TRACE 11487 --- [http-nio-8080-exec-5] o.h.type.descriptor.sql.BasicExtractor   : extracted value ([col_0_0_] : [TIME]) - [16:30]
2025-09-11 21:54:42.988 TRACE 11487 --- [http-nio-8080-exec-5] o.h.type.descriptor.sql.BasicExtractor   : extracted value ([col_0_0_] : [TIME]) - [17:00]
2025-09-11 21:54:42.989 TRACE 11487 --- [http-nio-8080-exec-5] o.h.type.descriptor.sql.BasicExtractor   : extracted value ([col_0_0_] : [TIME]) - [17:30]
2025-09-11 21:54:42.996 DEBUG 11487 --- [http-nio-8080-exec-1] org.hibernate.SQL                        : select role0_.id as id1_1_, role0_.name as name2_1_ from roles role0_ where role0_.name=?
2025-09-11 21:54:42.996 TRACE 11487 --- [http-nio-8080-exec-1] o.h.type.descriptor.sql.BasicBinder      : binding parameter [1] as [VARCHAR] - [ROLE_BARBER]
2025-09-11 21:54:42.997 TRACE 11487 --- [http-nio-8080-exec-1] o.h.type.descriptor.sql.BasicExtractor   : extracted value ([id1_1_] : [BIGINT]) - [2]
2025-09-11 21:54:42.998 TRACE 11487 --- [http-nio-8080-exec-1] o.h.type.descriptor.sql.BasicExtractor   : extracted value ([name2_1_] : [VARCHAR]) - [ROLE_BARBER]
2025-09-11 21:54:42.998 DEBUG 11487 --- [http-nio-8080-exec-1] org.hibernate.SQL                        : select user0_.id as id1_4_, user0_.email as email2_4_, user0_.first_name as first_na3_4_, user0_.last_name as last_nam4_4_, user0_.password as password5_4_, user0_.phone_number as phone_nu6_4_ from user user0_ left outer join users_roles roles1_ on user0_.id=roles1_.user_id left outer join roles role2_ on roles1_.role_id=role2_.id where role2_.id=?
2025-09-11 21:54:42.998 TRACE 11487 --- [http-nio-8080-exec-1] o.h.type.descriptor.sql.BasicBinder      : binding parameter [1] as [BIGINT] - [2]
2025-09-11 21:54:42.999 TRACE 11487 --- [http-nio-8080-exec-1] o.h.type.descriptor.sql.BasicExtractor   : extracted value ([id1_4_] : [BIGINT]) - [2]
2025-09-11 21:54:42.999 TRACE 11487 --- [http-nio-8080-exec-1] o.h.type.descriptor.sql.BasicExtractor   : extracted value ([email2_4_] : [VARCHAR]) - [demo@gmail.com]
2025-09-11 21:54:42.999 TRACE 11487 --- [http-nio-8080-exec-1] o.h.type.descriptor.sql.BasicExtractor   : extracted value ([first_na3_4_] : [VARCHAR]) - [demo]
2025-09-11 21:54:43.000 TRACE 11487 --- [http-nio-8080-exec-1] o.h.type.descriptor.sql.BasicExtractor   : extracted value ([last_nam4_4_] : [VARCHAR]) - [charan]
2025-09-11 21:54:43.000 TRACE 11487 --- [http-nio-8080-exec-1] o.h.type.descriptor.sql.BasicExtractor   : extracted value ([password5_4_] : [VARCHAR]) - [$2a$10$H8ZG4e6c3j2vVVoLgpwKjOoAL6s0nFlnPAIlEN5XdZsX7ex6h8jv.]
2025-09-11 21:54:43.000 TRACE 11487 --- [http-nio-8080-exec-1] o.h.type.descriptor.sql.BasicExtractor   : extracted value ([phone_nu6_4_] : [VARCHAR]) - [1234567890]
2025-09-11 21:54:43.000 TRACE 11487 --- [http-nio-8080-exec-1] o.h.type.descriptor.sql.BasicExtractor   : extracted value ([id1_4_] : [BIGINT]) - [6]
2025-09-11 21:54:43.000 TRACE 11487 --- [http-nio-8080-exec-1] o.h.type.descriptor.sql.BasicExtractor   : extracted value ([email2_4_] : [VARCHAR]) - [naman@gmail.com]
2025-09-11 21:54:43.000 TRACE 11487 --- [http-nio-8080-exec-1] o.h.type.descriptor.sql.BasicExtractor   : extracted value ([first_na3_4_] : [VARCHAR]) - [naman]
2025-09-11 21:54:43.000 TRACE 11487 --- [http-nio-8080-exec-1] o.h.type.descriptor.sql.BasicExtractor   : extracted value ([last_nam4_4_] : [VARCHAR]) - [yadav]
2025-09-11 21:54:43.000 TRACE 11487 --- [http-nio-8080-exec-1] o.h.type.descriptor.sql.BasicExtractor   : extracted value ([password5_4_] : [VARCHAR]) - [$2a$10$gu2HQ6Q6j4zO1XidFTWjluSdIolW8O/eiChFPLOE0Dgf.GEqMCgdO]
2025-09-11 21:54:43.000 TRACE 11487 --- [http-nio-8080-exec-1] o.h.type.descriptor.sql.BasicExtractor   : extracted value ([phone_nu6_4_] : [VARCHAR]) - [1234567890]
2025-09-11 21:54:43.000 TRACE 11487 --- [http-nio-8080-exec-1] org.hibernate.type.CollectionType        : Created collection wrapper: [net.javaguides.springboot.model.User.bookingsBarber#2]
2025-09-11 21:54:43.000 TRACE 11487 --- [http-nio-8080-exec-1] org.hibernate.type.CollectionType        : Created collection wrapper: [net.javaguides.springboot.model.User.bookingsClient#2]
2025-09-11 21:54:43.000 TRACE 11487 --- [http-nio-8080-exec-1] org.hibernate.type.CollectionType        : Created collection wrapper: [net.javaguides.springboot.model.User.roles#2]
2025-09-11 21:54:43.000 TRACE 11487 --- [http-nio-8080-exec-1] org.hibernate.type.CollectionType        : Created collection wrapper: [net.javaguides.springboot.model.User.schedules#2]
2025-09-11 21:54:43.000 TRACE 11487 --- [http-nio-8080-exec-1] org.hibernate.type.CollectionType        : Created collection wrapper: [net.javaguides.springboot.model.User.bookingsBarber#6]
2025-09-11 21:54:43.000 TRACE 11487 --- [http-nio-8080-exec-1] org.hibernate.type.CollectionType        : Created collection wrapper: [net.javaguides.springboot.model.User.bookingsClient#6]
2025-09-11 21:54:43.000 TRACE 11487 --- [http-nio-8080-exec-1] org.hibernate.type.CollectionType        : Created collection wrapper: [net.javaguides.springboot.model.User.roles#6]
2025-09-11 21:54:43.000 TRACE 11487 --- [http-nio-8080-exec-1] org.hibernate.type.CollectionType        : Created collection wrapper: [net.javaguides.springboot.model.User.schedules#6]
2025-09-11 21:54:43.000 DEBUG 11487 --- [http-nio-8080-exec-1] org.hibernate.SQL                        : select roles0_.user_id as user_id1_5_0_, roles0_.role_id as role_id2_5_0_, role1_.id as id1_1_1_, role1_.name as name2_1_1_ from users_roles roles0_ inner join roles role1_ on roles0_.role_id=role1_.id where roles0_.user_id=?
2025-09-11 21:54:43.000 TRACE 11487 --- [http-nio-8080-exec-1] o.h.type.descriptor.sql.BasicBinder      : binding parameter [1] as [BIGINT] - [6]
2025-09-11 21:54:43.001 TRACE 11487 --- [http-nio-8080-exec-1] o.h.type.descriptor.sql.BasicExtractor   : extracted value ([id1_1_1_] : [BIGINT]) - [2]
2025-09-11 21:54:43.001 TRACE 11487 --- [http-nio-8080-exec-1] o.h.type.descriptor.sql.BasicExtractor   : extracted value ([user_id1_5_0_] : [BIGINT]) - [6]
2025-09-11 21:54:43.001 TRACE 11487 --- [http-nio-8080-exec-1] o.h.type.descriptor.sql.BasicExtractor   : extracted value ([role_id2_5_0_] : [BIGINT]) - [2]
2025-09-11 21:54:43.001 DEBUG 11487 --- [http-nio-8080-exec-1] org.hibernate.SQL                        : select roles0_.user_id as user_id1_5_0_, roles0_.role_id as role_id2_5_0_, role1_.id as id1_1_1_, role1_.name as name2_1_1_ from users_roles roles0_ inner join roles role1_ on roles0_.role_id=role1_.id where roles0_.user_id=?
2025-09-11 21:54:43.001 TRACE 11487 --- [http-nio-8080-exec-1] o.h.type.descriptor.sql.BasicBinder      : binding parameter [1] as [BIGINT] - [2]
2025-09-11 21:54:43.002 TRACE 11487 --- [http-nio-8080-exec-1] o.h.type.descriptor.sql.BasicExtractor   : extracted value ([id1_1_1_] : [BIGINT]) - [2]
2025-09-11 21:54:43.002 TRACE 11487 --- [http-nio-8080-exec-1] o.h.type.descriptor.sql.BasicExtractor   : extracted value ([user_id1_5_0_] : [BIGINT]) - [2]
2025-09-11 21:54:43.002 TRACE 11487 --- [http-nio-8080-exec-1] o.h.type.descriptor.sql.BasicExtractor   : extracted value ([role_id2_5_0_] : [BIGINT]) - [2]
2025-09-11 21:54:43.003 DEBUG 11487 --- [http-nio-8080-exec-1] org.hibernate.SQL                        : select barberserv0_.id as id1_3_, barberserv0_.description as descript2_3_, barberserv0_.name as name3_3_ from service barberserv0_
2025-09-11 21:54:43.004 TRACE 11487 --- [http-nio-8080-exec-1] o.h.type.descriptor.sql.BasicExtractor   : extracted value ([id1_3_] : [BIGINT]) - [1]
2025-09-11 21:54:43.004 TRACE 11487 --- [http-nio-8080-exec-1] o.h.type.descriptor.sql.BasicExtractor   : extracted value ([descript2_3_] : [VARCHAR]) - [Normal Hair Cutting]
2025-09-11 21:54:43.004 TRACE 11487 --- [http-nio-8080-exec-1] o.h.type.descriptor.sql.BasicExtractor   : extracted value ([name3_3_] : [VARCHAR]) - [Basic Hair Cutting]
2025-09-11 21:54:43.004 TRACE 11487 --- [http-nio-8080-exec-1] o.h.type.descriptor.sql.BasicExtractor   : extracted value ([id1_3_] : [BIGINT]) - [2]
2025-09-11 21:54:43.004 TRACE 11487 --- [http-nio-8080-exec-1] o.h.type.descriptor.sql.BasicExtractor   : extracted value ([descript2_3_] : [VARCHAR]) - [Basic trimming]
2025-09-11 21:54:43.004 TRACE 11487 --- [http-nio-8080-exec-1] o.h.type.descriptor.sql.BasicExtractor   : extracted value ([name3_3_] : [VARCHAR]) - [Beard Trim]
2025-09-11 21:54:43.004 TRACE 11487 --- [http-nio-8080-exec-1] org.hibernate.type.CollectionType        : Created collection wrapper: [net.javaguides.springboot.model.BarberServiceModel.bookings#1]
2025-09-11 21:54:43.004 TRACE 11487 --- [http-nio-8080-exec-1] org.hibernate.type.CollectionType        : Created collection wrapper: [net.javaguides.springboot.model.BarberServiceModel.bookings#2]
2025-09-11 21:54:43.006 DEBUG 11487 --- [http-nio-8080-exec-1] org.hibernate.SQL                        : select distinct schedule0_.date as col_0_0_ from schedule schedule0_ where schedule0_.status='FREE'
2025-09-11 21:54:43.007 TRACE 11487 --- [http-nio-8080-exec-1] o.h.type.descriptor.sql.BasicExtractor   : extracted value ([col_0_0_] : [DATE]) - [2025-09-11]
2025-09-11 21:54:43.007 DEBUG 11487 --- [http-nio-8080-exec-1] org.hibernate.SQL                        : select distinct schedule0_.time as col_0_0_ from schedule schedule0_ where schedule0_.status='FREE'
2025-09-11 21:54:43.007 TRACE 11487 --- [http-nio-8080-exec-1] o.h.type.descriptor.sql.BasicExtractor   : extracted value ([col_0_0_] : [TIME]) - [10:00]
2025-09-11 21:54:43.008 TRACE 11487 --- [http-nio-8080-exec-1] o.h.type.descriptor.sql.BasicExtractor   : extracted value ([col_0_0_] : [TIME]) - [10:30]
2025-09-11 21:54:43.008 TRACE 11487 --- [http-nio-8080-exec-1] o.h.type.descriptor.sql.BasicExtractor   : extracted value ([col_0_0_] : [TIME]) - [11:00]
2025-09-11 21:54:43.008 TRACE 11487 --- [http-nio-8080-exec-1] o.h.type.descriptor.sql.BasicExtractor   : extracted value ([col_0_0_] : [TIME]) - [11:30]
2025-09-11 21:54:43.008 TRACE 11487 --- [http-nio-8080-exec-1] o.h.type.descriptor.sql.BasicExtractor   : extracted value ([col_0_0_] : [TIME]) - [12:00]
2025-09-11 21:54:43.008 TRACE 11487 --- [http-nio-8080-exec-1] o.h.type.descriptor.sql.BasicExtractor   : extracted value ([col_0_0_] : [TIME]) - [12:30]
2025-09-11 21:54:43.008 TRACE 11487 --- [http-nio-8080-exec-1] o.h.type.descriptor.sql.BasicExtractor   : extracted value ([col_0_0_] : [TIME]) - [13:00]
2025-09-11 21:54:43.008 TRACE 11487 --- [http-nio-8080-exec-1] o.h.type.descriptor.sql.BasicExtractor   : extracted value ([col_0_0_] : [TIME]) - [13:30]
2025-09-11 21:54:43.008 TRACE 11487 --- [http-nio-8080-exec-1] o.h.type.descriptor.sql.BasicExtractor   : extracted value ([col_0_0_] : [TIME]) - [14:00]
2025-09-11 21:54:43.008 TRACE 11487 --- [http-nio-8080-exec-1] o.h.type.descriptor.sql.BasicExtractor   : extracted value ([col_0_0_] : [TIME]) - [14:30]
2025-09-11 21:54:43.008 TRACE 11487 --- [http-nio-8080-exec-1] o.h.type.descriptor.sql.BasicExtractor   : extracted value ([col_0_0_] : [TIME]) - [15:00]
2025-09-11 21:54:43.008 TRACE 11487 --- [http-nio-8080-exec-1] o.h.type.descriptor.sql.BasicExtractor   : extracted value ([col_0_0_] : [TIME]) - [15:30]
2025-09-11 21:54:43.008 TRACE 11487 --- [http-nio-8080-exec-1] o.h.type.descriptor.sql.BasicExtractor   : extracted value ([col_0_0_] : [TIME]) - [16:00]
2025-09-11 21:54:43.008 TRACE 11487 --- [http-nio-8080-exec-1] o.h.type.descriptor.sql.BasicExtractor   : extracted value ([col_0_0_] : [TIME]) - [16:30]
2025-09-11 21:54:43.008 TRACE 11487 --- [http-nio-8080-exec-1] o.h.type.descriptor.sql.BasicExtractor   : extracted value ([col_0_0_] : [TIME]) - [17:00]
2025-09-11 21:54:43.008 TRACE 11487 --- [http-nio-8080-exec-1] o.h.type.descriptor.sql.BasicExtractor   : extracted value ([col_0_0_] : [TIME]) - [17:30]
2025-09-11 21:54:43.012 DEBUG 11487 --- [http-nio-8080-exec-1] org.hibernate.SQL                        : select distinct schedule0_.time as col_0_0_ from schedule schedule0_ where schedule0_.barber_id=? and schedule0_.status=? and schedule0_.date=?
2025-09-11 21:54:43.012 TRACE 11487 --- [http-nio-8080-exec-1] o.h.type.descriptor.sql.BasicBinder      : binding parameter [1] as [BIGINT] - [6]
2025-09-11 21:54:43.012 TRACE 11487 --- [http-nio-8080-exec-1] o.h.type.descriptor.sql.BasicBinder      : binding parameter [2] as [VARCHAR] - [FREE]
2025-09-11 21:54:43.013 TRACE 11487 --- [http-nio-8080-exec-1] o.h.type.descriptor.sql.BasicBinder      : binding parameter [3] as [DATE] - [2025-09-11]
2025-09-11 21:54:43.015 TRACE 11487 --- [http-nio-8080-exec-1] o.h.type.descriptor.sql.BasicExtractor   : extracted value ([col_0_0_] : [TIME]) - [10:00]
2025-09-11 21:54:43.015 TRACE 11487 --- [http-nio-8080-exec-1] o.h.type.descriptor.sql.BasicExtractor   : extracted value ([col_0_0_] : [TIME]) - [10:30]
2025-09-11 21:54:43.015 TRACE 11487 --- [http-nio-8080-exec-1] o.h.type.descriptor.sql.BasicExtractor   : extracted value ([col_0_0_] : [TIME]) - [11:00]
2025-09-11 21:54:43.015 TRACE 11487 --- [http-nio-8080-exec-1] o.h.type.descriptor.sql.BasicExtractor   : extracted value ([col_0_0_] : [TIME]) - [11:30]
2025-09-11 21:54:43.015 TRACE 11487 --- [http-nio-8080-exec-1] o.h.type.descriptor.sql.BasicExtractor   : extracted value ([col_0_0_] : [TIME]) - [12:00]
2025-09-11 21:54:43.015 TRACE 11487 --- [http-nio-8080-exec-1] o.h.type.descriptor.sql.BasicExtractor   : extracted value ([col_0_0_] : [TIME]) - [12:30]
2025-09-11 21:54:43.015 TRACE 11487 --- [http-nio-8080-exec-1] o.h.type.descriptor.sql.BasicExtractor   : extracted value ([col_0_0_] : [TIME]) - [13:00]
2025-09-11 21:54:43.015 TRACE 11487 --- [http-nio-8080-exec-1] o.h.type.descriptor.sql.BasicExtractor   : extracted value ([col_0_0_] : [TIME]) - [13:30]
2025-09-11 21:54:43.015 TRACE 11487 --- [http-nio-8080-exec-1] o.h.type.descriptor.sql.BasicExtractor   : extracted value ([col_0_0_] : [TIME]) - [14:00]
2025-09-11 21:54:43.015 TRACE 11487 --- [http-nio-8080-exec-1] o.h.type.descriptor.sql.BasicExtractor   : extracted value ([col_0_0_] : [TIME]) - [14:30]
2025-09-11 21:54:43.015 TRACE 11487 --- [http-nio-8080-exec-1] o.h.type.descriptor.sql.BasicExtractor   : extracted value ([col_0_0_] : [TIME]) - [15:00]
2025-09-11 21:54:43.015 TRACE 11487 --- [http-nio-8080-exec-1] o.h.type.descriptor.sql.BasicExtractor   : extracted value ([col_0_0_] : [TIME]) - [15:30]
2025-09-11 21:54:43.015 TRACE 11487 --- [http-nio-8080-exec-1] o.h.type.descriptor.sql.BasicExtractor   : extracted value ([col_0_0_] : [TIME]) - [16:00]
2025-09-11 21:54:43.015 TRACE 11487 --- [http-nio-8080-exec-1] o.h.type.descriptor.sql.BasicExtractor   : extracted value ([col_0_0_] : [TIME]) - [16:30]
2025-09-11 21:54:43.015 TRACE 11487 --- [http-nio-8080-exec-1] o.h.type.descriptor.sql.BasicExtractor   : extracted value ([col_0_0_] : [TIME]) - [17:00]
2025-09-11 21:54:43.015 TRACE 11487 --- [http-nio-8080-exec-1] o.h.type.descriptor.sql.BasicExtractor   : extracted value ([col_0_0_] : [TIME]) - [17:30]
2025-09-11 21:54:49.692 DEBUG 11487 --- [http-nio-8080-exec-3] org.hibernate.SQL                        : select role0_.id as id1_1_, role0_.name as name2_1_ from roles role0_ where role0_.name=?
2025-09-11 21:54:49.694 TRACE 11487 --- [http-nio-8080-exec-3] o.h.type.descriptor.sql.BasicBinder      : binding parameter [1] as [VARCHAR] - [ROLE_BARBER]
2025-09-11 21:54:49.695 TRACE 11487 --- [http-nio-8080-exec-3] o.h.type.descriptor.sql.BasicExtractor   : extracted value ([id1_1_] : [BIGINT]) - [2]
2025-09-11 21:54:49.696 TRACE 11487 --- [http-nio-8080-exec-3] o.h.type.descriptor.sql.BasicExtractor   : extracted value ([name2_1_] : [VARCHAR]) - [ROLE_BARBER]
2025-09-11 21:54:49.698 DEBUG 11487 --- [http-nio-8080-exec-3] org.hibernate.SQL                        : select user0_.id as id1_4_, user0_.email as email2_4_, user0_.first_name as first_na3_4_, user0_.last_name as last_nam4_4_, user0_.password as password5_4_, user0_.phone_number as phone_nu6_4_ from user user0_ left outer join users_roles roles1_ on user0_.id=roles1_.user_id left outer join roles role2_ on roles1_.role_id=role2_.id where role2_.id=?
2025-09-11 21:54:49.698 TRACE 11487 --- [http-nio-8080-exec-3] o.h.type.descriptor.sql.BasicBinder      : binding parameter [1] as [BIGINT] - [2]
2025-09-11 21:54:49.701 TRACE 11487 --- [http-nio-8080-exec-3] o.h.type.descriptor.sql.BasicExtractor   : extracted value ([id1_4_] : [BIGINT]) - [2]
2025-09-11 21:54:49.702 TRACE 11487 --- [http-nio-8080-exec-3] o.h.type.descriptor.sql.BasicExtractor   : extracted value ([email2_4_] : [VARCHAR]) - [demo@gmail.com]
2025-09-11 21:54:49.702 TRACE 11487 --- [http-nio-8080-exec-3] o.h.type.descriptor.sql.BasicExtractor   : extracted value ([first_na3_4_] : [VARCHAR]) - [demo]
2025-09-11 21:54:49.702 TRACE 11487 --- [http-nio-8080-exec-3] o.h.type.descriptor.sql.BasicExtractor   : extracted value ([last_nam4_4_] : [VARCHAR]) - [charan]
2025-09-11 21:54:49.702 TRACE 11487 --- [http-nio-8080-exec-3] o.h.type.descriptor.sql.BasicExtractor   : extracted value ([password5_4_] : [VARCHAR]) - [$2a$10$H8ZG4e6c3j2vVVoLgpwKjOoAL6s0nFlnPAIlEN5XdZsX7ex6h8jv.]
2025-09-11 21:54:49.702 TRACE 11487 --- [http-nio-8080-exec-3] o.h.type.descriptor.sql.BasicExtractor   : extracted value ([phone_nu6_4_] : [VARCHAR]) - [1234567890]
2025-09-11 21:54:49.702 TRACE 11487 --- [http-nio-8080-exec-3] o.h.type.descriptor.sql.BasicExtractor   : extracted value ([id1_4_] : [BIGINT]) - [6]
2025-09-11 21:54:49.703 TRACE 11487 --- [http-nio-8080-exec-3] o.h.type.descriptor.sql.BasicExtractor   : extracted value ([email2_4_] : [VARCHAR]) - [naman@gmail.com]
2025-09-11 21:54:49.703 TRACE 11487 --- [http-nio-8080-exec-3] o.h.type.descriptor.sql.BasicExtractor   : extracted value ([first_na3_4_] : [VARCHAR]) - [naman]
2025-09-11 21:54:49.703 TRACE 11487 --- [http-nio-8080-exec-3] o.h.type.descriptor.sql.BasicExtractor   : extracted value ([last_nam4_4_] : [VARCHAR]) - [yadav]
2025-09-11 21:54:49.703 TRACE 11487 --- [http-nio-8080-exec-3] o.h.type.descriptor.sql.BasicExtractor   : extracted value ([password5_4_] : [VARCHAR]) - [$2a$10$gu2HQ6Q6j4zO1XidFTWjluSdIolW8O/eiChFPLOE0Dgf.GEqMCgdO]
2025-09-11 21:54:49.703 TRACE 11487 --- [http-nio-8080-exec-3] o.h.type.descriptor.sql.BasicExtractor   : extracted value ([phone_nu6_4_] : [VARCHAR]) - [1234567890]
2025-09-11 21:54:49.704 TRACE 11487 --- [http-nio-8080-exec-3] org.hibernate.type.CollectionType        : Created collection wrapper: [net.javaguides.springboot.model.User.bookingsBarber#2]
2025-09-11 21:54:49.704 TRACE 11487 --- [http-nio-8080-exec-3] org.hibernate.type.CollectionType        : Created collection wrapper: [net.javaguides.springboot.model.User.bookingsClient#2]
2025-09-11 21:54:49.704 TRACE 11487 --- [http-nio-8080-exec-3] org.hibernate.type.CollectionType        : Created collection wrapper: [net.javaguides.springboot.model.User.roles#2]
2025-09-11 21:54:49.704 TRACE 11487 --- [http-nio-8080-exec-3] org.hibernate.type.CollectionType        : Created collection wrapper: [net.javaguides.springboot.model.User.schedules#2]
2025-09-11 21:54:49.704 TRACE 11487 --- [http-nio-8080-exec-3] org.hibernate.type.CollectionType        : Created collection wrapper: [net.javaguides.springboot.model.User.bookingsBarber#6]
2025-09-11 21:54:49.704 TRACE 11487 --- [http-nio-8080-exec-3] org.hibernate.type.CollectionType        : Created collection wrapper: [net.javaguides.springboot.model.User.bookingsClient#6]
2025-09-11 21:54:49.704 TRACE 11487 --- [http-nio-8080-exec-3] org.hibernate.type.CollectionType        : Created collection wrapper: [net.javaguides.springboot.model.User.roles#6]
2025-09-11 21:54:49.704 TRACE 11487 --- [http-nio-8080-exec-3] org.hibernate.type.CollectionType        : Created collection wrapper: [net.javaguides.springboot.model.User.schedules#6]
2025-09-11 21:54:49.704 DEBUG 11487 --- [http-nio-8080-exec-3] org.hibernate.SQL                        : select roles0_.user_id as user_id1_5_0_, roles0_.role_id as role_id2_5_0_, role1_.id as id1_1_1_, role1_.name as name2_1_1_ from users_roles roles0_ inner join roles role1_ on roles0_.role_id=role1_.id where roles0_.user_id=?
2025-09-11 21:54:49.705 TRACE 11487 --- [http-nio-8080-exec-3] o.h.type.descriptor.sql.BasicBinder      : binding parameter [1] as [BIGINT] - [6]
2025-09-11 21:54:49.707 TRACE 11487 --- [http-nio-8080-exec-3] o.h.type.descriptor.sql.BasicExtractor   : extracted value ([id1_1_1_] : [BIGINT]) - [2]
2025-09-11 21:54:49.707 TRACE 11487 --- [http-nio-8080-exec-3] o.h.type.descriptor.sql.BasicExtractor   : extracted value ([user_id1_5_0_] : [BIGINT]) - [6]
2025-09-11 21:54:49.707 TRACE 11487 --- [http-nio-8080-exec-3] o.h.type.descriptor.sql.BasicExtractor   : extracted value ([role_id2_5_0_] : [BIGINT]) - [2]
2025-09-11 21:54:49.708 DEBUG 11487 --- [http-nio-8080-exec-3] org.hibernate.SQL                        : select roles0_.user_id as user_id1_5_0_, roles0_.role_id as role_id2_5_0_, role1_.id as id1_1_1_, role1_.name as name2_1_1_ from users_roles roles0_ inner join roles role1_ on roles0_.role_id=role1_.id where roles0_.user_id=?
2025-09-11 21:54:49.708 TRACE 11487 --- [http-nio-8080-exec-3] o.h.type.descriptor.sql.BasicBinder      : binding parameter [1] as [BIGINT] - [2]
2025-09-11 21:54:49.726 TRACE 11487 --- [http-nio-8080-exec-3] o.h.type.descriptor.sql.BasicExtractor   : extracted value ([id1_1_1_] : [BIGINT]) - [2]
2025-09-11 21:54:49.726 TRACE 11487 --- [http-nio-8080-exec-3] o.h.type.descriptor.sql.BasicExtractor   : extracted value ([user_id1_5_0_] : [BIGINT]) - [2]
2025-09-11 21:54:49.726 TRACE 11487 --- [http-nio-8080-exec-3] o.h.type.descriptor.sql.BasicExtractor   : extracted value ([role_id2_5_0_] : [BIGINT]) - [2]
2025-09-11 21:54:49.728 DEBUG 11487 --- [http-nio-8080-exec-3] org.hibernate.SQL                        : select barberserv0_.id as id1_3_, barberserv0_.description as descript2_3_, barberserv0_.name as name3_3_ from service barberserv0_
2025-09-11 21:54:49.729 TRACE 11487 --- [http-nio-8080-exec-3] o.h.type.descriptor.sql.BasicExtractor   : extracted value ([id1_3_] : [BIGINT]) - [1]
2025-09-11 21:54:49.730 TRACE 11487 --- [http-nio-8080-exec-3] o.h.type.descriptor.sql.BasicExtractor   : extracted value ([descript2_3_] : [VARCHAR]) - [Normal Hair Cutting]
2025-09-11 21:54:49.730 TRACE 11487 --- [http-nio-8080-exec-3] o.h.type.descriptor.sql.BasicExtractor   : extracted value ([name3_3_] : [VARCHAR]) - [Basic Hair Cutting]
2025-09-11 21:54:49.730 TRACE 11487 --- [http-nio-8080-exec-3] o.h.type.descriptor.sql.BasicExtractor   : extracted value ([id1_3_] : [BIGINT]) - [2]
2025-09-11 21:54:49.730 TRACE 11487 --- [http-nio-8080-exec-3] o.h.type.descriptor.sql.BasicExtractor   : extracted value ([descript2_3_] : [VARCHAR]) - [Basic trimming]
2025-09-11 21:54:49.730 TRACE 11487 --- [http-nio-8080-exec-3] o.h.type.descriptor.sql.BasicExtractor   : extracted value ([name3_3_] : [VARCHAR]) - [Beard Trim]
2025-09-11 21:54:49.730 TRACE 11487 --- [http-nio-8080-exec-3] org.hibernate.type.CollectionType        : Created collection wrapper: [net.javaguides.springboot.model.BarberServiceModel.bookings#1]
2025-09-11 21:54:49.730 TRACE 11487 --- [http-nio-8080-exec-3] org.hibernate.type.CollectionType        : Created collection wrapper: [net.javaguides.springboot.model.BarberServiceModel.bookings#2]
2025-09-11 21:54:49.731 DEBUG 11487 --- [http-nio-8080-exec-3] org.hibernate.SQL                        : select distinct schedule0_.date as col_0_0_ from schedule schedule0_ where schedule0_.status='FREE'
2025-09-11 21:54:49.732 TRACE 11487 --- [http-nio-8080-exec-3] o.h.type.descriptor.sql.BasicExtractor   : extracted value ([col_0_0_] : [DATE]) - [2025-09-11]
2025-09-11 21:54:49.733 DEBUG 11487 --- [http-nio-8080-exec-3] org.hibernate.SQL                        : select distinct schedule0_.time as col_0_0_ from schedule schedule0_ where schedule0_.status='FREE'
2025-09-11 21:54:49.734 TRACE 11487 --- [http-nio-8080-exec-3] o.h.type.descriptor.sql.BasicExtractor   : extracted value ([col_0_0_] : [TIME]) - [10:00]
2025-09-11 21:54:49.734 TRACE 11487 --- [http-nio-8080-exec-3] o.h.type.descriptor.sql.BasicExtractor   : extracted value ([col_0_0_] : [TIME]) - [10:30]
2025-09-11 21:54:49.734 TRACE 11487 --- [http-nio-8080-exec-3] o.h.type.descriptor.sql.BasicExtractor   : extracted value ([col_0_0_] : [TIME]) - [11:00]
2025-09-11 21:54:49.734 TRACE 11487 --- [http-nio-8080-exec-3] o.h.type.descriptor.sql.BasicExtractor   : extracted value ([col_0_0_] : [TIME]) - [11:30]
2025-09-11 21:54:49.734 TRACE 11487 --- [http-nio-8080-exec-3] o.h.type.descriptor.sql.BasicExtractor   : extracted value ([col_0_0_] : [TIME]) - [12:00]
2025-09-11 21:54:49.734 TRACE 11487 --- [http-nio-8080-exec-3] o.h.type.descriptor.sql.BasicExtractor   : extracted value ([col_0_0_] : [TIME]) - [12:30]
2025-09-11 21:54:49.734 TRACE 11487 --- [http-nio-8080-exec-3] o.h.type.descriptor.sql.BasicExtractor   : extracted value ([col_0_0_] : [TIME]) - [13:00]
2025-09-11 21:54:49.734 TRACE 11487 --- [http-nio-8080-exec-3] o.h.type.descriptor.sql.BasicExtractor   : extracted value ([col_0_0_] : [TIME]) - [13:30]
2025-09-11 21:54:49.734 TRACE 11487 --- [http-nio-8080-exec-3] o.h.type.descriptor.sql.BasicExtractor   : extracted value ([col_0_0_] : [TIME]) - [14:00]
2025-09-11 21:54:49.734 TRACE 11487 --- [http-nio-8080-exec-3] o.h.type.descriptor.sql.BasicExtractor   : extracted value ([col_0_0_] : [TIME]) - [14:30]
2025-09-11 21:54:49.734 TRACE 11487 --- [http-nio-8080-exec-3] o.h.type.descriptor.sql.BasicExtractor   : extracted value ([col_0_0_] : [TIME]) - [15:00]
2025-09-11 21:54:49.734 TRACE 11487 --- [http-nio-8080-exec-3] o.h.type.descriptor.sql.BasicExtractor   : extracted value ([col_0_0_] : [TIME]) - [15:30]
2025-09-11 21:54:49.734 TRACE 11487 --- [http-nio-8080-exec-3] o.h.type.descriptor.sql.BasicExtractor   : extracted value ([col_0_0_] : [TIME]) - [16:00]
2025-09-11 21:54:49.734 TRACE 11487 --- [http-nio-8080-exec-3] o.h.type.descriptor.sql.BasicExtractor   : extracted value ([col_0_0_] : [TIME]) - [16:30]
2025-09-11 21:54:49.734 TRACE 11487 --- [http-nio-8080-exec-3] o.h.type.descriptor.sql.BasicExtractor   : extracted value ([col_0_0_] : [TIME]) - [17:00]
2025-09-11 21:54:49.734 TRACE 11487 --- [http-nio-8080-exec-3] o.h.type.descriptor.sql.BasicExtractor   : extracted value ([col_0_0_] : [TIME]) - [17:30]
2025-09-11 21:54:49.740 DEBUG 11487 --- [http-nio-8080-exec-3] org.hibernate.SQL                        : select schedule0_.id as id1_2_, schedule0_.barber_id as barber_i5_2_, schedule0_.date as date2_2_, schedule0_.status as status3_2_, schedule0_.time as time4_2_ from schedule schedule0_ where schedule0_.date=? and schedule0_.time=?
2025-09-11 21:54:49.740 TRACE 11487 --- [http-nio-8080-exec-3] o.h.type.descriptor.sql.BasicBinder      : binding parameter [1] as [DATE] - [2025-09-11]
2025-09-11 21:54:49.741 TRACE 11487 --- [http-nio-8080-exec-3] o.h.type.descriptor.sql.BasicBinder      : binding parameter [2] as [TIME] - [11:30]
2025-09-11 21:54:49.742 TRACE 11487 --- [http-nio-8080-exec-3] o.h.type.descriptor.sql.BasicExtractor   : extracted value ([id1_2_] : [BIGINT]) - [4]
2025-09-11 21:54:49.742 TRACE 11487 --- [http-nio-8080-exec-3] o.h.type.descriptor.sql.BasicExtractor   : extracted value ([barber_i5_2_] : [BIGINT]) - [6]
2025-09-11 21:54:49.742 TRACE 11487 --- [http-nio-8080-exec-3] o.h.type.descriptor.sql.BasicExtractor   : extracted value ([date2_2_] : [DATE]) - [2025-09-11]
2025-09-11 21:54:49.742 TRACE 11487 --- [http-nio-8080-exec-3] o.h.type.descriptor.sql.BasicExtractor   : extracted value ([status3_2_] : [VARCHAR]) - [FREE]
2025-09-11 21:54:49.742 TRACE 11487 --- [http-nio-8080-exec-3] o.h.type.descriptor.sql.BasicExtractor   : extracted value ([time4_2_] : [TIME]) - [11:30]
2025-09-11 21:54:49.743 DEBUG 11487 --- [http-nio-8080-exec-3] org.hibernate.SQL                        : select user0_.id as id1_4_, user0_.email as email2_4_, user0_.first_name as first_na3_4_, user0_.last_name as last_nam4_4_, user0_.password as password5_4_, user0_.phone_number as phone_nu6_4_ from user user0_ where user0_.email=?
2025-09-11 21:54:49.743 TRACE 11487 --- [http-nio-8080-exec-3] o.h.type.descriptor.sql.BasicBinder      : binding parameter [1] as [VARCHAR] - [naman@gmail.com]
2025-09-11 21:54:49.744 TRACE 11487 --- [http-nio-8080-exec-3] o.h.type.descriptor.sql.BasicExtractor   : extracted value ([id1_4_] : [BIGINT]) - [6]
2025-09-11 21:54:49.746 DEBUG 11487 --- [http-nio-8080-exec-3] org.hibernate.SQL                        : select user0_.id as id1_4_, user0_.email as email2_4_, user0_.first_name as first_na3_4_, user0_.last_name as last_nam4_4_, user0_.password as password5_4_, user0_.phone_number as phone_nu6_4_ from user user0_ where user0_.email=?
2025-09-11 21:54:49.746 TRACE 11487 --- [http-nio-8080-exec-3] o.h.type.descriptor.sql.BasicBinder      : binding parameter [1] as [VARCHAR] - [jatin@2gmail.com]
2025-09-11 21:54:49.746 TRACE 11487 --- [http-nio-8080-exec-3] o.h.type.descriptor.sql.BasicExtractor   : extracted value ([id1_4_] : [BIGINT]) - [1]
2025-09-11 21:54:49.746 TRACE 11487 --- [http-nio-8080-exec-3] o.h.type.descriptor.sql.BasicExtractor   : extracted value ([email2_4_] : [VARCHAR]) - [jatin@2gmail.com]
2025-09-11 21:54:49.746 TRACE 11487 --- [http-nio-8080-exec-3] o.h.type.descriptor.sql.BasicExtractor   : extracted value ([first_na3_4_] : [VARCHAR]) - [jatin]
2025-09-11 21:54:49.746 TRACE 11487 --- [http-nio-8080-exec-3] o.h.type.descriptor.sql.BasicExtractor   : extracted value ([last_nam4_4_] : [VARCHAR]) - [yadav]
2025-09-11 21:54:49.746 TRACE 11487 --- [http-nio-8080-exec-3] o.h.type.descriptor.sql.BasicExtractor   : extracted value ([password5_4_] : [VARCHAR]) - [$2a$10$UMYVUObsi6WU/tenNDnPhu5YYSF5a9/u9UYQV35.Uv0ZJQE3nTPku]
2025-09-11 21:54:49.746 TRACE 11487 --- [http-nio-8080-exec-3] o.h.type.descriptor.sql.BasicExtractor   : extracted value ([phone_nu6_4_] : [VARCHAR]) - [0711111111]
2025-09-11 21:54:49.746 TRACE 11487 --- [http-nio-8080-exec-3] org.hibernate.type.CollectionType        : Created collection wrapper: [net.javaguides.springboot.model.User.bookingsBarber#1]
2025-09-11 21:54:49.746 TRACE 11487 --- [http-nio-8080-exec-3] org.hibernate.type.CollectionType        : Created collection wrapper: [net.javaguides.springboot.model.User.bookingsClient#1]
2025-09-11 21:54:49.746 TRACE 11487 --- [http-nio-8080-exec-3] org.hibernate.type.CollectionType        : Created collection wrapper: [net.javaguides.springboot.model.User.roles#1]
2025-09-11 21:54:49.746 TRACE 11487 --- [http-nio-8080-exec-3] org.hibernate.type.CollectionType        : Created collection wrapper: [net.javaguides.springboot.model.User.schedules#1]
2025-09-11 21:54:49.746 DEBUG 11487 --- [http-nio-8080-exec-3] org.hibernate.SQL                        : select roles0_.user_id as user_id1_5_0_, roles0_.role_id as role_id2_5_0_, role1_.id as id1_1_1_, role1_.name as name2_1_1_ from users_roles roles0_ inner join roles role1_ on roles0_.role_id=role1_.id where roles0_.user_id=?
2025-09-11 21:54:49.747 TRACE 11487 --- [http-nio-8080-exec-3] o.h.type.descriptor.sql.BasicBinder      : binding parameter [1] as [BIGINT] - [1]
2025-09-11 21:54:49.747 TRACE 11487 --- [http-nio-8080-exec-3] o.h.type.descriptor.sql.BasicExtractor   : extracted value ([id1_1_1_] : [BIGINT]) - [3]
2025-09-11 21:54:49.747 TRACE 11487 --- [http-nio-8080-exec-3] o.h.type.descriptor.sql.BasicExtractor   : extracted value ([name2_1_1_] : [VARCHAR]) - [ROLE_USER]
2025-09-11 21:54:49.747 TRACE 11487 --- [http-nio-8080-exec-3] o.h.type.descriptor.sql.BasicExtractor   : extracted value ([user_id1_5_0_] : [BIGINT]) - [1]
2025-09-11 21:54:49.747 TRACE 11487 --- [http-nio-8080-exec-3] o.h.type.descriptor.sql.BasicExtractor   : extracted value ([role_id2_5_0_] : [BIGINT]) - [3]
2025-09-11 21:54:50.950 DEBUG 11487 --- [http-nio-8080-exec-10] org.hibernate.SQL                        : select role0_.id as id1_1_, role0_.name as name2_1_ from roles role0_ where role0_.name=?
2025-09-11 21:54:50.953 TRACE 11487 --- [http-nio-8080-exec-10] o.h.type.descriptor.sql.BasicBinder      : binding parameter [1] as [VARCHAR] - [ROLE_BARBER]
2025-09-11 21:54:50.955 TRACE 11487 --- [http-nio-8080-exec-10] o.h.type.descriptor.sql.BasicExtractor   : extracted value ([id1_1_] : [BIGINT]) - [2]
2025-09-11 21:54:50.956 TRACE 11487 --- [http-nio-8080-exec-10] o.h.type.descriptor.sql.BasicExtractor   : extracted value ([name2_1_] : [VARCHAR]) - [ROLE_BARBER]
2025-09-11 21:54:50.956 DEBUG 11487 --- [http-nio-8080-exec-10] org.hibernate.SQL                        : select user0_.id as id1_4_, user0_.email as email2_4_, user0_.first_name as first_na3_4_, user0_.last_name as last_nam4_4_, user0_.password as password5_4_, user0_.phone_number as phone_nu6_4_ from user user0_ left outer join users_roles roles1_ on user0_.id=roles1_.user_id left outer join roles role2_ on roles1_.role_id=role2_.id where role2_.id=?
2025-09-11 21:54:50.957 TRACE 11487 --- [http-nio-8080-exec-10] o.h.type.descriptor.sql.BasicBinder      : binding parameter [1] as [BIGINT] - [2]
2025-09-11 21:54:50.959 TRACE 11487 --- [http-nio-8080-exec-10] o.h.type.descriptor.sql.BasicExtractor   : extracted value ([id1_4_] : [BIGINT]) - [2]
2025-09-11 21:54:50.959 TRACE 11487 --- [http-nio-8080-exec-10] o.h.type.descriptor.sql.BasicExtractor   : extracted value ([email2_4_] : [VARCHAR]) - [demo@gmail.com]
2025-09-11 21:54:50.960 TRACE 11487 --- [http-nio-8080-exec-10] o.h.type.descriptor.sql.BasicExtractor   : extracted value ([first_na3_4_] : [VARCHAR]) - [demo]
2025-09-11 21:54:50.960 TRACE 11487 --- [http-nio-8080-exec-10] o.h.type.descriptor.sql.BasicExtractor   : extracted value ([last_nam4_4_] : [VARCHAR]) - [charan]
2025-09-11 21:54:50.960 TRACE 11487 --- [http-nio-8080-exec-10] o.h.type.descriptor.sql.BasicExtractor   : extracted value ([password5_4_] : [VARCHAR]) - [$2a$10$H8ZG4e6c3j2vVVoLgpwKjOoAL6s0nFlnPAIlEN5XdZsX7ex6h8jv.]
2025-09-11 21:54:50.960 TRACE 11487 --- [http-nio-8080-exec-10] o.h.type.descriptor.sql.BasicExtractor   : extracted value ([phone_nu6_4_] : [VARCHAR]) - [1234567890]
2025-09-11 21:54:50.960 TRACE 11487 --- [http-nio-8080-exec-10] o.h.type.descriptor.sql.BasicExtractor   : extracted value ([id1_4_] : [BIGINT]) - [6]
2025-09-11 21:54:50.960 TRACE 11487 --- [http-nio-8080-exec-10] o.h.type.descriptor.sql.BasicExtractor   : extracted value ([email2_4_] : [VARCHAR]) - [naman@gmail.com]
2025-09-11 21:54:50.960 TRACE 11487 --- [http-nio-8080-exec-10] o.h.type.descriptor.sql.BasicExtractor   : extracted value ([first_na3_4_] : [VARCHAR]) - [naman]
2025-09-11 21:54:50.960 TRACE 11487 --- [http-nio-8080-exec-10] o.h.type.descriptor.sql.BasicExtractor   : extracted value ([last_nam4_4_] : [VARCHAR]) - [yadav]
2025-09-11 21:54:50.960 TRACE 11487 --- [http-nio-8080-exec-10] o.h.type.descriptor.sql.BasicExtractor   : extracted value ([password5_4_] : [VARCHAR]) - [$2a$10$gu2HQ6Q6j4zO1XidFTWjluSdIolW8O/eiChFPLOE0Dgf.GEqMCgdO]
2025-09-11 21:54:50.960 TRACE 11487 --- [http-nio-8080-exec-10] o.h.type.descriptor.sql.BasicExtractor   : extracted value ([phone_nu6_4_] : [VARCHAR]) - [1234567890]
2025-09-11 21:54:50.960 TRACE 11487 --- [http-nio-8080-exec-10] org.hibernate.type.CollectionType        : Created collection wrapper: [net.javaguides.springboot.model.User.bookingsBarber#2]
2025-09-11 21:54:50.960 TRACE 11487 --- [http-nio-8080-exec-10] org.hibernate.type.CollectionType        : Created collection wrapper: [net.javaguides.springboot.model.User.bookingsClient#2]
2025-09-11 21:54:50.960 TRACE 11487 --- [http-nio-8080-exec-10] org.hibernate.type.CollectionType        : Created collection wrapper: [net.javaguides.springboot.model.User.roles#2]
2025-09-11 21:54:50.960 TRACE 11487 --- [http-nio-8080-exec-10] org.hibernate.type.CollectionType        : Created collection wrapper: [net.javaguides.springboot.model.User.schedules#2]
2025-09-11 21:54:50.961 TRACE 11487 --- [http-nio-8080-exec-10] org.hibernate.type.CollectionType        : Created collection wrapper: [net.javaguides.springboot.model.User.bookingsBarber#6]
2025-09-11 21:54:50.961 TRACE 11487 --- [http-nio-8080-exec-10] org.hibernate.type.CollectionType        : Created collection wrapper: [net.javaguides.springboot.model.User.bookingsClient#6]
2025-09-11 21:54:50.961 TRACE 11487 --- [http-nio-8080-exec-10] org.hibernate.type.CollectionType        : Created collection wrapper: [net.javaguides.springboot.model.User.roles#6]
2025-09-11 21:54:50.961 TRACE 11487 --- [http-nio-8080-exec-10] org.hibernate.type.CollectionType        : Created collection wrapper: [net.javaguides.springboot.model.User.schedules#6]
2025-09-11 21:54:50.961 DEBUG 11487 --- [http-nio-8080-exec-10] org.hibernate.SQL                        : select roles0_.user_id as user_id1_5_0_, roles0_.role_id as role_id2_5_0_, role1_.id as id1_1_1_, role1_.name as name2_1_1_ from users_roles roles0_ inner join roles role1_ on roles0_.role_id=role1_.id where roles0_.user_id=?
2025-09-11 21:54:50.961 TRACE 11487 --- [http-nio-8080-exec-10] o.h.type.descriptor.sql.BasicBinder      : binding parameter [1] as [BIGINT] - [6]
2025-09-11 21:54:50.962 TRACE 11487 --- [http-nio-8080-exec-10] o.h.type.descriptor.sql.BasicExtractor   : extracted value ([id1_1_1_] : [BIGINT]) - [2]
2025-09-11 21:54:50.962 TRACE 11487 --- [http-nio-8080-exec-10] o.h.type.descriptor.sql.BasicExtractor   : extracted value ([user_id1_5_0_] : [BIGINT]) - [6]
2025-09-11 21:54:50.962 TRACE 11487 --- [http-nio-8080-exec-10] o.h.type.descriptor.sql.BasicExtractor   : extracted value ([role_id2_5_0_] : [BIGINT]) - [2]
2025-09-11 21:54:50.963 DEBUG 11487 --- [http-nio-8080-exec-10] org.hibernate.SQL                        : select roles0_.user_id as user_id1_5_0_, roles0_.role_id as role_id2_5_0_, role1_.id as id1_1_1_, role1_.name as name2_1_1_ from users_roles roles0_ inner join roles role1_ on roles0_.role_id=role1_.id where roles0_.user_id=?
2025-09-11 21:54:50.963 TRACE 11487 --- [http-nio-8080-exec-10] o.h.type.descriptor.sql.BasicBinder      : binding parameter [1] as [BIGINT] - [2]
2025-09-11 21:54:50.964 TRACE 11487 --- [http-nio-8080-exec-10] o.h.type.descriptor.sql.BasicExtractor   : extracted value ([id1_1_1_] : [BIGINT]) - [2]
2025-09-11 21:54:50.964 TRACE 11487 --- [http-nio-8080-exec-10] o.h.type.descriptor.sql.BasicExtractor   : extracted value ([user_id1_5_0_] : [BIGINT]) - [2]
2025-09-11 21:54:50.964 TRACE 11487 --- [http-nio-8080-exec-10] o.h.type.descriptor.sql.BasicExtractor   : extracted value ([role_id2_5_0_] : [BIGINT]) - [2]
2025-09-11 21:54:50.968 DEBUG 11487 --- [http-nio-8080-exec-10] org.hibernate.SQL                        : select barberserv0_.id as id1_3_, barberserv0_.description as descript2_3_, barberserv0_.name as name3_3_ from service barberserv0_
2025-09-11 21:54:50.969 TRACE 11487 --- [http-nio-8080-exec-10] o.h.type.descriptor.sql.BasicExtractor   : extracted value ([id1_3_] : [BIGINT]) - [1]
2025-09-11 21:54:50.969 TRACE 11487 --- [http-nio-8080-exec-10] o.h.type.descriptor.sql.BasicExtractor   : extracted value ([descript2_3_] : [VARCHAR]) - [Normal Hair Cutting]
2025-09-11 21:54:50.970 TRACE 11487 --- [http-nio-8080-exec-10] o.h.type.descriptor.sql.BasicExtractor   : extracted value ([name3_3_] : [VARCHAR]) - [Basic Hair Cutting]
2025-09-11 21:54:50.970 TRACE 11487 --- [http-nio-8080-exec-10] o.h.type.descriptor.sql.BasicExtractor   : extracted value ([id1_3_] : [BIGINT]) - [2]
2025-09-11 21:54:50.970 TRACE 11487 --- [http-nio-8080-exec-10] o.h.type.descriptor.sql.BasicExtractor   : extracted value ([descript2_3_] : [VARCHAR]) - [Basic trimming]
2025-09-11 21:54:50.970 TRACE 11487 --- [http-nio-8080-exec-10] o.h.type.descriptor.sql.BasicExtractor   : extracted value ([name3_3_] : [VARCHAR]) - [Beard Trim]
2025-09-11 21:54:50.970 TRACE 11487 --- [http-nio-8080-exec-10] org.hibernate.type.CollectionType        : Created collection wrapper: [net.javaguides.springboot.model.BarberServiceModel.bookings#1]
2025-09-11 21:54:50.970 TRACE 11487 --- [http-nio-8080-exec-10] org.hibernate.type.CollectionType        : Created collection wrapper: [net.javaguides.springboot.model.BarberServiceModel.bookings#2]
2025-09-11 21:54:50.972 DEBUG 11487 --- [http-nio-8080-exec-10] org.hibernate.SQL                        : select distinct schedule0_.date as col_0_0_ from schedule schedule0_ where schedule0_.status='FREE'
2025-09-11 21:54:50.973 TRACE 11487 --- [http-nio-8080-exec-10] o.h.type.descriptor.sql.BasicExtractor   : extracted value ([col_0_0_] : [DATE]) - [2025-09-11]
2025-09-11 21:54:50.973 DEBUG 11487 --- [http-nio-8080-exec-10] org.hibernate.SQL                        : select distinct schedule0_.time as col_0_0_ from schedule schedule0_ where schedule0_.status='FREE'
2025-09-11 21:54:50.974 TRACE 11487 --- [http-nio-8080-exec-10] o.h.type.descriptor.sql.BasicExtractor   : extracted value ([col_0_0_] : [TIME]) - [10:00]
2025-09-11 21:54:50.974 TRACE 11487 --- [http-nio-8080-exec-10] o.h.type.descriptor.sql.BasicExtractor   : extracted value ([col_0_0_] : [TIME]) - [10:30]
2025-09-11 21:54:50.975 TRACE 11487 --- [http-nio-8080-exec-10] o.h.type.descriptor.sql.BasicExtractor   : extracted value ([col_0_0_] : [TIME]) - [11:00]
2025-09-11 21:54:50.975 TRACE 11487 --- [http-nio-8080-exec-10] o.h.type.descriptor.sql.BasicExtractor   : extracted value ([col_0_0_] : [TIME]) - [11:30]
2025-09-11 21:54:50.975 TRACE 11487 --- [http-nio-8080-exec-10] o.h.type.descriptor.sql.BasicExtractor   : extracted value ([col_0_0_] : [TIME]) - [12:00]
2025-09-11 21:54:50.975 TRACE 11487 --- [http-nio-8080-exec-10] o.h.type.descriptor.sql.BasicExtractor   : extracted value ([col_0_0_] : [TIME]) - [12:30]
2025-09-11 21:54:50.975 TRACE 11487 --- [http-nio-8080-exec-10] o.h.type.descriptor.sql.BasicExtractor   : extracted value ([col_0_0_] : [TIME]) - [13:00]
2025-09-11 21:54:50.975 TRACE 11487 --- [http-nio-8080-exec-10] o.h.type.descriptor.sql.BasicExtractor   : extracted value ([col_0_0_] : [TIME]) - [13:30]
2025-09-11 21:54:50.975 TRACE 11487 --- [http-nio-8080-exec-10] o.h.type.descriptor.sql.BasicExtractor   : extracted value ([col_0_0_] : [TIME]) - [14:00]
2025-09-11 21:54:50.975 TRACE 11487 --- [http-nio-8080-exec-10] o.h.type.descriptor.sql.BasicExtractor   : extracted value ([col_0_0_] : [TIME]) - [14:30]
2025-09-11 21:54:50.975 TRACE 11487 --- [http-nio-8080-exec-10] o.h.type.descriptor.sql.BasicExtractor   : extracted value ([col_0_0_] : [TIME]) - [15:00]
2025-09-11 21:54:50.975 TRACE 11487 --- [http-nio-8080-exec-10] o.h.type.descriptor.sql.BasicExtractor   : extracted value ([col_0_0_] : [TIME]) - [15:30]
2025-09-11 21:54:50.975 TRACE 11487 --- [http-nio-8080-exec-10] o.h.type.descriptor.sql.BasicExtractor   : extracted value ([col_0_0_] : [TIME]) - [16:00]
2025-09-11 21:54:50.975 TRACE 11487 --- [http-nio-8080-exec-10] o.h.type.descriptor.sql.BasicExtractor   : extracted value ([col_0_0_] : [TIME]) - [16:30]
2025-09-11 21:54:50.975 TRACE 11487 --- [http-nio-8080-exec-10] o.h.type.descriptor.sql.BasicExtractor   : extracted value ([col_0_0_] : [TIME]) - [17:00]
2025-09-11 21:54:50.975 TRACE 11487 --- [http-nio-8080-exec-10] o.h.type.descriptor.sql.BasicExtractor   : extracted value ([col_0_0_] : [TIME]) - [17:30]
2025-09-11 21:54:50.978 DEBUG 11487 --- [http-nio-8080-exec-10] org.hibernate.SQL                        : select schedule0_.id as id1_2_, schedule0_.barber_id as barber_i5_2_, schedule0_.date as date2_2_, schedule0_.status as status3_2_, schedule0_.time as time4_2_ from schedule schedule0_ where schedule0_.date=? and schedule0_.time=?
2025-09-11 21:54:50.978 TRACE 11487 --- [http-nio-8080-exec-10] o.h.type.descriptor.sql.BasicBinder      : binding parameter [1] as [DATE] - [2025-09-11]
2025-09-11 21:54:50.978 TRACE 11487 --- [http-nio-8080-exec-10] o.h.type.descriptor.sql.BasicBinder      : binding parameter [2] as [TIME] - [11:30]
2025-09-11 21:54:50.979 TRACE 11487 --- [http-nio-8080-exec-10] o.h.type.descriptor.sql.BasicExtractor   : extracted value ([id1_2_] : [BIGINT]) - [4]
2025-09-11 21:54:50.979 TRACE 11487 --- [http-nio-8080-exec-10] o.h.type.descriptor.sql.BasicExtractor   : extracted value ([barber_i5_2_] : [BIGINT]) - [6]
2025-09-11 21:54:50.979 TRACE 11487 --- [http-nio-8080-exec-10] o.h.type.descriptor.sql.BasicExtractor   : extracted value ([date2_2_] : [DATE]) - [2025-09-11]
2025-09-11 21:54:50.980 TRACE 11487 --- [http-nio-8080-exec-10] o.h.type.descriptor.sql.BasicExtractor   : extracted value ([status3_2_] : [VARCHAR]) - [FREE]
2025-09-11 21:54:50.980 TRACE 11487 --- [http-nio-8080-exec-10] o.h.type.descriptor.sql.BasicExtractor   : extracted value ([time4_2_] : [TIME]) - [11:30]
2025-09-11 21:54:50.980 DEBUG 11487 --- [http-nio-8080-exec-10] org.hibernate.SQL                        : select user0_.id as id1_4_, user0_.email as email2_4_, user0_.first_name as first_na3_4_, user0_.last_name as last_nam4_4_, user0_.password as password5_4_, user0_.phone_number as phone_nu6_4_ from user user0_ where user0_.email=?
2025-09-11 21:54:50.980 TRACE 11487 --- [http-nio-8080-exec-10] o.h.type.descriptor.sql.BasicBinder      : binding parameter [1] as [VARCHAR] - [naman@gmail.com]
2025-09-11 21:54:50.981 TRACE 11487 --- [http-nio-8080-exec-10] o.h.type.descriptor.sql.BasicExtractor   : extracted value ([id1_4_] : [BIGINT]) - [6]
2025-09-11 21:54:50.983 DEBUG 11487 --- [http-nio-8080-exec-10] org.hibernate.SQL                        : select user0_.id as id1_4_, user0_.email as email2_4_, user0_.first_name as first_na3_4_, user0_.last_name as last_nam4_4_, user0_.password as password5_4_, user0_.phone_number as phone_nu6_4_ from user user0_ where user0_.email=?
2025-09-11 21:54:50.983 TRACE 11487 --- [http-nio-8080-exec-10] o.h.type.descriptor.sql.BasicBinder      : binding parameter [1] as [VARCHAR] - [jatin@2gmail.com]
2025-09-11 21:54:50.984 TRACE 11487 --- [http-nio-8080-exec-10] o.h.type.descriptor.sql.BasicExtractor   : extracted value ([id1_4_] : [BIGINT]) - [1]
2025-09-11 21:54:50.984 TRACE 11487 --- [http-nio-8080-exec-10] o.h.type.descriptor.sql.BasicExtractor   : extracted value ([email2_4_] : [VARCHAR]) - [jatin@2gmail.com]
2025-09-11 21:54:50.984 TRACE 11487 --- [http-nio-8080-exec-10] o.h.type.descriptor.sql.BasicExtractor   : extracted value ([first_na3_4_] : [VARCHAR]) - [jatin]
2025-09-11 21:54:50.984 TRACE 11487 --- [http-nio-8080-exec-10] o.h.type.descriptor.sql.BasicExtractor   : extracted value ([last_nam4_4_] : [VARCHAR]) - [yadav]
2025-09-11 21:54:50.984 TRACE 11487 --- [http-nio-8080-exec-10] o.h.type.descriptor.sql.BasicExtractor   : extracted value ([password5_4_] : [VARCHAR]) - [$2a$10$UMYVUObsi6WU/tenNDnPhu5YYSF5a9/u9UYQV35.Uv0ZJQE3nTPku]
2025-09-11 21:54:50.984 TRACE 11487 --- [http-nio-8080-exec-10] o.h.type.descriptor.sql.BasicExtractor   : extracted value ([phone_nu6_4_] : [VARCHAR]) - [0711111111]
2025-09-11 21:54:50.984 TRACE 11487 --- [http-nio-8080-exec-10] org.hibernate.type.CollectionType        : Created collection wrapper: [net.javaguides.springboot.model.User.bookingsBarber#1]
2025-09-11 21:54:50.984 TRACE 11487 --- [http-nio-8080-exec-10] org.hibernate.type.CollectionType        : Created collection wrapper: [net.javaguides.springboot.model.User.bookingsClient#1]
2025-09-11 21:54:50.984 TRACE 11487 --- [http-nio-8080-exec-10] org.hibernate.type.CollectionType        : Created collection wrapper: [net.javaguides.springboot.model.User.roles#1]
2025-09-11 21:54:50.984 TRACE 11487 --- [http-nio-8080-exec-10] org.hibernate.type.CollectionType        : Created collection wrapper: [net.javaguides.springboot.model.User.schedules#1]
2025-09-11 21:54:50.984 DEBUG 11487 --- [http-nio-8080-exec-10] org.hibernate.SQL                        : select roles0_.user_id as user_id1_5_0_, roles0_.role_id as role_id2_5_0_, role1_.id as id1_1_1_, role1_.name as name2_1_1_ from users_roles roles0_ inner join roles role1_ on roles0_.role_id=role1_.id where roles0_.user_id=?
2025-09-11 21:54:50.985 TRACE 11487 --- [http-nio-8080-exec-10] o.h.type.descriptor.sql.BasicBinder      : binding parameter [1] as [BIGINT] - [1]
2025-09-11 21:54:50.985 TRACE 11487 --- [http-nio-8080-exec-10] o.h.type.descriptor.sql.BasicExtractor   : extracted value ([id1_1_1_] : [BIGINT]) - [3]
2025-09-11 21:54:50.985 TRACE 11487 --- [http-nio-8080-exec-10] o.h.type.descriptor.sql.BasicExtractor   : extracted value ([name2_1_1_] : [VARCHAR]) - [ROLE_USER]
2025-09-11 21:54:50.985 TRACE 11487 --- [http-nio-8080-exec-10] o.h.type.descriptor.sql.BasicExtractor   : extracted value ([user_id1_5_0_] : [BIGINT]) - [1]
2025-09-11 21:54:50.985 TRACE 11487 --- [http-nio-8080-exec-10] o.h.type.descriptor.sql.BasicExtractor   : extracted value ([role_id2_5_0_] : [BIGINT]) - [3]
2025-09-11 21:54:52.637 ERROR 11487 --- [http-nio-8080-exec-3] o.a.c.c.C.[.[.[/].[dispatcherServlet]    : Servlet.service() for servlet [dispatcherServlet] in context with path [] threw exception [Request processing failed; nested exception is org.springframework.mail.MailAuthenticationException: Authentication failed; nested exception is javax.mail.AuthenticationFailedException: 535-5.7.8 Username and Password not accepted. For more information, go to
535 5.7.8  https://support.google.com/mail/?p=BadCredentials 41be03b00d2f7-b54a387cd4bsm2275789a12.35 - gsmtp
] with root cause

javax.mail.AuthenticationFailedException: 535-5.7.8 Username and Password not accepted. For more information, go to
535 5.7.8  https://support.google.com/mail/?p=BadCredentials 41be03b00d2f7-b54a387cd4bsm2275789a12.35 - gsmtp

	at com.sun.mail.smtp.SMTPTransport$Authenticator.authenticate(SMTPTransport.java:947) ~[jakarta.mail-1.6.5.jar:1.6.5]
	at com.sun.mail.smtp.SMTPTransport.authenticate(SMTPTransport.java:858) ~[jakarta.mail-1.6.5.jar:1.6.5]
	at com.sun.mail.smtp.SMTPTransport.protocolConnect(SMTPTransport.java:762) ~[jakarta.mail-1.6.5.jar:1.6.5]
	at javax.mail.Service.connect(Service.java:342) ~[jakarta.mail-1.6.5.jar:1.6.5]
	at org.springframework.mail.javamail.JavaMailSenderImpl.connectTransport(JavaMailSenderImpl.java:518) ~[spring-context-support-5.2.6.RELEASE.jar:5.2.6.RELEASE]
	at org.springframework.mail.javamail.JavaMailSenderImpl.doSend(JavaMailSenderImpl.java:437) ~[spring-context-support-5.2.6.RELEASE.jar:5.2.6.RELEASE]
	at org.springframework.mail.javamail.JavaMailSenderImpl.send(JavaMailSenderImpl.java:323) ~[spring-context-support-5.2.6.RELEASE.jar:5.2.6.RELEASE]
	at org.springframework.mail.javamail.JavaMailSenderImpl.send(JavaMailSenderImpl.java:312) ~[spring-context-support-5.2.6.RELEASE.jar:5.2.6.RELEASE]
	at net.javaguides.springboot.service.EmailSender.NotificationServiceImpl.sendMail(NotificationServiceImpl.java:44) ~[classes/:na]
	at net.javaguides.springboot.service.Booking.BookingServiceImpl.save(BookingServiceImpl.java:92) ~[classes/:na]
	at net.javaguides.springboot.Controllers.Booking.BookingController.confirmBooking(BookingController.java:118) ~[classes/:na]
	at java.base/jdk.internal.reflect.NativeMethodAccessorImpl.invoke0(Native Method) ~[na:na]
	at java.base/jdk.internal.reflect.NativeMethodAccessorImpl.invoke(NativeMethodAccessorImpl.java:77) ~[na:na]
	at java.base/jdk.internal.reflect.DelegatingMethodAccessorImpl.invoke(DelegatingMethodAccessorImpl.java:43) ~[na:na]
	at java.base/java.lang.reflect.Method.invoke(Method.java:569) ~[na:na]
	at org.springframework.web.method.support.InvocableHandlerMethod.doInvoke(InvocableHandlerMethod.java:190) ~[spring-web-5.2.6.RELEASE.jar:5.2.6.RELEASE]
	at org.springframework.web.method.support.InvocableHandlerMethod.invokeForRequest(InvocableHandlerMethod.java:138) ~[spring-web-5.2.6.RELEASE.jar:5.2.6.RELEASE]
	at org.springframework.web.servlet.mvc.method.annotation.ServletInvocableHandlerMethod.invokeAndHandle(ServletInvocableHandlerMethod.java:105) ~[spring-webmvc-5.2.6.RELEASE.jar:5.2.6.RELEASE]
	at org.springframework.web.servlet.mvc.method.annotation.RequestMappingHandlerAdapter.invokeHandlerMethod(RequestMappingHandlerAdapter.java:879) ~[spring-webmvc-5.2.6.RELEASE.jar:5.2.6.RELEASE]
	at org.springframework.web.servlet.mvc.method.annotation.RequestMappingHandlerAdapter.handleInternal(RequestMappingHandlerAdapter.java:793) ~[spring-webmvc-5.2.6.RELEASE.jar:5.2.6.RELEASE]
	at org.springframework.web.servlet.mvc.method.AbstractHandlerMethodAdapter.handle(AbstractHandlerMethodAdapter.java:87) ~[spring-webmvc-5.2.6.RELEASE.jar:5.2.6.RELEASE]
	at org.springframework.web.servlet.DispatcherServlet.doDispatch(DispatcherServlet.java:1040) ~[spring-webmvc-5.2.6.RELEASE.jar:5.2.6.RELEASE]
	at org.springframework.web.servlet.DispatcherServlet.doService(DispatcherServlet.java:943) ~[spring-webmvc-5.2.6.RELEASE.jar:5.2.6.RELEASE]
	at org.springframework.web.servlet.FrameworkServlet.processRequest(FrameworkServlet.java:1006) ~[spring-webmvc-5.2.6.RELEASE.jar:5.2.6.RELEASE]
	at org.springframework.web.servlet.FrameworkServlet.doPost(FrameworkServlet.java:909) ~[spring-webmvc-5.2.6.RELEASE.jar:5.2.6.RELEASE]
	at javax.servlet.http.HttpServlet.service(HttpServlet.java:660) ~[tomcat-embed-core-9.0.35.jar:9.0.35]
	at org.springframework.web.servlet.FrameworkServlet.service(FrameworkServlet.java:883) ~[spring-webmvc-5.2.6.RELEASE.jar:5.2.6.RELEASE]
	at javax.servlet.http.HttpServlet.service(HttpServlet.java:741) ~[tomcat-embed-core-9.0.35.jar:9.0.35]
	at org.apache.catalina.core.ApplicationFilterChain.internalDoFilter(ApplicationFilterChain.java:231) ~[tomcat-embed-core-9.0.35.jar:9.0.35]
	at org.apache.catalina.core.ApplicationFilterChain.doFilter(ApplicationFilterChain.java:166) ~[tomcat-embed-core-9.0.35.jar:9.0.35]
	at org.apache.tomcat.websocket.server.WsFilter.doFilter(WsFilter.java:53) ~[tomcat-embed-websocket-9.0.35.jar:9.0.35]
	at org.apache.catalina.core.ApplicationFilterChain.internalDoFilter(ApplicationFilterChain.java:193) ~[tomcat-embed-core-9.0.35.jar:9.0.35]
	at org.apache.catalina.core.ApplicationFilterChain.doFilter(ApplicationFilterChain.java:166) ~[tomcat-embed-core-9.0.35.jar:9.0.35]
	at org.springframework.security.web.FilterChainProxy$VirtualFilterChain.doFilter(FilterChainProxy.java:320) ~[spring-security-web-5.3.2.RELEASE.jar:5.3.2.RELEASE]
	at org.springframework.security.web.access.intercept.FilterSecurityInterceptor.invoke(FilterSecurityInterceptor.java:126) ~[spring-security-web-5.3.2.RELEASE.jar:5.3.2.RELEASE]
	at org.springframework.security.web.access.intercept.FilterSecurityInterceptor.doFilter(FilterSecurityInterceptor.java:90) ~[spring-security-web-5.3.2.RELEASE.jar:5.3.2.RELEASE]
	at org.springframework.security.web.FilterChainProxy$VirtualFilterChain.doFilter(FilterChainProxy.java:334) ~[spring-security-web-5.3.2.RELEASE.jar:5.3.2.RELEASE]
	at org.springframework.security.web.access.ExceptionTranslationFilter.doFilter(ExceptionTranslationFilter.java:118) ~[spring-security-web-5.3.2.RELEASE.jar:5.3.2.RELEASE]
	at org.springframework.security.web.FilterChainProxy$VirtualFilterChain.doFilter(FilterChainProxy.java:334) ~[spring-security-web-5.3.2.RELEASE.jar:5.3.2.RELEASE]
	at org.springframework.security.web.session.SessionManagementFilter.doFilter(SessionManagementFilter.java:137) ~[spring-security-web-5.3.2.RELEASE.jar:5.3.2.RELEASE]
	at org.springframework.security.web.FilterChainProxy$VirtualFilterChain.doFilter(FilterChainProxy.java:334) ~[spring-security-web-5.3.2.RELEASE.jar:5.3.2.RELEASE]
	at org.springframework.security.web.authentication.AnonymousAuthenticationFilter.doFilter(AnonymousAuthenticationFilter.java:111) ~[spring-security-web-5.3.2.RELEASE.jar:5.3.2.RELEASE]
	at org.springframework.security.web.FilterChainProxy$VirtualFilterChain.doFilter(FilterChainProxy.java:334) ~[spring-security-web-5.3.2.RELEASE.jar:5.3.2.RELEASE]
	at org.springframework.security.web.servletapi.SecurityContextHolderAwareRequestFilter.doFilter(SecurityContextHolderAwareRequestFilter.java:158) ~[spring-security-web-5.3.2.RELEASE.jar:5.3.2.RELEASE]
	at org.springframework.security.web.FilterChainProxy$VirtualFilterChain.doFilter(FilterChainProxy.java:334) ~[spring-security-web-5.3.2.RELEASE.jar:5.3.2.RELEASE]
	at org.springframework.security.web.savedrequest.RequestCacheAwareFilter.doFilter(RequestCacheAwareFilter.java:63) ~[spring-security-web-5.3.2.RELEASE.jar:5.3.2.RELEASE]
	at org.springframework.security.web.FilterChainProxy$VirtualFilterChain.doFilter(FilterChainProxy.java:334) ~[spring-security-web-5.3.2.RELEASE.jar:5.3.2.RELEASE]
	at org.springframework.security.web.authentication.AbstractAuthenticationProcessingFilter.doFilter(AbstractAuthenticationProcessingFilter.java:200) ~[spring-security-web-5.3.2.RELEASE.jar:5.3.2.RELEASE]
	at org.springframework.security.web.FilterChainProxy$VirtualFilterChain.doFilter(FilterChainProxy.java:334) ~[spring-security-web-5.3.2.RELEASE.jar:5.3.2.RELEASE]
	at org.springframework.security.web.authentication.logout.LogoutFilter.doFilter(LogoutFilter.java:116) ~[spring-security-web-5.3.2.RELEASE.jar:5.3.2.RELEASE]
	at org.springframework.security.web.FilterChainProxy$VirtualFilterChain.doFilter(FilterChainProxy.java:334) ~[spring-security-web-5.3.2.RELEASE.jar:5.3.2.RELEASE]
	at org.springframework.security.web.csrf.CsrfFilter.doFilterInternal(CsrfFilter.java:141) ~[spring-security-web-5.3.2.RELEASE.jar:5.3.2.RELEASE]
	at org.springframework.web.filter.OncePerRequestFilter.doFilter(OncePerRequestFilter.java:119) ~[spring-web-5.2.6.RELEASE.jar:5.2.6.RELEASE]
	at org.springframework.security.web.FilterChainProxy$VirtualFilterChain.doFilter(FilterChainProxy.java:334) ~[spring-security-web-5.3.2.RELEASE.jar:5.3.2.RELEASE]
	at org.springframework.security.web.header.HeaderWriterFilter.doHeadersAfter(HeaderWriterFilter.java:92) ~[spring-security-web-5.3.2.RELEASE.jar:5.3.2.RELEASE]
	at org.springframework.security.web.header.HeaderWriterFilter.doFilterInternal(HeaderWriterFilter.java:77) ~[spring-security-web-5.3.2.RELEASE.jar:5.3.2.RELEASE]
	at org.springframework.web.filter.OncePerRequestFilter.doFilter(OncePerRequestFilter.java:119) ~[spring-web-5.2.6.RELEASE.jar:5.2.6.RELEASE]
	at org.springframework.security.web.FilterChainProxy$VirtualFilterChain.doFilter(FilterChainProxy.java:334) ~[spring-security-web-5.3.2.RELEASE.jar:5.3.2.RELEASE]
	at org.springframework.security.web.context.SecurityContextPersistenceFilter.doFilter(SecurityContextPersistenceFilter.java:105) ~[spring-security-web-5.3.2.RELEASE.jar:5.3.2.RELEASE]
	at org.springframework.security.web.FilterChainProxy$VirtualFilterChain.doFilter(FilterChainProxy.java:334) ~[spring-security-web-5.3.2.RELEASE.jar:5.3.2.RELEASE]
	at org.springframework.security.web.context.request.async.WebAsyncManagerIntegrationFilter.doFilterInternal(WebAsyncManagerIntegrationFilter.java:56) ~[spring-security-web-5.3.2.RELEASE.jar:5.3.2.RELEASE]
	at org.springframework.web.filter.OncePerRequestFilter.doFilter(OncePerRequestFilter.java:119) ~[spring-web-5.2.6.RELEASE.jar:5.2.6.RELEASE]
	at org.springframework.security.web.FilterChainProxy$VirtualFilterChain.doFilter(FilterChainProxy.java:334) ~[spring-security-web-5.3.2.RELEASE.jar:5.3.2.RELEASE]
	at org.springframework.security.web.FilterChainProxy.doFilterInternal(FilterChainProxy.java:215) ~[spring-security-web-5.3.2.RELEASE.jar:5.3.2.RELEASE]
	at org.springframework.security.web.FilterChainProxy.doFilter(FilterChainProxy.java:178) ~[spring-security-web-5.3.2.RELEASE.jar:5.3.2.RELEASE]
	at org.springframework.web.filter.DelegatingFilterProxy.invokeDelegate(DelegatingFilterProxy.java:358) ~[spring-web-5.2.6.RELEASE.jar:5.2.6.RELEASE]
	at org.springframework.web.filter.DelegatingFilterProxy.doFilter(DelegatingFilterProxy.java:271) ~[spring-web-5.2.6.RELEASE.jar:5.2.6.RELEASE]
	at org.apache.catalina.core.ApplicationFilterChain.internalDoFilter(ApplicationFilterChain.java:193) ~[tomcat-embed-core-9.0.35.jar:9.0.35]
	at org.apache.catalina.core.ApplicationFilterChain.doFilter(ApplicationFilterChain.java:166) ~[tomcat-embed-core-9.0.35.jar:9.0.35]
	at org.springframework.web.filter.RequestContextFilter.doFilterInternal(RequestContextFilter.java:100) ~[spring-web-5.2.6.RELEASE.jar:5.2.6.RELEASE]
	at org.springframework.web.filter.OncePerRequestFilter.doFilter(OncePerRequestFilter.java:119) ~[spring-web-5.2.6.RELEASE.jar:5.2.6.RELEASE]
	at org.apache.catalina.core.ApplicationFilterChain.internalDoFilter(ApplicationFilterChain.java:193) ~[tomcat-embed-core-9.0.35.jar:9.0.35]
	at org.apache.catalina.core.ApplicationFilterChain.doFilter(ApplicationFilterChain.java:166) ~[tomcat-embed-core-9.0.35.jar:9.0.35]
	at org.springframework.web.filter.FormContentFilter.doFilterInternal(FormContentFilter.java:93) ~[spring-web-5.2.6.RELEASE.jar:5.2.6.RELEASE]
	at org.springframework.web.filter.OncePerRequestFilter.doFilter(OncePerRequestFilter.java:119) ~[spring-web-5.2.6.RELEASE.jar:5.2.6.RELEASE]
	at org.apache.catalina.core.ApplicationFilterChain.internalDoFilter(ApplicationFilterChain.java:193) ~[tomcat-embed-core-9.0.35.jar:9.0.35]
	at org.apache.catalina.core.ApplicationFilterChain.doFilter(ApplicationFilterChain.java:166) ~[tomcat-embed-core-9.0.35.jar:9.0.35]
	at org.springframework.web.filter.CharacterEncodingFilter.doFilterInternal(CharacterEncodingFilter.java:201) ~[spring-web-5.2.6.RELEASE.jar:5.2.6.RELEASE]
	at org.springframework.web.filter.OncePerRequestFilter.doFilter(OncePerRequestFilter.java:119) ~[spring-web-5.2.6.RELEASE.jar:5.2.6.RELEASE]
	at org.apache.catalina.core.ApplicationFilterChain.internalDoFilter(ApplicationFilterChain.java:193) ~[tomcat-embed-core-9.0.35.jar:9.0.35]
	at org.apache.catalina.core.ApplicationFilterChain.doFilter(ApplicationFilterChain.java:166) ~[tomcat-embed-core-9.0.35.jar:9.0.35]
	at org.apache.catalina.core.StandardWrapperValve.invoke(StandardWrapperValve.java:202) ~[tomcat-embed-core-9.0.35.jar:9.0.35]
	at org.apache.catalina.core.StandardContextValve.invoke(StandardContextValve.java:96) ~[tomcat-embed-core-9.0.35.jar:9.0.35]
	at org.apache.catalina.authenticator.AuthenticatorBase.invoke(AuthenticatorBase.java:541) ~[tomcat-embed-core-9.0.35.jar:9.0.35]
	at org.apache.catalina.core.StandardHostValve.invoke(StandardHostValve.java:139) ~[tomcat-embed-core-9.0.35.jar:9.0.35]
	at org.apache.catalina.valves.ErrorReportValve.invoke(ErrorReportValve.java:92) ~[tomcat-embed-core-9.0.35.jar:9.0.35]
	at org.apache.catalina.core.StandardEngineValve.invoke(StandardEngineValve.java:74) ~[tomcat-embed-core-9.0.35.jar:9.0.35]
	at org.apache.catalina.connector.CoyoteAdapter.service(CoyoteAdapter.java:343) ~[tomcat-embed-core-9.0.35.jar:9.0.35]
	at org.apache.coyote.http11.Http11Processor.service(Http11Processor.java:373) ~[tomcat-embed-core-9.0.35.jar:9.0.35]
	at org.apache.coyote.AbstractProcessorLight.process(AbstractProcessorLight.java:65) ~[tomcat-embed-core-9.0.35.jar:9.0.35]
	at org.apache.coyote.AbstractProtocol$ConnectionHandler.process(AbstractProtocol.java:868) ~[tomcat-embed-core-9.0.35.jar:9.0.35]
	at org.apache.tomcat.util.net.NioEndpoint$SocketProcessor.doRun(NioEndpoint.java:1590) ~[tomcat-embed-core-9.0.35.jar:9.0.35]
	at org.apache.tomcat.util.net.SocketProcessorBase.run(SocketProcessorBase.java:49) ~[tomcat-embed-core-9.0.35.jar:9.0.35]
	at java.base/java.util.concurrent.ThreadPoolExecutor.runWorker(ThreadPoolExecutor.java:1136) ~[na:na]
	at java.base/java.util.concurrent.ThreadPoolExecutor$Worker.run(ThreadPoolExecutor.java:635) ~[na:na]
	at org.apache.tomcat.util.threads.TaskThread$WrappingRunnable.run(TaskThread.java:61) ~[tomcat-embed-core-9.0.35.jar:9.0.35]
	at java.base/java.lang.Thread.run(Thread.java:840) ~[na:na]

2025-09-11 21:54:53.833 ERROR 11487 --- [http-nio-8080-exec-10] o.a.c.c.C.[.[.[/].[dispatcherServlet]    : Servlet.service() for servlet [dispatcherServlet] in context with path [] threw exception [Request processing failed; nested exception is org.springframework.mail.MailAuthenticationException: Authentication failed; nested exception is javax.mail.AuthenticationFailedException: 535-5.7.8 Username and Password not accepted. For more information, go to
535 5.7.8  https://support.google.com/mail/?p=BadCredentials d9443c01a7336-25c3b306065sm23298285ad.129 - gsmtp
] with root cause

javax.mail.AuthenticationFailedException: 535-5.7.8 Username and Password not accepted. For more information, go to
535 5.7.8  https://support.google.com/mail/?p=BadCredentials d9443c01a7336-25c3b306065sm23298285ad.129 - gsmtp

	at com.sun.mail.smtp.SMTPTransport$Authenticator.authenticate(SMTPTransport.java:947) ~[jakarta.mail-1.6.5.jar:1.6.5]
	at com.sun.mail.smtp.SMTPTransport.authenticate(SMTPTransport.java:858) ~[jakarta.mail-1.6.5.jar:1.6.5]
	at com.sun.mail.smtp.SMTPTransport.protocolConnect(SMTPTransport.java:762) ~[jakarta.mail-1.6.5.jar:1.6.5]
	at javax.mail.Service.connect(Service.java:342) ~[jakarta.mail-1.6.5.jar:1.6.5]
	at org.springframework.mail.javamail.JavaMailSenderImpl.connectTransport(JavaMailSenderImpl.java:518) ~[spring-context-support-5.2.6.RELEASE.jar:5.2.6.RELEASE]
	at org.springframework.mail.javamail.JavaMailSenderImpl.doSend(JavaMailSenderImpl.java:437) ~[spring-context-support-5.2.6.RELEASE.jar:5.2.6.RELEASE]
	at org.springframework.mail.javamail.JavaMailSenderImpl.send(JavaMailSenderImpl.java:323) ~[spring-context-support-5.2.6.RELEASE.jar:5.2.6.RELEASE]
	at org.springframework.mail.javamail.JavaMailSenderImpl.send(JavaMailSenderImpl.java:312) ~[spring-context-support-5.2.6.RELEASE.jar:5.2.6.RELEASE]
	at net.javaguides.springboot.service.EmailSender.NotificationServiceImpl.sendMail(NotificationServiceImpl.java:44) ~[classes/:na]
	at net.javaguides.springboot.service.Booking.BookingServiceImpl.save(BookingServiceImpl.java:92) ~[classes/:na]
	at net.javaguides.springboot.Controllers.Booking.BookingController.confirmBooking(BookingController.java:118) ~[classes/:na]
	at java.base/jdk.internal.reflect.NativeMethodAccessorImpl.invoke0(Native Method) ~[na:na]
	at java.base/jdk.internal.reflect.NativeMethodAccessorImpl.invoke(NativeMethodAccessorImpl.java:77) ~[na:na]
	at java.base/jdk.internal.reflect.DelegatingMethodAccessorImpl.invoke(DelegatingMethodAccessorImpl.java:43) ~[na:na]
	at java.base/java.lang.reflect.Method.invoke(Method.java:569) ~[na:na]
	at org.springframework.web.method.support.InvocableHandlerMethod.doInvoke(InvocableHandlerMethod.java:190) ~[spring-web-5.2.6.RELEASE.jar:5.2.6.RELEASE]
	at org.springframework.web.method.support.InvocableHandlerMethod.invokeForRequest(InvocableHandlerMethod.java:138) ~[spring-web-5.2.6.RELEASE.jar:5.2.6.RELEASE]
	at org.springframework.web.servlet.mvc.method.annotation.ServletInvocableHandlerMethod.invokeAndHandle(ServletInvocableHandlerMethod.java:105) ~[spring-webmvc-5.2.6.RELEASE.jar:5.2.6.RELEASE]
	at org.springframework.web.servlet.mvc.method.annotation.RequestMappingHandlerAdapter.invokeHandlerMethod(RequestMappingHandlerAdapter.java:879) ~[spring-webmvc-5.2.6.RELEASE.jar:5.2.6.RELEASE]
	at org.springframework.web.servlet.mvc.method.annotation.RequestMappingHandlerAdapter.handleInternal(RequestMappingHandlerAdapter.java:793) ~[spring-webmvc-5.2.6.RELEASE.jar:5.2.6.RELEASE]
	at org.springframework.web.servlet.mvc.method.AbstractHandlerMethodAdapter.handle(AbstractHandlerMethodAdapter.java:87) ~[spring-webmvc-5.2.6.RELEASE.jar:5.2.6.RELEASE]
	at org.springframework.web.servlet.DispatcherServlet.doDispatch(DispatcherServlet.java:1040) ~[spring-webmvc-5.2.6.RELEASE.jar:5.2.6.RELEASE]
	at org.springframework.web.servlet.DispatcherServlet.doService(DispatcherServlet.java:943) ~[spring-webmvc-5.2.6.RELEASE.jar:5.2.6.RELEASE]
	at org.springframework.web.servlet.FrameworkServlet.processRequest(FrameworkServlet.java:1006) ~[spring-webmvc-5.2.6.RELEASE.jar:5.2.6.RELEASE]
	at org.springframework.web.servlet.FrameworkServlet.doPost(FrameworkServlet.java:909) ~[spring-webmvc-5.2.6.RELEASE.jar:5.2.6.RELEASE]
	at javax.servlet.http.HttpServlet.service(HttpServlet.java:660) ~[tomcat-embed-core-9.0.35.jar:9.0.35]
	at org.springframework.web.servlet.FrameworkServlet.service(FrameworkServlet.java:883) ~[spring-webmvc-5.2.6.RELEASE.jar:5.2.6.RELEASE]
	at javax.servlet.http.HttpServlet.service(HttpServlet.java:741) ~[tomcat-embed-core-9.0.35.jar:9.0.35]
	at org.apache.catalina.core.ApplicationFilterChain.internalDoFilter(ApplicationFilterChain.java:231) ~[tomcat-embed-core-9.0.35.jar:9.0.35]
	at org.apache.catalina.core.ApplicationFilterChain.doFilter(ApplicationFilterChain.java:166) ~[tomcat-embed-core-9.0.35.jar:9.0.35]
	at org.apache.tomcat.websocket.server.WsFilter.doFilter(WsFilter.java:53) ~[tomcat-embed-websocket-9.0.35.jar:9.0.35]
	at org.apache.catalina.core.ApplicationFilterChain.internalDoFilter(ApplicationFilterChain.java:193) ~[tomcat-embed-core-9.0.35.jar:9.0.35]
	at org.apache.catalina.core.ApplicationFilterChain.doFilter(ApplicationFilterChain.java:166) ~[tomcat-embed-core-9.0.35.jar:9.0.35]
	at org.springframework.security.web.FilterChainProxy$VirtualFilterChain.doFilter(FilterChainProxy.java:320) ~[spring-security-web-5.3.2.RELEASE.jar:5.3.2.RELEASE]
	at org.springframework.security.web.access.intercept.FilterSecurityInterceptor.invoke(FilterSecurityInterceptor.java:126) ~[spring-security-web-5.3.2.RELEASE.jar:5.3.2.RELEASE]
	at org.springframework.security.web.access.intercept.FilterSecurityInterceptor.doFilter(FilterSecurityInterceptor.java:90) ~[spring-security-web-5.3.2.RELEASE.jar:5.3.2.RELEASE]
	at org.springframework.security.web.FilterChainProxy$VirtualFilterChain.doFilter(FilterChainProxy.java:334) ~[spring-security-web-5.3.2.RELEASE.jar:5.3.2.RELEASE]
	at org.springframework.security.web.access.ExceptionTranslationFilter.doFilter(ExceptionTranslationFilter.java:118) ~[spring-security-web-5.3.2.RELEASE.jar:5.3.2.RELEASE]
	at org.springframework.security.web.FilterChainProxy$VirtualFilterChain.doFilter(FilterChainProxy.java:334) ~[spring-security-web-5.3.2.RELEASE.jar:5.3.2.RELEASE]
	at org.springframework.security.web.session.SessionManagementFilter.doFilter(SessionManagementFilter.java:137) ~[spring-security-web-5.3.2.RELEASE.jar:5.3.2.RELEASE]
	at org.springframework.security.web.FilterChainProxy$VirtualFilterChain.doFilter(FilterChainProxy.java:334) ~[spring-security-web-5.3.2.RELEASE.jar:5.3.2.RELEASE]
	at org.springframework.security.web.authentication.AnonymousAuthenticationFilter.doFilter(AnonymousAuthenticationFilter.java:111) ~[spring-security-web-5.3.2.RELEASE.jar:5.3.2.RELEASE]
	at org.springframework.security.web.FilterChainProxy$VirtualFilterChain.doFilter(FilterChainProxy.java:334) ~[spring-security-web-5.3.2.RELEASE.jar:5.3.2.RELEASE]
	at org.springframework.security.web.servletapi.SecurityContextHolderAwareRequestFilter.doFilter(SecurityContextHolderAwareRequestFilter.java:158) ~[spring-security-web-5.3.2.RELEASE.jar:5.3.2.RELEASE]
	at org.springframework.security.web.FilterChainProxy$VirtualFilterChain.doFilter(FilterChainProxy.java:334) ~[spring-security-web-5.3.2.RELEASE.jar:5.3.2.RELEASE]
	at org.springframework.security.web.savedrequest.RequestCacheAwareFilter.doFilter(RequestCacheAwareFilter.java:63) ~[spring-security-web-5.3.2.RELEASE.jar:5.3.2.RELEASE]
	at org.springframework.security.web.FilterChainProxy$VirtualFilterChain.doFilter(FilterChainProxy.java:334) ~[spring-security-web-5.3.2.RELEASE.jar:5.3.2.RELEASE]
	at org.springframework.security.web.authentication.AbstractAuthenticationProcessingFilter.doFilter(AbstractAuthenticationProcessingFilter.java:200) ~[spring-security-web-5.3.2.RELEASE.jar:5.3.2.RELEASE]
	at org.springframework.security.web.FilterChainProxy$VirtualFilterChain.doFilter(FilterChainProxy.java:334) ~[spring-security-web-5.3.2.RELEASE.jar:5.3.2.RELEASE]
	at org.springframework.security.web.authentication.logout.LogoutFilter.doFilter(LogoutFilter.java:116) ~[spring-security-web-5.3.2.RELEASE.jar:5.3.2.RELEASE]
	at org.springframework.security.web.FilterChainProxy$VirtualFilterChain.doFilter(FilterChainProxy.java:334) ~[spring-security-web-5.3.2.RELEASE.jar:5.3.2.RELEASE]
	at org.springframework.security.web.csrf.CsrfFilter.doFilterInternal(CsrfFilter.java:141) ~[spring-security-web-5.3.2.RELEASE.jar:5.3.2.RELEASE]
	at org.springframework.web.filter.OncePerRequestFilter.doFilter(OncePerRequestFilter.java:119) ~[spring-web-5.2.6.RELEASE.jar:5.2.6.RELEASE]
	at org.springframework.security.web.FilterChainProxy$VirtualFilterChain.doFilter(FilterChainProxy.java:334) ~[spring-security-web-5.3.2.RELEASE.jar:5.3.2.RELEASE]
	at org.springframework.security.web.header.HeaderWriterFilter.doHeadersAfter(HeaderWriterFilter.java:92) ~[spring-security-web-5.3.2.RELEASE.jar:5.3.2.RELEASE]
	at org.springframework.security.web.header.HeaderWriterFilter.doFilterInternal(HeaderWriterFilter.java:77) ~[spring-security-web-5.3.2.RELEASE.jar:5.3.2.RELEASE]
	at org.springframework.web.filter.OncePerRequestFilter.doFilter(OncePerRequestFilter.java:119) ~[spring-web-5.2.6.RELEASE.jar:5.2.6.RELEASE]
	at org.springframework.security.web.FilterChainProxy$VirtualFilterChain.doFilter(FilterChainProxy.java:334) ~[spring-security-web-5.3.2.RELEASE.jar:5.3.2.RELEASE]
	at org.springframework.security.web.context.SecurityContextPersistenceFilter.doFilter(SecurityContextPersistenceFilter.java:105) ~[spring-security-web-5.3.2.RELEASE.jar:5.3.2.RELEASE]
	at org.springframework.security.web.FilterChainProxy$VirtualFilterChain.doFilter(FilterChainProxy.java:334) ~[spring-security-web-5.3.2.RELEASE.jar:5.3.2.RELEASE]
	at org.springframework.security.web.context.request.async.WebAsyncManagerIntegrationFilter.doFilterInternal(WebAsyncManagerIntegrationFilter.java:56) ~[spring-security-web-5.3.2.RELEASE.jar:5.3.2.RELEASE]
	at org.springframework.web.filter.OncePerRequestFilter.doFilter(OncePerRequestFilter.java:119) ~[spring-web-5.2.6.RELEASE.jar:5.2.6.RELEASE]
	at org.springframework.security.web.FilterChainProxy$VirtualFilterChain.doFilter(FilterChainProxy.java:334) ~[spring-security-web-5.3.2.RELEASE.jar:5.3.2.RELEASE]
	at org.springframework.security.web.FilterChainProxy.doFilterInternal(FilterChainProxy.java:215) ~[spring-security-web-5.3.2.RELEASE.jar:5.3.2.RELEASE]
	at org.springframework.security.web.FilterChainProxy.doFilter(FilterChainProxy.java:178) ~[spring-security-web-5.3.2.RELEASE.jar:5.3.2.RELEASE]
	at org.springframework.web.filter.DelegatingFilterProxy.invokeDelegate(DelegatingFilterProxy.java:358) ~[spring-web-5.2.6.RELEASE.jar:5.2.6.RELEASE]
	at org.springframework.web.filter.DelegatingFilterProxy.doFilter(DelegatingFilterProxy.java:271) ~[spring-web-5.2.6.RELEASE.jar:5.2.6.RELEASE]
	at org.apache.catalina.core.ApplicationFilterChain.internalDoFilter(ApplicationFilterChain.java:193) ~[tomcat-embed-core-9.0.35.jar:9.0.35]
	at org.apache.catalina.core.ApplicationFilterChain.doFilter(ApplicationFilterChain.java:166) ~[tomcat-embed-core-9.0.35.jar:9.0.35]
	at org.springframework.web.filter.RequestContextFilter.doFilterInternal(RequestContextFilter.java:100) ~[spring-web-5.2.6.RELEASE.jar:5.2.6.RELEASE]
	at org.springframework.web.filter.OncePerRequestFilter.doFilter(OncePerRequestFilter.java:119) ~[spring-web-5.2.6.RELEASE.jar:5.2.6.RELEASE]
	at org.apache.catalina.core.ApplicationFilterChain.internalDoFilter(ApplicationFilterChain.java:193) ~[tomcat-embed-core-9.0.35.jar:9.0.35]
	at org.apache.catalina.core.ApplicationFilterChain.doFilter(ApplicationFilterChain.java:166) ~[tomcat-embed-core-9.0.35.jar:9.0.35]
	at org.springframework.web.filter.FormContentFilter.doFilterInternal(FormContentFilter.java:93) ~[spring-web-5.2.6.RELEASE.jar:5.2.6.RELEASE]
	at org.springframework.web.filter.OncePerRequestFilter.doFilter(OncePerRequestFilter.java:119) ~[spring-web-5.2.6.RELEASE.jar:5.2.6.RELEASE]
	at org.apache.catalina.core.ApplicationFilterChain.internalDoFilter(ApplicationFilterChain.java:193) ~[tomcat-embed-core-9.0.35.jar:9.0.35]
	at org.apache.catalina.core.ApplicationFilterChain.doFilter(ApplicationFilterChain.java:166) ~[tomcat-embed-core-9.0.35.jar:9.0.35]
	at org.springframework.web.filter.CharacterEncodingFilter.doFilterInternal(CharacterEncodingFilter.java:201) ~[spring-web-5.2.6.RELEASE.jar:5.2.6.RELEASE]
	at org.springframework.web.filter.OncePerRequestFilter.doFilter(OncePerRequestFilter.java:119) ~[spring-web-5.2.6.RELEASE.jar:5.2.6.RELEASE]
	at org.apache.catalina.core.ApplicationFilterChain.internalDoFilter(ApplicationFilterChain.java:193) ~[tomcat-embed-core-9.0.35.jar:9.0.35]
	at org.apache.catalina.core.ApplicationFilterChain.doFilter(ApplicationFilterChain.java:166) ~[tomcat-embed-core-9.0.35.jar:9.0.35]
	at org.apache.catalina.core.StandardWrapperValve.invoke(StandardWrapperValve.java:202) ~[tomcat-embed-core-9.0.35.jar:9.0.35]
	at org.apache.catalina.core.StandardContextValve.invoke(StandardContextValve.java:96) ~[tomcat-embed-core-9.0.35.jar:9.0.35]
	at org.apache.catalina.authenticator.AuthenticatorBase.invoke(AuthenticatorBase.java:541) ~[tomcat-embed-core-9.0.35.jar:9.0.35]
	at org.apache.catalina.core.StandardHostValve.invoke(StandardHostValve.java:139) ~[tomcat-embed-core-9.0.35.jar:9.0.35]
	at org.apache.catalina.valves.ErrorReportValve.invoke(ErrorReportValve.java:92) ~[tomcat-embed-core-9.0.35.jar:9.0.35]
	at org.apache.catalina.core.StandardEngineValve.invoke(StandardEngineValve.java:74) ~[tomcat-embed-core-9.0.35.jar:9.0.35]
	at org.apache.catalina.connector.CoyoteAdapter.service(CoyoteAdapter.java:343) ~[tomcat-embed-core-9.0.35.jar:9.0.35]
	at org.apache.coyote.http11.Http11Processor.service(Http11Processor.java:373) ~[tomcat-embed-core-9.0.35.jar:9.0.35]
	at org.apache.coyote.AbstractProcessorLight.process(AbstractProcessorLight.java:65) ~[tomcat-embed-core-9.0.35.jar:9.0.35]
	at org.apache.coyote.AbstractProtocol$ConnectionHandler.process(AbstractProtocol.java:868) ~[tomcat-embed-core-9.0.35.jar:9.0.35]
	at org.apache.tomcat.util.net.NioEndpoint$SocketProcessor.doRun(NioEndpoint.java:1590) ~[tomcat-embed-core-9.0.35.jar:9.0.35]
	at org.apache.tomcat.util.net.SocketProcessorBase.run(SocketProcessorBase.java:49) ~[tomcat-embed-core-9.0.35.jar:9.0.35]
	at java.base/java.util.concurrent.ThreadPoolExecutor.runWorker(ThreadPoolExecutor.java:1136) ~[na:na]
	at java.base/java.util.concurrent.ThreadPoolExecutor$Worker.run(ThreadPoolExecutor.java:635) ~[na:na]
	at org.apache.tomcat.util.threads.TaskThread$WrappingRunnable.run(TaskThread.java:61) ~[tomcat-embed-core-9.0.35.jar:9.0.35]
	at java.base/java.lang.Thread.run(Thread.java:840) ~[na:na]

2025-09-11 21:56:07.578 DEBUG 11487 --- [http-nio-8080-exec-7] org.hibernate.SQL                        : select role0_.id as id1_1_, role0_.name as name2_1_ from roles role0_ where role0_.name=?
2025-09-11 21:56:07.583 TRACE 11487 --- [http-nio-8080-exec-7] o.h.type.descriptor.sql.BasicBinder      : binding parameter [1] as [VARCHAR] - [ROLE_BARBER]
2025-09-11 21:56:07.586 TRACE 11487 --- [http-nio-8080-exec-7] o.h.type.descriptor.sql.BasicExtractor   : extracted value ([id1_1_] : [BIGINT]) - [2]
2025-09-11 21:56:07.587 TRACE 11487 --- [http-nio-8080-exec-7] o.h.type.descriptor.sql.BasicExtractor   : extracted value ([name2_1_] : [VARCHAR]) - [ROLE_BARBER]
2025-09-11 21:56:07.589 DEBUG 11487 --- [http-nio-8080-exec-7] org.hibernate.SQL                        : select user0_.id as id1_4_, user0_.email as email2_4_, user0_.first_name as first_na3_4_, user0_.last_name as last_nam4_4_, user0_.password as password5_4_, user0_.phone_number as phone_nu6_4_ from user user0_ left outer join users_roles roles1_ on user0_.id=roles1_.user_id left outer join roles role2_ on roles1_.role_id=role2_.id where role2_.id=?
2025-09-11 21:56:07.589 TRACE 11487 --- [http-nio-8080-exec-7] o.h.type.descriptor.sql.BasicBinder      : binding parameter [1] as [BIGINT] - [2]
2025-09-11 21:56:07.592 TRACE 11487 --- [http-nio-8080-exec-7] o.h.type.descriptor.sql.BasicExtractor   : extracted value ([id1_4_] : [BIGINT]) - [2]
2025-09-11 21:56:07.592 TRACE 11487 --- [http-nio-8080-exec-7] o.h.type.descriptor.sql.BasicExtractor   : extracted value ([email2_4_] : [VARCHAR]) - [demo@gmail.com]
2025-09-11 21:56:07.592 TRACE 11487 --- [http-nio-8080-exec-7] o.h.type.descriptor.sql.BasicExtractor   : extracted value ([first_na3_4_] : [VARCHAR]) - [demo]
2025-09-11 21:56:07.592 TRACE 11487 --- [http-nio-8080-exec-7] o.h.type.descriptor.sql.BasicExtractor   : extracted value ([last_nam4_4_] : [VARCHAR]) - [charan]
2025-09-11 21:56:07.592 TRACE 11487 --- [http-nio-8080-exec-7] o.h.type.descriptor.sql.BasicExtractor   : extracted value ([password5_4_] : [VARCHAR]) - [$2a$10$H8ZG4e6c3j2vVVoLgpwKjOoAL6s0nFlnPAIlEN5XdZsX7ex6h8jv.]
2025-09-11 21:56:07.592 TRACE 11487 --- [http-nio-8080-exec-7] o.h.type.descriptor.sql.BasicExtractor   : extracted value ([phone_nu6_4_] : [VARCHAR]) - [1234567890]
2025-09-11 21:56:07.592 TRACE 11487 --- [http-nio-8080-exec-7] o.h.type.descriptor.sql.BasicExtractor   : extracted value ([id1_4_] : [BIGINT]) - [6]
2025-09-11 21:56:07.592 TRACE 11487 --- [http-nio-8080-exec-7] o.h.type.descriptor.sql.BasicExtractor   : extracted value ([email2_4_] : [VARCHAR]) - [naman@gmail.com]
2025-09-11 21:56:07.592 TRACE 11487 --- [http-nio-8080-exec-7] o.h.type.descriptor.sql.BasicExtractor   : extracted value ([first_na3_4_] : [VARCHAR]) - [naman]
2025-09-11 21:56:07.592 TRACE 11487 --- [http-nio-8080-exec-7] o.h.type.descriptor.sql.BasicExtractor   : extracted value ([last_nam4_4_] : [VARCHAR]) - [yadav]
2025-09-11 21:56:07.592 TRACE 11487 --- [http-nio-8080-exec-7] o.h.type.descriptor.sql.BasicExtractor   : extracted value ([password5_4_] : [VARCHAR]) - [$2a$10$gu2HQ6Q6j4zO1XidFTWjluSdIolW8O/eiChFPLOE0Dgf.GEqMCgdO]
2025-09-11 21:56:07.593 TRACE 11487 --- [http-nio-8080-exec-7] o.h.type.descriptor.sql.BasicExtractor   : extracted value ([phone_nu6_4_] : [VARCHAR]) - [1234567890]
2025-09-11 21:56:07.593 TRACE 11487 --- [http-nio-8080-exec-7] org.hibernate.type.CollectionType        : Created collection wrapper: [net.javaguides.springboot.model.User.bookingsBarber#2]
2025-09-11 21:56:07.593 TRACE 11487 --- [http-nio-8080-exec-7] org.hibernate.type.CollectionType        : Created collection wrapper: [net.javaguides.springboot.model.User.bookingsClient#2]
2025-09-11 21:56:07.593 TRACE 11487 --- [http-nio-8080-exec-7] org.hibernate.type.CollectionType        : Created collection wrapper: [net.javaguides.springboot.model.User.roles#2]
2025-09-11 21:56:07.593 TRACE 11487 --- [http-nio-8080-exec-7] org.hibernate.type.CollectionType        : Created collection wrapper: [net.javaguides.springboot.model.User.schedules#2]
2025-09-11 21:56:07.593 TRACE 11487 --- [http-nio-8080-exec-7] org.hibernate.type.CollectionType        : Created collection wrapper: [net.javaguides.springboot.model.User.bookingsBarber#6]
2025-09-11 21:56:07.593 TRACE 11487 --- [http-nio-8080-exec-7] org.hibernate.type.CollectionType        : Created collection wrapper: [net.javaguides.springboot.model.User.bookingsClient#6]
2025-09-11 21:56:07.593 TRACE 11487 --- [http-nio-8080-exec-7] org.hibernate.type.CollectionType        : Created collection wrapper: [net.javaguides.springboot.model.User.roles#6]
2025-09-11 21:56:07.593 TRACE 11487 --- [http-nio-8080-exec-7] org.hibernate.type.CollectionType        : Created collection wrapper: [net.javaguides.springboot.model.User.schedules#6]
2025-09-11 21:56:07.593 DEBUG 11487 --- [http-nio-8080-exec-7] org.hibernate.SQL                        : select roles0_.user_id as user_id1_5_0_, roles0_.role_id as role_id2_5_0_, role1_.id as id1_1_1_, role1_.name as name2_1_1_ from users_roles roles0_ inner join roles role1_ on roles0_.role_id=role1_.id where roles0_.user_id=?
2025-09-11 21:56:07.594 TRACE 11487 --- [http-nio-8080-exec-7] o.h.type.descriptor.sql.BasicBinder      : binding parameter [1] as [BIGINT] - [6]
2025-09-11 21:56:07.595 TRACE 11487 --- [http-nio-8080-exec-7] o.h.type.descriptor.sql.BasicExtractor   : extracted value ([id1_1_1_] : [BIGINT]) - [2]
2025-09-11 21:56:07.595 TRACE 11487 --- [http-nio-8080-exec-7] o.h.type.descriptor.sql.BasicExtractor   : extracted value ([user_id1_5_0_] : [BIGINT]) - [6]
2025-09-11 21:56:07.595 TRACE 11487 --- [http-nio-8080-exec-7] o.h.type.descriptor.sql.BasicExtractor   : extracted value ([role_id2_5_0_] : [BIGINT]) - [2]
2025-09-11 21:56:07.596 DEBUG 11487 --- [http-nio-8080-exec-7] org.hibernate.SQL                        : select roles0_.user_id as user_id1_5_0_, roles0_.role_id as role_id2_5_0_, role1_.id as id1_1_1_, role1_.name as name2_1_1_ from users_roles roles0_ inner join roles role1_ on roles0_.role_id=role1_.id where roles0_.user_id=?
2025-09-11 21:56:07.596 TRACE 11487 --- [http-nio-8080-exec-7] o.h.type.descriptor.sql.BasicBinder      : binding parameter [1] as [BIGINT] - [2]
2025-09-11 21:56:07.597 TRACE 11487 --- [http-nio-8080-exec-7] o.h.type.descriptor.sql.BasicExtractor   : extracted value ([id1_1_1_] : [BIGINT]) - [2]
2025-09-11 21:56:07.597 TRACE 11487 --- [http-nio-8080-exec-7] o.h.type.descriptor.sql.BasicExtractor   : extracted value ([user_id1_5_0_] : [BIGINT]) - [2]
2025-09-11 21:56:07.597 TRACE 11487 --- [http-nio-8080-exec-7] o.h.type.descriptor.sql.BasicExtractor   : extracted value ([role_id2_5_0_] : [BIGINT]) - [2]
2025-09-11 21:56:07.599 DEBUG 11487 --- [http-nio-8080-exec-7] org.hibernate.SQL                        : select barberserv0_.id as id1_3_, barberserv0_.description as descript2_3_, barberserv0_.name as name3_3_ from service barberserv0_
2025-09-11 21:56:07.600 TRACE 11487 --- [http-nio-8080-exec-7] o.h.type.descriptor.sql.BasicExtractor   : extracted value ([id1_3_] : [BIGINT]) - [1]
2025-09-11 21:56:07.600 TRACE 11487 --- [http-nio-8080-exec-7] o.h.type.descriptor.sql.BasicExtractor   : extracted value ([descript2_3_] : [VARCHAR]) - [Normal Hair Cutting]
2025-09-11 21:56:07.600 TRACE 11487 --- [http-nio-8080-exec-7] o.h.type.descriptor.sql.BasicExtractor   : extracted value ([name3_3_] : [VARCHAR]) - [Basic Hair Cutting]
2025-09-11 21:56:07.601 TRACE 11487 --- [http-nio-8080-exec-7] o.h.type.descriptor.sql.BasicExtractor   : extracted value ([id1_3_] : [BIGINT]) - [2]
2025-09-11 21:56:07.601 TRACE 11487 --- [http-nio-8080-exec-7] o.h.type.descriptor.sql.BasicExtractor   : extracted value ([descript2_3_] : [VARCHAR]) - [Basic trimming]
2025-09-11 21:56:07.601 TRACE 11487 --- [http-nio-8080-exec-7] o.h.type.descriptor.sql.BasicExtractor   : extracted value ([name3_3_] : [VARCHAR]) - [Beard Trim]
2025-09-11 21:56:07.601 TRACE 11487 --- [http-nio-8080-exec-7] org.hibernate.type.CollectionType        : Created collection wrapper: [net.javaguides.springboot.model.BarberServiceModel.bookings#1]
2025-09-11 21:56:07.601 TRACE 11487 --- [http-nio-8080-exec-7] org.hibernate.type.CollectionType        : Created collection wrapper: [net.javaguides.springboot.model.BarberServiceModel.bookings#2]
2025-09-11 21:56:07.604 DEBUG 11487 --- [http-nio-8080-exec-7] org.hibernate.SQL                        : select distinct schedule0_.date as col_0_0_ from schedule schedule0_ where schedule0_.status='FREE'
2025-09-11 21:56:07.605 TRACE 11487 --- [http-nio-8080-exec-7] o.h.type.descriptor.sql.BasicExtractor   : extracted value ([col_0_0_] : [DATE]) - [2025-09-11]
2025-09-11 21:56:07.606 DEBUG 11487 --- [http-nio-8080-exec-7] org.hibernate.SQL                        : select distinct schedule0_.time as col_0_0_ from schedule schedule0_ where schedule0_.status='FREE'
2025-09-11 21:56:07.607 TRACE 11487 --- [http-nio-8080-exec-7] o.h.type.descriptor.sql.BasicExtractor   : extracted value ([col_0_0_] : [TIME]) - [10:00]
2025-09-11 21:56:07.607 TRACE 11487 --- [http-nio-8080-exec-7] o.h.type.descriptor.sql.BasicExtractor   : extracted value ([col_0_0_] : [TIME]) - [10:30]
2025-09-11 21:56:07.607 TRACE 11487 --- [http-nio-8080-exec-7] o.h.type.descriptor.sql.BasicExtractor   : extracted value ([col_0_0_] : [TIME]) - [11:00]
2025-09-11 21:56:07.607 TRACE 11487 --- [http-nio-8080-exec-7] o.h.type.descriptor.sql.BasicExtractor   : extracted value ([col_0_0_] : [TIME]) - [11:30]
2025-09-11 21:56:07.607 TRACE 11487 --- [http-nio-8080-exec-7] o.h.type.descriptor.sql.BasicExtractor   : extracted value ([col_0_0_] : [TIME]) - [12:00]
2025-09-11 21:56:07.607 TRACE 11487 --- [http-nio-8080-exec-7] o.h.type.descriptor.sql.BasicExtractor   : extracted value ([col_0_0_] : [TIME]) - [12:30]
2025-09-11 21:56:07.607 TRACE 11487 --- [http-nio-8080-exec-7] o.h.type.descriptor.sql.BasicExtractor   : extracted value ([col_0_0_] : [TIME]) - [13:00]
2025-09-11 21:56:07.607 TRACE 11487 --- [http-nio-8080-exec-7] o.h.type.descriptor.sql.BasicExtractor   : extracted value ([col_0_0_] : [TIME]) - [13:30]
2025-09-11 21:56:07.607 TRACE 11487 --- [http-nio-8080-exec-7] o.h.type.descriptor.sql.BasicExtractor   : extracted value ([col_0_0_] : [TIME]) - [14:00]
2025-09-11 21:56:07.607 TRACE 11487 --- [http-nio-8080-exec-7] o.h.type.descriptor.sql.BasicExtractor   : extracted value ([col_0_0_] : [TIME]) - [14:30]
2025-09-11 21:56:07.607 TRACE 11487 --- [http-nio-8080-exec-7] o.h.type.descriptor.sql.BasicExtractor   : extracted value ([col_0_0_] : [TIME]) - [15:00]
2025-09-11 21:56:07.607 TRACE 11487 --- [http-nio-8080-exec-7] o.h.type.descriptor.sql.BasicExtractor   : extracted value ([col_0_0_] : [TIME]) - [15:30]
2025-09-11 21:56:07.607 TRACE 11487 --- [http-nio-8080-exec-7] o.h.type.descriptor.sql.BasicExtractor   : extracted value ([col_0_0_] : [TIME]) - [16:00]
2025-09-11 21:56:07.607 TRACE 11487 --- [http-nio-8080-exec-7] o.h.type.descriptor.sql.BasicExtractor   : extracted value ([col_0_0_] : [TIME]) - [16:30]
2025-09-11 21:56:07.607 TRACE 11487 --- [http-nio-8080-exec-7] o.h.type.descriptor.sql.BasicExtractor   : extracted value ([col_0_0_] : [TIME]) - [17:00]
2025-09-11 21:56:07.607 TRACE 11487 --- [http-nio-8080-exec-7] o.h.type.descriptor.sql.BasicExtractor   : extracted value ([col_0_0_] : [TIME]) - [17:30]
2025-09-11 21:56:07.611 DEBUG 11487 --- [http-nio-8080-exec-7] org.hibernate.SQL                        : select distinct schedule0_.time as col_0_0_ from schedule schedule0_ where schedule0_.barber_id=? and schedule0_.status=? and schedule0_.date=?
2025-09-11 21:56:07.611 TRACE 11487 --- [http-nio-8080-exec-7] o.h.type.descriptor.sql.BasicBinder      : binding parameter [1] as [BIGINT] - [6]
2025-09-11 21:56:07.611 TRACE 11487 --- [http-nio-8080-exec-7] o.h.type.descriptor.sql.BasicBinder      : binding parameter [2] as [VARCHAR] - [FREE]
2025-09-11 21:56:07.611 TRACE 11487 --- [http-nio-8080-exec-7] o.h.type.descriptor.sql.BasicBinder      : binding parameter [3] as [DATE] - [2025-09-11]
2025-09-11 21:56:07.612 TRACE 11487 --- [http-nio-8080-exec-7] o.h.type.descriptor.sql.BasicExtractor   : extracted value ([col_0_0_] : [TIME]) - [10:00]
2025-09-11 21:56:07.615 TRACE 11487 --- [http-nio-8080-exec-7] o.h.type.descriptor.sql.BasicExtractor   : extracted value ([col_0_0_] : [TIME]) - [10:30]
2025-09-11 21:56:07.615 TRACE 11487 --- [http-nio-8080-exec-7] o.h.type.descriptor.sql.BasicExtractor   : extracted value ([col_0_0_] : [TIME]) - [11:00]
2025-09-11 21:56:07.615 TRACE 11487 --- [http-nio-8080-exec-7] o.h.type.descriptor.sql.BasicExtractor   : extracted value ([col_0_0_] : [TIME]) - [11:30]
2025-09-11 21:56:07.615 TRACE 11487 --- [http-nio-8080-exec-7] o.h.type.descriptor.sql.BasicExtractor   : extracted value ([col_0_0_] : [TIME]) - [12:00]
2025-09-11 21:56:07.615 TRACE 11487 --- [http-nio-8080-exec-7] o.h.type.descriptor.sql.BasicExtractor   : extracted value ([col_0_0_] : [TIME]) - [12:30]
2025-09-11 21:56:07.615 TRACE 11487 --- [http-nio-8080-exec-7] o.h.type.descriptor.sql.BasicExtractor   : extracted value ([col_0_0_] : [TIME]) - [13:00]
2025-09-11 21:56:07.615 TRACE 11487 --- [http-nio-8080-exec-7] o.h.type.descriptor.sql.BasicExtractor   : extracted value ([col_0_0_] : [TIME]) - [13:30]
2025-09-11 21:56:07.615 TRACE 11487 --- [http-nio-8080-exec-7] o.h.type.descriptor.sql.BasicExtractor   : extracted value ([col_0_0_] : [TIME]) - [14:00]
2025-09-11 21:56:07.615 TRACE 11487 --- [http-nio-8080-exec-7] o.h.type.descriptor.sql.BasicExtractor   : extracted value ([col_0_0_] : [TIME]) - [14:30]
2025-09-11 21:56:07.615 TRACE 11487 --- [http-nio-8080-exec-7] o.h.type.descriptor.sql.BasicExtractor   : extracted value ([col_0_0_] : [TIME]) - [15:00]
2025-09-11 21:56:07.615 TRACE 11487 --- [http-nio-8080-exec-7] o.h.type.descriptor.sql.BasicExtractor   : extracted value ([col_0_0_] : [TIME]) - [15:30]
2025-09-11 21:56:07.615 TRACE 11487 --- [http-nio-8080-exec-7] o.h.type.descriptor.sql.BasicExtractor   : extracted value ([col_0_0_] : [TIME]) - [16:00]
2025-09-11 21:56:07.615 TRACE 11487 --- [http-nio-8080-exec-7] o.h.type.descriptor.sql.BasicExtractor   : extracted value ([col_0_0_] : [TIME]) - [16:30]
2025-09-11 21:56:07.615 TRACE 11487 --- [http-nio-8080-exec-7] o.h.type.descriptor.sql.BasicExtractor   : extracted value ([col_0_0_] : [TIME]) - [17:00]
2025-09-11 21:56:07.615 TRACE 11487 --- [http-nio-8080-exec-7] o.h.type.descriptor.sql.BasicExtractor   : extracted value ([col_0_0_] : [TIME]) - [17:30]
2025-09-11 21:56:27.819 DEBUG 11487 --- [http-nio-8080-exec-10] org.hibernate.SQL                        : select role0_.id as id1_1_, role0_.name as name2_1_ from roles role0_ where role0_.name=?
2025-09-11 21:56:27.822 TRACE 11487 --- [http-nio-8080-exec-10] o.h.type.descriptor.sql.BasicBinder      : binding parameter [1] as [VARCHAR] - [ROLE_BARBER]
2025-09-11 21:56:27.825 TRACE 11487 --- [http-nio-8080-exec-10] o.h.type.descriptor.sql.BasicExtractor   : extracted value ([id1_1_] : [BIGINT]) - [2]
2025-09-11 21:56:27.825 TRACE 11487 --- [http-nio-8080-exec-10] o.h.type.descriptor.sql.BasicExtractor   : extracted value ([name2_1_] : [VARCHAR]) - [ROLE_BARBER]
2025-09-11 21:56:27.826 DEBUG 11487 --- [http-nio-8080-exec-10] org.hibernate.SQL                        : select user0_.id as id1_4_, user0_.email as email2_4_, user0_.first_name as first_na3_4_, user0_.last_name as last_nam4_4_, user0_.password as password5_4_, user0_.phone_number as phone_nu6_4_ from user user0_ left outer join users_roles roles1_ on user0_.id=roles1_.user_id left outer join roles role2_ on roles1_.role_id=role2_.id where role2_.id=?
2025-09-11 21:56:27.826 TRACE 11487 --- [http-nio-8080-exec-10] o.h.type.descriptor.sql.BasicBinder      : binding parameter [1] as [BIGINT] - [2]
2025-09-11 21:56:27.827 TRACE 11487 --- [http-nio-8080-exec-10] o.h.type.descriptor.sql.BasicExtractor   : extracted value ([id1_4_] : [BIGINT]) - [2]
2025-09-11 21:56:27.828 TRACE 11487 --- [http-nio-8080-exec-10] o.h.type.descriptor.sql.BasicExtractor   : extracted value ([email2_4_] : [VARCHAR]) - [demo@gmail.com]
2025-09-11 21:56:27.828 TRACE 11487 --- [http-nio-8080-exec-10] o.h.type.descriptor.sql.BasicExtractor   : extracted value ([first_na3_4_] : [VARCHAR]) - [demo]
2025-09-11 21:56:27.828 TRACE 11487 --- [http-nio-8080-exec-10] o.h.type.descriptor.sql.BasicExtractor   : extracted value ([last_nam4_4_] : [VARCHAR]) - [charan]
2025-09-11 21:56:27.828 TRACE 11487 --- [http-nio-8080-exec-10] o.h.type.descriptor.sql.BasicExtractor   : extracted value ([password5_4_] : [VARCHAR]) - [$2a$10$H8ZG4e6c3j2vVVoLgpwKjOoAL6s0nFlnPAIlEN5XdZsX7ex6h8jv.]
2025-09-11 21:56:27.828 TRACE 11487 --- [http-nio-8080-exec-10] o.h.type.descriptor.sql.BasicExtractor   : extracted value ([phone_nu6_4_] : [VARCHAR]) - [1234567890]
2025-09-11 21:56:27.828 TRACE 11487 --- [http-nio-8080-exec-10] o.h.type.descriptor.sql.BasicExtractor   : extracted value ([id1_4_] : [BIGINT]) - [6]
2025-09-11 21:56:27.828 TRACE 11487 --- [http-nio-8080-exec-10] o.h.type.descriptor.sql.BasicExtractor   : extracted value ([email2_4_] : [VARCHAR]) - [naman@gmail.com]
2025-09-11 21:56:27.828 TRACE 11487 --- [http-nio-8080-exec-10] o.h.type.descriptor.sql.BasicExtractor   : extracted value ([first_na3_4_] : [VARCHAR]) - [naman]
2025-09-11 21:56:27.828 TRACE 11487 --- [http-nio-8080-exec-10] o.h.type.descriptor.sql.BasicExtractor   : extracted value ([last_nam4_4_] : [VARCHAR]) - [yadav]
2025-09-11 21:56:27.828 TRACE 11487 --- [http-nio-8080-exec-10] o.h.type.descriptor.sql.BasicExtractor   : extracted value ([password5_4_] : [VARCHAR]) - [$2a$10$gu2HQ6Q6j4zO1XidFTWjluSdIolW8O/eiChFPLOE0Dgf.GEqMCgdO]
2025-09-11 21:56:27.828 TRACE 11487 --- [http-nio-8080-exec-10] o.h.type.descriptor.sql.BasicExtractor   : extracted value ([phone_nu6_4_] : [VARCHAR]) - [1234567890]
2025-09-11 21:56:27.828 TRACE 11487 --- [http-nio-8080-exec-10] org.hibernate.type.CollectionType        : Created collection wrapper: [net.javaguides.springboot.model.User.bookingsBarber#2]
2025-09-11 21:56:27.828 TRACE 11487 --- [http-nio-8080-exec-10] org.hibernate.type.CollectionType        : Created collection wrapper: [net.javaguides.springboot.model.User.bookingsClient#2]
2025-09-11 21:56:27.828 TRACE 11487 --- [http-nio-8080-exec-10] org.hibernate.type.CollectionType        : Created collection wrapper: [net.javaguides.springboot.model.User.roles#2]
2025-09-11 21:56:27.828 TRACE 11487 --- [http-nio-8080-exec-10] org.hibernate.type.CollectionType        : Created collection wrapper: [net.javaguides.springboot.model.User.schedules#2]
2025-09-11 21:56:27.828 TRACE 11487 --- [http-nio-8080-exec-10] org.hibernate.type.CollectionType        : Created collection wrapper: [net.javaguides.springboot.model.User.bookingsBarber#6]
2025-09-11 21:56:27.828 TRACE 11487 --- [http-nio-8080-exec-10] org.hibernate.type.CollectionType        : Created collection wrapper: [net.javaguides.springboot.model.User.bookingsClient#6]
2025-09-11 21:56:27.828 TRACE 11487 --- [http-nio-8080-exec-10] org.hibernate.type.CollectionType        : Created collection wrapper: [net.javaguides.springboot.model.User.roles#6]
2025-09-11 21:56:27.828 TRACE 11487 --- [http-nio-8080-exec-10] org.hibernate.type.CollectionType        : Created collection wrapper: [net.javaguides.springboot.model.User.schedules#6]
2025-09-11 21:56:27.829 DEBUG 11487 --- [http-nio-8080-exec-10] org.hibernate.SQL                        : select roles0_.user_id as user_id1_5_0_, roles0_.role_id as role_id2_5_0_, role1_.id as id1_1_1_, role1_.name as name2_1_1_ from users_roles roles0_ inner join roles role1_ on roles0_.role_id=role1_.id where roles0_.user_id=?
2025-09-11 21:56:27.829 TRACE 11487 --- [http-nio-8080-exec-10] o.h.type.descriptor.sql.BasicBinder      : binding parameter [1] as [BIGINT] - [6]
2025-09-11 21:56:27.830 TRACE 11487 --- [http-nio-8080-exec-10] o.h.type.descriptor.sql.BasicExtractor   : extracted value ([id1_1_1_] : [BIGINT]) - [2]
2025-09-11 21:56:27.830 TRACE 11487 --- [http-nio-8080-exec-10] o.h.type.descriptor.sql.BasicExtractor   : extracted value ([user_id1_5_0_] : [BIGINT]) - [6]
2025-09-11 21:56:27.830 TRACE 11487 --- [http-nio-8080-exec-10] o.h.type.descriptor.sql.BasicExtractor   : extracted value ([role_id2_5_0_] : [BIGINT]) - [2]
2025-09-11 21:56:27.830 DEBUG 11487 --- [http-nio-8080-exec-10] org.hibernate.SQL                        : select roles0_.user_id as user_id1_5_0_, roles0_.role_id as role_id2_5_0_, role1_.id as id1_1_1_, role1_.name as name2_1_1_ from users_roles roles0_ inner join roles role1_ on roles0_.role_id=role1_.id where roles0_.user_id=?
2025-09-11 21:56:27.830 TRACE 11487 --- [http-nio-8080-exec-10] o.h.type.descriptor.sql.BasicBinder      : binding parameter [1] as [BIGINT] - [2]
2025-09-11 21:56:27.831 TRACE 11487 --- [http-nio-8080-exec-10] o.h.type.descriptor.sql.BasicExtractor   : extracted value ([id1_1_1_] : [BIGINT]) - [2]
2025-09-11 21:56:27.832 TRACE 11487 --- [http-nio-8080-exec-10] o.h.type.descriptor.sql.BasicExtractor   : extracted value ([user_id1_5_0_] : [BIGINT]) - [2]
2025-09-11 21:56:27.832 TRACE 11487 --- [http-nio-8080-exec-10] o.h.type.descriptor.sql.BasicExtractor   : extracted value ([role_id2_5_0_] : [BIGINT]) - [2]
2025-09-11 21:56:27.834 DEBUG 11487 --- [http-nio-8080-exec-10] org.hibernate.SQL                        : select barberserv0_.id as id1_3_, barberserv0_.description as descript2_3_, barberserv0_.name as name3_3_ from service barberserv0_
2025-09-11 21:56:27.835 TRACE 11487 --- [http-nio-8080-exec-10] o.h.type.descriptor.sql.BasicExtractor   : extracted value ([id1_3_] : [BIGINT]) - [1]
2025-09-11 21:56:27.836 TRACE 11487 --- [http-nio-8080-exec-10] o.h.type.descriptor.sql.BasicExtractor   : extracted value ([descript2_3_] : [VARCHAR]) - [Normal Hair Cutting]
2025-09-11 21:56:27.836 TRACE 11487 --- [http-nio-8080-exec-10] o.h.type.descriptor.sql.BasicExtractor   : extracted value ([name3_3_] : [VARCHAR]) - [Basic Hair Cutting]
2025-09-11 21:56:27.836 TRACE 11487 --- [http-nio-8080-exec-10] o.h.type.descriptor.sql.BasicExtractor   : extracted value ([id1_3_] : [BIGINT]) - [2]
2025-09-11 21:56:27.836 TRACE 11487 --- [http-nio-8080-exec-10] o.h.type.descriptor.sql.BasicExtractor   : extracted value ([descript2_3_] : [VARCHAR]) - [Basic trimming]
2025-09-11 21:56:27.836 TRACE 11487 --- [http-nio-8080-exec-10] o.h.type.descriptor.sql.BasicExtractor   : extracted value ([name3_3_] : [VARCHAR]) - [Beard Trim]
2025-09-11 21:56:27.836 TRACE 11487 --- [http-nio-8080-exec-10] org.hibernate.type.CollectionType        : Created collection wrapper: [net.javaguides.springboot.model.BarberServiceModel.bookings#1]
2025-09-11 21:56:27.836 TRACE 11487 --- [http-nio-8080-exec-10] org.hibernate.type.CollectionType        : Created collection wrapper: [net.javaguides.springboot.model.BarberServiceModel.bookings#2]
2025-09-11 21:56:27.840 DEBUG 11487 --- [http-nio-8080-exec-10] org.hibernate.SQL                        : select distinct schedule0_.date as col_0_0_ from schedule schedule0_ where schedule0_.status='FREE'
2025-09-11 21:56:27.841 TRACE 11487 --- [http-nio-8080-exec-10] o.h.type.descriptor.sql.BasicExtractor   : extracted value ([col_0_0_] : [DATE]) - [2025-09-11]
2025-09-11 21:56:27.841 DEBUG 11487 --- [http-nio-8080-exec-10] org.hibernate.SQL                        : select distinct schedule0_.time as col_0_0_ from schedule schedule0_ where schedule0_.status='FREE'
2025-09-11 21:56:27.842 TRACE 11487 --- [http-nio-8080-exec-10] o.h.type.descriptor.sql.BasicExtractor   : extracted value ([col_0_0_] : [TIME]) - [10:00]
2025-09-11 21:56:27.842 TRACE 11487 --- [http-nio-8080-exec-10] o.h.type.descriptor.sql.BasicExtractor   : extracted value ([col_0_0_] : [TIME]) - [10:30]
2025-09-11 21:56:27.842 TRACE 11487 --- [http-nio-8080-exec-10] o.h.type.descriptor.sql.BasicExtractor   : extracted value ([col_0_0_] : [TIME]) - [11:00]
2025-09-11 21:56:27.842 TRACE 11487 --- [http-nio-8080-exec-10] o.h.type.descriptor.sql.BasicExtractor   : extracted value ([col_0_0_] : [TIME]) - [11:30]
2025-09-11 21:56:27.842 TRACE 11487 --- [http-nio-8080-exec-10] o.h.type.descriptor.sql.BasicExtractor   : extracted value ([col_0_0_] : [TIME]) - [12:00]
2025-09-11 21:56:27.842 TRACE 11487 --- [http-nio-8080-exec-10] o.h.type.descriptor.sql.BasicExtractor   : extracted value ([col_0_0_] : [TIME]) - [12:30]
2025-09-11 21:56:27.842 TRACE 11487 --- [http-nio-8080-exec-10] o.h.type.descriptor.sql.BasicExtractor   : extracted value ([col_0_0_] : [TIME]) - [13:00]
2025-09-11 21:56:27.842 TRACE 11487 --- [http-nio-8080-exec-10] o.h.type.descriptor.sql.BasicExtractor   : extracted value ([col_0_0_] : [TIME]) - [13:30]
2025-09-11 21:56:27.842 TRACE 11487 --- [http-nio-8080-exec-10] o.h.type.descriptor.sql.BasicExtractor   : extracted value ([col_0_0_] : [TIME]) - [14:00]
2025-09-11 21:56:27.842 TRACE 11487 --- [http-nio-8080-exec-10] o.h.type.descriptor.sql.BasicExtractor   : extracted value ([col_0_0_] : [TIME]) - [14:30]
2025-09-11 21:56:27.842 TRACE 11487 --- [http-nio-8080-exec-10] o.h.type.descriptor.sql.BasicExtractor   : extracted value ([col_0_0_] : [TIME]) - [15:00]
2025-09-11 21:56:27.843 TRACE 11487 --- [http-nio-8080-exec-10] o.h.type.descriptor.sql.BasicExtractor   : extracted value ([col_0_0_] : [TIME]) - [15:30]
2025-09-11 21:56:27.843 TRACE 11487 --- [http-nio-8080-exec-10] o.h.type.descriptor.sql.BasicExtractor   : extracted value ([col_0_0_] : [TIME]) - [16:00]
2025-09-11 21:56:27.843 TRACE 11487 --- [http-nio-8080-exec-10] o.h.type.descriptor.sql.BasicExtractor   : extracted value ([col_0_0_] : [TIME]) - [16:30]
2025-09-11 21:56:27.843 TRACE 11487 --- [http-nio-8080-exec-10] o.h.type.descriptor.sql.BasicExtractor   : extracted value ([col_0_0_] : [TIME]) - [17:00]
2025-09-11 21:56:27.843 TRACE 11487 --- [http-nio-8080-exec-10] o.h.type.descriptor.sql.BasicExtractor   : extracted value ([col_0_0_] : [TIME]) - [17:30]
2025-09-11 21:56:27.849 DEBUG 11487 --- [http-nio-8080-exec-10] org.hibernate.SQL                        : select schedule0_.id as id1_2_, schedule0_.barber_id as barber_i5_2_, schedule0_.date as date2_2_, schedule0_.status as status3_2_, schedule0_.time as time4_2_ from schedule schedule0_ where schedule0_.date=? and schedule0_.time=?
2025-09-11 21:56:27.850 TRACE 11487 --- [http-nio-8080-exec-10] o.h.type.descriptor.sql.BasicBinder      : binding parameter [1] as [DATE] - [2025-09-11]
2025-09-11 21:56:27.850 TRACE 11487 --- [http-nio-8080-exec-10] o.h.type.descriptor.sql.BasicBinder      : binding parameter [2] as [TIME] - [10:00]
2025-09-11 21:56:27.850 TRACE 11487 --- [http-nio-8080-exec-10] o.h.type.descriptor.sql.BasicExtractor   : extracted value ([id1_2_] : [BIGINT]) - [1]
2025-09-11 21:56:27.851 TRACE 11487 --- [http-nio-8080-exec-10] o.h.type.descriptor.sql.BasicExtractor   : extracted value ([barber_i5_2_] : [BIGINT]) - [6]
2025-09-11 21:56:27.851 TRACE 11487 --- [http-nio-8080-exec-10] o.h.type.descriptor.sql.BasicExtractor   : extracted value ([date2_2_] : [DATE]) - [2025-09-11]
2025-09-11 21:56:27.851 TRACE 11487 --- [http-nio-8080-exec-10] o.h.type.descriptor.sql.BasicExtractor   : extracted value ([status3_2_] : [VARCHAR]) - [FREE]
2025-09-11 21:56:27.851 TRACE 11487 --- [http-nio-8080-exec-10] o.h.type.descriptor.sql.BasicExtractor   : extracted value ([time4_2_] : [TIME]) - [10:00]
2025-09-11 21:56:27.851 DEBUG 11487 --- [http-nio-8080-exec-10] org.hibernate.SQL                        : select user0_.id as id1_4_, user0_.email as email2_4_, user0_.first_name as first_na3_4_, user0_.last_name as last_nam4_4_, user0_.password as password5_4_, user0_.phone_number as phone_nu6_4_ from user user0_ where user0_.email=?
2025-09-11 21:56:27.851 TRACE 11487 --- [http-nio-8080-exec-10] o.h.type.descriptor.sql.BasicBinder      : binding parameter [1] as [VARCHAR] - [naman@gmail.com]
2025-09-11 21:56:27.852 TRACE 11487 --- [http-nio-8080-exec-10] o.h.type.descriptor.sql.BasicExtractor   : extracted value ([id1_4_] : [BIGINT]) - [6]
2025-09-11 21:56:27.854 DEBUG 11487 --- [http-nio-8080-exec-10] org.hibernate.SQL                        : select user0_.id as id1_4_, user0_.email as email2_4_, user0_.first_name as first_na3_4_, user0_.last_name as last_nam4_4_, user0_.password as password5_4_, user0_.phone_number as phone_nu6_4_ from user user0_ where user0_.email=?
2025-09-11 21:56:27.854 TRACE 11487 --- [http-nio-8080-exec-10] o.h.type.descriptor.sql.BasicBinder      : binding parameter [1] as [VARCHAR] - [jatin@2gmail.com]
2025-09-11 21:56:27.854 TRACE 11487 --- [http-nio-8080-exec-10] o.h.type.descriptor.sql.BasicExtractor   : extracted value ([id1_4_] : [BIGINT]) - [1]
2025-09-11 21:56:27.854 TRACE 11487 --- [http-nio-8080-exec-10] o.h.type.descriptor.sql.BasicExtractor   : extracted value ([email2_4_] : [VARCHAR]) - [jatin@2gmail.com]
2025-09-11 21:56:27.854 TRACE 11487 --- [http-nio-8080-exec-10] o.h.type.descriptor.sql.BasicExtractor   : extracted value ([first_na3_4_] : [VARCHAR]) - [jatin]
2025-09-11 21:56:27.854 TRACE 11487 --- [http-nio-8080-exec-10] o.h.type.descriptor.sql.BasicExtractor   : extracted value ([last_nam4_4_] : [VARCHAR]) - [yadav]
2025-09-11 21:56:27.855 TRACE 11487 --- [http-nio-8080-exec-10] o.h.type.descriptor.sql.BasicExtractor   : extracted value ([password5_4_] : [VARCHAR]) - [$2a$10$UMYVUObsi6WU/tenNDnPhu5YYSF5a9/u9UYQV35.Uv0ZJQE3nTPku]
2025-09-11 21:56:27.855 TRACE 11487 --- [http-nio-8080-exec-10] o.h.type.descriptor.sql.BasicExtractor   : extracted value ([phone_nu6_4_] : [VARCHAR]) - [0711111111]
2025-09-11 21:56:27.855 TRACE 11487 --- [http-nio-8080-exec-10] org.hibernate.type.CollectionType        : Created collection wrapper: [net.javaguides.springboot.model.User.bookingsBarber#1]
2025-09-11 21:56:27.855 TRACE 11487 --- [http-nio-8080-exec-10] org.hibernate.type.CollectionType        : Created collection wrapper: [net.javaguides.springboot.model.User.bookingsClient#1]
2025-09-11 21:56:27.855 TRACE 11487 --- [http-nio-8080-exec-10] org.hibernate.type.CollectionType        : Created collection wrapper: [net.javaguides.springboot.model.User.roles#1]
2025-09-11 21:56:27.855 TRACE 11487 --- [http-nio-8080-exec-10] org.hibernate.type.CollectionType        : Created collection wrapper: [net.javaguides.springboot.model.User.schedules#1]
2025-09-11 21:56:27.855 DEBUG 11487 --- [http-nio-8080-exec-10] org.hibernate.SQL                        : select roles0_.user_id as user_id1_5_0_, roles0_.role_id as role_id2_5_0_, role1_.id as id1_1_1_, role1_.name as name2_1_1_ from users_roles roles0_ inner join roles role1_ on roles0_.role_id=role1_.id where roles0_.user_id=?
2025-09-11 21:56:27.855 TRACE 11487 --- [http-nio-8080-exec-10] o.h.type.descriptor.sql.BasicBinder      : binding parameter [1] as [BIGINT] - [1]
2025-09-11 21:56:27.856 TRACE 11487 --- [http-nio-8080-exec-10] o.h.type.descriptor.sql.BasicExtractor   : extracted value ([id1_1_1_] : [BIGINT]) - [3]
2025-09-11 21:56:27.856 TRACE 11487 --- [http-nio-8080-exec-10] o.h.type.descriptor.sql.BasicExtractor   : extracted value ([name2_1_1_] : [VARCHAR]) - [ROLE_USER]
2025-09-11 21:56:27.856 TRACE 11487 --- [http-nio-8080-exec-10] o.h.type.descriptor.sql.BasicExtractor   : extracted value ([user_id1_5_0_] : [BIGINT]) - [1]
2025-09-11 21:56:27.856 TRACE 11487 --- [http-nio-8080-exec-10] o.h.type.descriptor.sql.BasicExtractor   : extracted value ([role_id2_5_0_] : [BIGINT]) - [3]
2025-09-11 21:56:30.645 ERROR 11487 --- [http-nio-8080-exec-10] o.a.c.c.C.[.[.[/].[dispatcherServlet]    : Servlet.service() for servlet [dispatcherServlet] in context with path [] threw exception [Request processing failed; nested exception is org.springframework.mail.MailAuthenticationException: Authentication failed; nested exception is javax.mail.AuthenticationFailedException: 535-5.7.8 Username and Password not accepted. For more information, go to
535 5.7.8  https://support.google.com/mail/?p=BadCredentials d9443c01a7336-25c3b021997sm23646425ad.122 - gsmtp
] with root cause

javax.mail.AuthenticationFailedException: 535-5.7.8 Username and Password not accepted. For more information, go to
535 5.7.8  https://support.google.com/mail/?p=BadCredentials d9443c01a7336-25c3b021997sm23646425ad.122 - gsmtp

	at com.sun.mail.smtp.SMTPTransport$Authenticator.authenticate(SMTPTransport.java:947) ~[jakarta.mail-1.6.5.jar:1.6.5]
	at com.sun.mail.smtp.SMTPTransport.authenticate(SMTPTransport.java:858) ~[jakarta.mail-1.6.5.jar:1.6.5]
	at com.sun.mail.smtp.SMTPTransport.protocolConnect(SMTPTransport.java:762) ~[jakarta.mail-1.6.5.jar:1.6.5]
	at javax.mail.Service.connect(Service.java:342) ~[jakarta.mail-1.6.5.jar:1.6.5]
	at org.springframework.mail.javamail.JavaMailSenderImpl.connectTransport(JavaMailSenderImpl.java:518) ~[spring-context-support-5.2.6.RELEASE.jar:5.2.6.RELEASE]
	at org.springframework.mail.javamail.JavaMailSenderImpl.doSend(JavaMailSenderImpl.java:437) ~[spring-context-support-5.2.6.RELEASE.jar:5.2.6.RELEASE]
	at org.springframework.mail.javamail.JavaMailSenderImpl.send(JavaMailSenderImpl.java:323) ~[spring-context-support-5.2.6.RELEASE.jar:5.2.6.RELEASE]
	at org.springframework.mail.javamail.JavaMailSenderImpl.send(JavaMailSenderImpl.java:312) ~[spring-context-support-5.2.6.RELEASE.jar:5.2.6.RELEASE]
	at net.javaguides.springboot.service.EmailSender.NotificationServiceImpl.sendMail(NotificationServiceImpl.java:44) ~[classes/:na]
	at net.javaguides.springboot.service.Booking.BookingServiceImpl.save(BookingServiceImpl.java:92) ~[classes/:na]
	at net.javaguides.springboot.Controllers.Booking.BookingController.confirmBooking(BookingController.java:118) ~[classes/:na]
	at java.base/jdk.internal.reflect.NativeMethodAccessorImpl.invoke0(Native Method) ~[na:na]
	at java.base/jdk.internal.reflect.NativeMethodAccessorImpl.invoke(NativeMethodAccessorImpl.java:77) ~[na:na]
	at java.base/jdk.internal.reflect.DelegatingMethodAccessorImpl.invoke(DelegatingMethodAccessorImpl.java:43) ~[na:na]
	at java.base/java.lang.reflect.Method.invoke(Method.java:569) ~[na:na]
	at org.springframework.web.method.support.InvocableHandlerMethod.doInvoke(InvocableHandlerMethod.java:190) ~[spring-web-5.2.6.RELEASE.jar:5.2.6.RELEASE]
	at org.springframework.web.method.support.InvocableHandlerMethod.invokeForRequest(InvocableHandlerMethod.java:138) ~[spring-web-5.2.6.RELEASE.jar:5.2.6.RELEASE]
	at org.springframework.web.servlet.mvc.method.annotation.ServletInvocableHandlerMethod.invokeAndHandle(ServletInvocableHandlerMethod.java:105) ~[spring-webmvc-5.2.6.RELEASE.jar:5.2.6.RELEASE]
	at org.springframework.web.servlet.mvc.method.annotation.RequestMappingHandlerAdapter.invokeHandlerMethod(RequestMappingHandlerAdapter.java:879) ~[spring-webmvc-5.2.6.RELEASE.jar:5.2.6.RELEASE]
	at org.springframework.web.servlet.mvc.method.annotation.RequestMappingHandlerAdapter.handleInternal(RequestMappingHandlerAdapter.java:793) ~[spring-webmvc-5.2.6.RELEASE.jar:5.2.6.RELEASE]
	at org.springframework.web.servlet.mvc.method.AbstractHandlerMethodAdapter.handle(AbstractHandlerMethodAdapter.java:87) ~[spring-webmvc-5.2.6.RELEASE.jar:5.2.6.RELEASE]
	at org.springframework.web.servlet.DispatcherServlet.doDispatch(DispatcherServlet.java:1040) ~[spring-webmvc-5.2.6.RELEASE.jar:5.2.6.RELEASE]
	at org.springframework.web.servlet.DispatcherServlet.doService(DispatcherServlet.java:943) ~[spring-webmvc-5.2.6.RELEASE.jar:5.2.6.RELEASE]
	at org.springframework.web.servlet.FrameworkServlet.processRequest(FrameworkServlet.java:1006) ~[spring-webmvc-5.2.6.RELEASE.jar:5.2.6.RELEASE]
	at org.springframework.web.servlet.FrameworkServlet.doPost(FrameworkServlet.java:909) ~[spring-webmvc-5.2.6.RELEASE.jar:5.2.6.RELEASE]
	at javax.servlet.http.HttpServlet.service(HttpServlet.java:660) ~[tomcat-embed-core-9.0.35.jar:9.0.35]
	at org.springframework.web.servlet.FrameworkServlet.service(FrameworkServlet.java:883) ~[spring-webmvc-5.2.6.RELEASE.jar:5.2.6.RELEASE]
	at javax.servlet.http.HttpServlet.service(HttpServlet.java:741) ~[tomcat-embed-core-9.0.35.jar:9.0.35]
	at org.apache.catalina.core.ApplicationFilterChain.internalDoFilter(ApplicationFilterChain.java:231) ~[tomcat-embed-core-9.0.35.jar:9.0.35]
	at org.apache.catalina.core.ApplicationFilterChain.doFilter(ApplicationFilterChain.java:166) ~[tomcat-embed-core-9.0.35.jar:9.0.35]
	at org.apache.tomcat.websocket.server.WsFilter.doFilter(WsFilter.java:53) ~[tomcat-embed-websocket-9.0.35.jar:9.0.35]
	at org.apache.catalina.core.ApplicationFilterChain.internalDoFilter(ApplicationFilterChain.java:193) ~[tomcat-embed-core-9.0.35.jar:9.0.35]
	at org.apache.catalina.core.ApplicationFilterChain.doFilter(ApplicationFilterChain.java:166) ~[tomcat-embed-core-9.0.35.jar:9.0.35]
	at org.springframework.security.web.FilterChainProxy$VirtualFilterChain.doFilter(FilterChainProxy.java:320) ~[spring-security-web-5.3.2.RELEASE.jar:5.3.2.RELEASE]
	at org.springframework.security.web.access.intercept.FilterSecurityInterceptor.invoke(FilterSecurityInterceptor.java:126) ~[spring-security-web-5.3.2.RELEASE.jar:5.3.2.RELEASE]
	at org.springframework.security.web.access.intercept.FilterSecurityInterceptor.doFilter(FilterSecurityInterceptor.java:90) ~[spring-security-web-5.3.2.RELEASE.jar:5.3.2.RELEASE]
	at org.springframework.security.web.FilterChainProxy$VirtualFilterChain.doFilter(FilterChainProxy.java:334) ~[spring-security-web-5.3.2.RELEASE.jar:5.3.2.RELEASE]
	at org.springframework.security.web.access.ExceptionTranslationFilter.doFilter(ExceptionTranslationFilter.java:118) ~[spring-security-web-5.3.2.RELEASE.jar:5.3.2.RELEASE]
	at org.springframework.security.web.FilterChainProxy$VirtualFilterChain.doFilter(FilterChainProxy.java:334) ~[spring-security-web-5.3.2.RELEASE.jar:5.3.2.RELEASE]
	at org.springframework.security.web.session.SessionManagementFilter.doFilter(SessionManagementFilter.java:137) ~[spring-security-web-5.3.2.RELEASE.jar:5.3.2.RELEASE]
	at org.springframework.security.web.FilterChainProxy$VirtualFilterChain.doFilter(FilterChainProxy.java:334) ~[spring-security-web-5.3.2.RELEASE.jar:5.3.2.RELEASE]
	at org.springframework.security.web.authentication.AnonymousAuthenticationFilter.doFilter(AnonymousAuthenticationFilter.java:111) ~[spring-security-web-5.3.2.RELEASE.jar:5.3.2.RELEASE]
	at org.springframework.security.web.FilterChainProxy$VirtualFilterChain.doFilter(FilterChainProxy.java:334) ~[spring-security-web-5.3.2.RELEASE.jar:5.3.2.RELEASE]
	at org.springframework.security.web.servletapi.SecurityContextHolderAwareRequestFilter.doFilter(SecurityContextHolderAwareRequestFilter.java:158) ~[spring-security-web-5.3.2.RELEASE.jar:5.3.2.RELEASE]
	at org.springframework.security.web.FilterChainProxy$VirtualFilterChain.doFilter(FilterChainProxy.java:334) ~[spring-security-web-5.3.2.RELEASE.jar:5.3.2.RELEASE]
	at org.springframework.security.web.savedrequest.RequestCacheAwareFilter.doFilter(RequestCacheAwareFilter.java:63) ~[spring-security-web-5.3.2.RELEASE.jar:5.3.2.RELEASE]
	at org.springframework.security.web.FilterChainProxy$VirtualFilterChain.doFilter(FilterChainProxy.java:334) ~[spring-security-web-5.3.2.RELEASE.jar:5.3.2.RELEASE]
	at org.springframework.security.web.authentication.AbstractAuthenticationProcessingFilter.doFilter(AbstractAuthenticationProcessingFilter.java:200) ~[spring-security-web-5.3.2.RELEASE.jar:5.3.2.RELEASE]
	at org.springframework.security.web.FilterChainProxy$VirtualFilterChain.doFilter(FilterChainProxy.java:334) ~[spring-security-web-5.3.2.RELEASE.jar:5.3.2.RELEASE]
	at org.springframework.security.web.authentication.logout.LogoutFilter.doFilter(LogoutFilter.java:116) ~[spring-security-web-5.3.2.RELEASE.jar:5.3.2.RELEASE]
	at org.springframework.security.web.FilterChainProxy$VirtualFilterChain.doFilter(FilterChainProxy.java:334) ~[spring-security-web-5.3.2.RELEASE.jar:5.3.2.RELEASE]
	at org.springframework.security.web.csrf.CsrfFilter.doFilterInternal(CsrfFilter.java:141) ~[spring-security-web-5.3.2.RELEASE.jar:5.3.2.RELEASE]
	at org.springframework.web.filter.OncePerRequestFilter.doFilter(OncePerRequestFilter.java:119) ~[spring-web-5.2.6.RELEASE.jar:5.2.6.RELEASE]
	at org.springframework.security.web.FilterChainProxy$VirtualFilterChain.doFilter(FilterChainProxy.java:334) ~[spring-security-web-5.3.2.RELEASE.jar:5.3.2.RELEASE]
	at org.springframework.security.web.header.HeaderWriterFilter.doHeadersAfter(HeaderWriterFilter.java:92) ~[spring-security-web-5.3.2.RELEASE.jar:5.3.2.RELEASE]
	at org.springframework.security.web.header.HeaderWriterFilter.doFilterInternal(HeaderWriterFilter.java:77) ~[spring-security-web-5.3.2.RELEASE.jar:5.3.2.RELEASE]
	at org.springframework.web.filter.OncePerRequestFilter.doFilter(OncePerRequestFilter.java:119) ~[spring-web-5.2.6.RELEASE.jar:5.2.6.RELEASE]
	at org.springframework.security.web.FilterChainProxy$VirtualFilterChain.doFilter(FilterChainProxy.java:334) ~[spring-security-web-5.3.2.RELEASE.jar:5.3.2.RELEASE]
	at org.springframework.security.web.context.SecurityContextPersistenceFilter.doFilter(SecurityContextPersistenceFilter.java:105) ~[spring-security-web-5.3.2.RELEASE.jar:5.3.2.RELEASE]
	at org.springframework.security.web.FilterChainProxy$VirtualFilterChain.doFilter(FilterChainProxy.java:334) ~[spring-security-web-5.3.2.RELEASE.jar:5.3.2.RELEASE]
	at org.springframework.security.web.context.request.async.WebAsyncManagerIntegrationFilter.doFilterInternal(WebAsyncManagerIntegrationFilter.java:56) ~[spring-security-web-5.3.2.RELEASE.jar:5.3.2.RELEASE]
	at org.springframework.web.filter.OncePerRequestFilter.doFilter(OncePerRequestFilter.java:119) ~[spring-web-5.2.6.RELEASE.jar:5.2.6.RELEASE]
	at org.springframework.security.web.FilterChainProxy$VirtualFilterChain.doFilter(FilterChainProxy.java:334) ~[spring-security-web-5.3.2.RELEASE.jar:5.3.2.RELEASE]
	at org.springframework.security.web.FilterChainProxy.doFilterInternal(FilterChainProxy.java:215) ~[spring-security-web-5.3.2.RELEASE.jar:5.3.2.RELEASE]
	at org.springframework.security.web.FilterChainProxy.doFilter(FilterChainProxy.java:178) ~[spring-security-web-5.3.2.RELEASE.jar:5.3.2.RELEASE]
	at org.springframework.web.filter.DelegatingFilterProxy.invokeDelegate(DelegatingFilterProxy.java:358) ~[spring-web-5.2.6.RELEASE.jar:5.2.6.RELEASE]
	at org.springframework.web.filter.DelegatingFilterProxy.doFilter(DelegatingFilterProxy.java:271) ~[spring-web-5.2.6.RELEASE.jar:5.2.6.RELEASE]
	at org.apache.catalina.core.ApplicationFilterChain.internalDoFilter(ApplicationFilterChain.java:193) ~[tomcat-embed-core-9.0.35.jar:9.0.35]
	at org.apache.catalina.core.ApplicationFilterChain.doFilter(ApplicationFilterChain.java:166) ~[tomcat-embed-core-9.0.35.jar:9.0.35]
	at org.springframework.web.filter.RequestContextFilter.doFilterInternal(RequestContextFilter.java:100) ~[spring-web-5.2.6.RELEASE.jar:5.2.6.RELEASE]
	at org.springframework.web.filter.OncePerRequestFilter.doFilter(OncePerRequestFilter.java:119) ~[spring-web-5.2.6.RELEASE.jar:5.2.6.RELEASE]
	at org.apache.catalina.core.ApplicationFilterChain.internalDoFilter(ApplicationFilterChain.java:193) ~[tomcat-embed-core-9.0.35.jar:9.0.35]
	at org.apache.catalina.core.ApplicationFilterChain.doFilter(ApplicationFilterChain.java:166) ~[tomcat-embed-core-9.0.35.jar:9.0.35]
	at org.springframework.web.filter.FormContentFilter.doFilterInternal(FormContentFilter.java:93) ~[spring-web-5.2.6.RELEASE.jar:5.2.6.RELEASE]
	at org.springframework.web.filter.OncePerRequestFilter.doFilter(OncePerRequestFilter.java:119) ~[spring-web-5.2.6.RELEASE.jar:5.2.6.RELEASE]
	at org.apache.catalina.core.ApplicationFilterChain.internalDoFilter(ApplicationFilterChain.java:193) ~[tomcat-embed-core-9.0.35.jar:9.0.35]
	at org.apache.catalina.core.ApplicationFilterChain.doFilter(ApplicationFilterChain.java:166) ~[tomcat-embed-core-9.0.35.jar:9.0.35]
	at org.springframework.web.filter.CharacterEncodingFilter.doFilterInternal(CharacterEncodingFilter.java:201) ~[spring-web-5.2.6.RELEASE.jar:5.2.6.RELEASE]
	at org.springframework.web.filter.OncePerRequestFilter.doFilter(OncePerRequestFilter.java:119) ~[spring-web-5.2.6.RELEASE.jar:5.2.6.RELEASE]
	at org.apache.catalina.core.ApplicationFilterChain.internalDoFilter(ApplicationFilterChain.java:193) ~[tomcat-embed-core-9.0.35.jar:9.0.35]
	at org.apache.catalina.core.ApplicationFilterChain.doFilter(ApplicationFilterChain.java:166) ~[tomcat-embed-core-9.0.35.jar:9.0.35]
	at org.apache.catalina.core.StandardWrapperValve.invoke(StandardWrapperValve.java:202) ~[tomcat-embed-core-9.0.35.jar:9.0.35]
	at org.apache.catalina.core.StandardContextValve.invoke(StandardContextValve.java:96) ~[tomcat-embed-core-9.0.35.jar:9.0.35]
	at org.apache.catalina.authenticator.AuthenticatorBase.invoke(AuthenticatorBase.java:541) ~[tomcat-embed-core-9.0.35.jar:9.0.35]
	at org.apache.catalina.core.StandardHostValve.invoke(StandardHostValve.java:139) ~[tomcat-embed-core-9.0.35.jar:9.0.35]
	at org.apache.catalina.valves.ErrorReportValve.invoke(ErrorReportValve.java:92) ~[tomcat-embed-core-9.0.35.jar:9.0.35]
	at org.apache.catalina.core.StandardEngineValve.invoke(StandardEngineValve.java:74) ~[tomcat-embed-core-9.0.35.jar:9.0.35]
	at org.apache.catalina.connector.CoyoteAdapter.service(CoyoteAdapter.java:343) ~[tomcat-embed-core-9.0.35.jar:9.0.35]
	at org.apache.coyote.http11.Http11Processor.service(Http11Processor.java:373) ~[tomcat-embed-core-9.0.35.jar:9.0.35]
	at org.apache.coyote.AbstractProcessorLight.process(AbstractProcessorLight.java:65) ~[tomcat-embed-core-9.0.35.jar:9.0.35]
	at org.apache.coyote.AbstractProtocol$ConnectionHandler.process(AbstractProtocol.java:868) ~[tomcat-embed-core-9.0.35.jar:9.0.35]
	at org.apache.tomcat.util.net.NioEndpoint$SocketProcessor.doRun(NioEndpoint.java:1590) ~[tomcat-embed-core-9.0.35.jar:9.0.35]
	at org.apache.tomcat.util.net.SocketProcessorBase.run(SocketProcessorBase.java:49) ~[tomcat-embed-core-9.0.35.jar:9.0.35]
	at java.base/java.util.concurrent.ThreadPoolExecutor.runWorker(ThreadPoolExecutor.java:1136) ~[na:na]
	at java.base/java.util.concurrent.ThreadPoolExecutor$Worker.run(ThreadPoolExecutor.java:635) ~[na:na]
	at org.apache.tomcat.util.threads.TaskThread$WrappingRunnable.run(TaskThread.java:61) ~[tomcat-embed-core-9.0.35.jar:9.0.35]
	at java.base/java.lang.Thread.run(Thread.java:840) ~[na:na]

2025-09-11 21:57:47.261  INFO 11487 --- [SpringContextShutdownHook] j.LocalContainerEntityManagerFactoryBean : Closing JPA EntityManagerFactory for persistence unit 'default'
2025-09-11 21:57:47.263 TRACE 11487 --- [SpringContextShutdownHook] o.h.type.spi.TypeConfiguration$Scope     : Handling #sessionFactoryClosed from [org.hibernate.internal.SessionFactoryImpl@1db3e2a8] for TypeConfiguration
2025-09-11 21:57:47.263 DEBUG 11487 --- [SpringContextShutdownHook] o.h.type.spi.TypeConfiguration$Scope     : Un-scoping TypeConfiguration [org.hibernate.type.spi.TypeConfiguration$Scope@2c06263b] from SessionFactory [org.hibernate.internal.SessionFactoryImpl@1db3e2a8]
2025-09-11 21:57:47.264  INFO 11487 --- [SpringContextShutdownHook] o.s.s.concurrent.ThreadPoolTaskExecutor  : Shutting down ExecutorService 'applicationTaskExecutor'
2025-09-11 21:57:47.265  INFO 11487 --- [SpringContextShutdownHook] com.zaxxer.hikari.HikariDataSource       : HikariPool-1 - Shutdown initiated...
2025-09-11 21:57:47.271  INFO 11487 --- [SpringContextShutdownHook] com.zaxxer.hikari.HikariDataSource       : HikariPool-1 - Shutdown completed.
